-- MySQL dump 10.13  Distrib 5.7.28, for Win64 (x86_64)
--
-- Host: 127.0.0.1    Database: ry-vue
-- ------------------------------------------------------
-- Server version	8.0.31

/*!40101 SET @OLD_CHARACTER_SET_CLIENT=@@CHARACTER_SET_CLIENT */;
/*!40101 SET @OLD_CHARACTER_SET_RESULTS=@@CHARACTER_SET_RESULTS */;
/*!40101 SET @OLD_COLLATION_CONNECTION=@@COLLATION_CONNECTION */;
/*!40101 SET NAMES utf8mb4 */;
/*!40103 SET @OLD_TIME_ZONE=@@TIME_ZONE */;
/*!40103 SET TIME_ZONE='+00:00' */;
/*!40014 SET @OLD_UNIQUE_CHECKS=@@UNIQUE_CHECKS, UNIQUE_CHECKS=0 */;
/*!40014 SET @OLD_FOREIGN_KEY_CHECKS=@@FOREIGN_KEY_CHECKS, FOREIGN_KEY_CHECKS=0 */;
/*!40101 SET @OLD_SQL_MODE=@@SQL_MODE, SQL_MODE='NO_AUTO_VALUE_ON_ZERO' */;
/*!40111 SET @OLD_SQL_NOTES=@@SQL_NOTES, SQL_NOTES=0 */;

--
-- Table structure for table `ar_application_configuration`
--

DROP TABLE IF EXISTS `ar_application_configuration`;
/*!40101 SET @saved_cs_client     = @@character_set_client */;
/*!40101 SET character_set_client = utf8 */;
CREATE TABLE `ar_application_configuration` (
  `id` int NOT NULL AUTO_INCREMENT,
  `trigger_method` varchar(255) NOT NULL,
  `display_method` varchar(255) NOT NULL,
  `screen_resolution` varchar(50) NOT NULL,
  `video_resolution` varchar(50) NOT NULL,
  `privacy_settings` varchar(50) NOT NULL,
  `app_id` int NOT NULL,
  `created_at` timestamp NULL DEFAULT CURRENT_TIMESTAMP,
  PRIMARY KEY (`id`)
) ENGINE=InnoDB AUTO_INCREMENT=2 DEFAULT CHARSET=utf8mb4 COLLATE=utf8mb4_0900_ai_ci;
/*!40101 SET character_set_client = @saved_cs_client */;

--
-- Dumping data for table `ar_application_configuration`
--

LOCK TABLES `ar_application_configuration` WRITE;
/*!40000 ALTER TABLE `ar_application_configuration` DISABLE KEYS */;
/*!40000 ALTER TABLE `ar_application_configuration` ENABLE KEYS */;
UNLOCK TABLES;

--
-- Table structure for table `ar_applications`
--

DROP TABLE IF EXISTS `ar_applications`;
/*!40101 SET @saved_cs_client     = @@character_set_client */;
/*!40101 SET character_set_client = utf8 */;
CREATE TABLE `ar_applications` (
  `ApplicationID` int NOT NULL AUTO_INCREMENT,
  `Name` varchar(255) NOT NULL,
  `Description` text,
  `Version` varchar(50) NOT NULL,
  `ReleaseDate` date DEFAULT NULL,
  PRIMARY KEY (`ApplicationID`),
  UNIQUE KEY `Version` (`Version`)
) ENGINE=InnoDB DEFAULT CHARSET=utf8mb4 COLLATE=utf8mb4_0900_ai_ci;
/*!40101 SET character_set_client = @saved_cs_client */;

--
-- Dumping data for table `ar_applications`
--

LOCK TABLES `ar_applications` WRITE;
/*!40000 ALTER TABLE `ar_applications` DISABLE KEYS */;
/*!40000 ALTER TABLE `ar_applications` ENABLE KEYS */;
UNLOCK TABLES;

--
-- Table structure for table `ar_content`
--

DROP TABLE IF EXISTS `ar_content`;
/*!40101 SET @saved_cs_client     = @@character_set_client */;
/*!40101 SET character_set_client = utf8 */;
CREATE TABLE `ar_content` (
  `ar_content_id` int NOT NULL AUTO_INCREMENT,
  `name` varchar(255) CHARACTER SET utf8mb4 COLLATE utf8mb4_0900_ai_ci NOT NULL,
  `category` varchar(255) CHARACTER SET utf8mb4 COLLATE utf8mb4_0900_ai_ci NOT NULL,
  `file_url` varchar(500) CHARACTER SET utf8mb4 COLLATE utf8mb4_0900_ai_ci NOT NULL,
  `description` text CHARACTER SET utf8mb4 COLLATE utf8mb4_0900_ai_ci NOT NULL,
  `usage_status` varchar(50) CHARACTER SET utf8mb4 COLLATE utf8mb4_0900_ai_ci DEFAULT '0',
  `qr_code_id` int DEFAULT NULL,
  PRIMARY KEY (`ar_content_id`) USING BTREE,
  KEY `qr_code_id` (`qr_code_id`) USING BTREE,
  CONSTRAINT `ar_content_ibfk_1` FOREIGN KEY (`qr_code_id`) REFERENCES `qr_code` (`qr_code_id`) ON DELETE RESTRICT ON UPDATE RESTRICT
) ENGINE=InnoDB AUTO_INCREMENT=45328 DEFAULT CHARSET=utf8mb4 COLLATE=utf8mb4_0900_ai_ci ROW_FORMAT=DYNAMIC;
/*!40101 SET character_set_client = @saved_cs_client */;

--
-- Dumping data for table `ar_content`
--

LOCK TABLES `ar_content` WRITE;
/*!40000 ALTER TABLE `ar_content` DISABLE KEYS */;
INSERT INTO `ar_content` VALUES (1,'原料上料机器人','视频','/data/videos/equipment/原料上料机器人.mp4','原料上料机器人内置三维视觉定位系统，准确地将原料包搬运至投料口。','1',24),(2,'混料机','视频','/data/videos/equipment/混料机.mp4','混料机用于混合不同的原料。原料分粉料和液体料两种，分别输送至混料机入料口，然后进行混料处理。','1',23),(3,'粉料储存罐','视频','/data/videos/equipment/粉料储存罐.mp4','粉料储存罐简称料筒，共配置5个料筒，用于储存混合完成的5种粉料。','1',22),(18,'捏合区下料机器人','视频','/data/videos/equipment/捏合区下料机器人.mp4','捏合区下料机器人抓取泥坯料，将其放置于泥坯料箱。料箱装满后，机器人将料箱盖子盖上，再由AGV小车将泥坯料箱运走。','1',27),(19,'捏合设备','视频','/data/videos/equipment/捏合设备.mp4','捏合设备将混合泥料捏合成型，由传送带运输至切断机构，切割成相同长度的泥棒料。','1',28),(20,'挤出设备','视频','/data/videos/equipment/挤出设备.mp4','挤出设备将输入的泥棒料挤出成为陶瓷膜片，并按规定的尺寸切成多段。','1',25),(21,'皮带输送线','视频','/data/videos/equipment/皮带输送线.mp4','输送系统将毛毡板和陶瓷膜片输送至膜片对接位，在毛毡板和陶瓷膜片叠加后，继续往前输送至指定的下料抓取区域。','1',26),(22,'毛毡板膜片下料机器人','视频','/data/videos/equipment/毛毡板膜片下料机器人.mp4','毛毡板膜片由毛毡板和陶瓷膜片组成，毛毡板起到防粘结和缓冲等作用。从输送线出来后，毛毡板膜片下料机器人将其插取至膜片料架。','1',31),(23,'膜片下料机器人','视频','/data/videos/equipment/膜片下料机器人.mp4','膜片下料机器人配备膜片上下料夹具。负责从料架上叉取膜片，并移动膜片到激光打标机打标，再将打标好的膜片移动到承烧板定置位。','1',31),(24,'装卸窑机器人','视频','/data/videos/equipment/装卸窑机器人.mp4','装卸窑机器人将膜片与承烧板整体叉取并搬运至窑车。待膜片烧制完成后，由装卸窑机器人将烧制好的膜片与承烧板整体叉取到定置位。','1',33),(25,'窑车','视频','/data/videos/equipment/窑车.mp4','窑车耐高温，负责装载和运送陶瓷膜片。窑车将膜片与承烧板整体运载到窑炉里烧制。烧制完成后，再将膜片与承烧板整体从窑炉运出。','1',32),(26,'切割设备','视频','/data/videos/equipment/切割设备.mp4','切割陶瓷膜片的自动化机械设备。切割设备将膜片切割成600mm±1mm的长度。','1',30),(27,'成品输送线','视频','/data/videos/equipment/成品输送线.mp4','经过多道工序和检测后，得到陶瓷膜片成品。成品经输送线传输至包装工位，由人工进行包装。','1',21),(28,'挤出区上料机器人','视频','/data/videos/equipment/挤出区上料机器人.mp4','挤出区上料机器人将泥棒料放进挤出设备，泥棒料在挤出设备中被加工成陶瓷膜片。','1',24),(29,'原料区','视频','/data/videos/partitioning/挤出区上料机器人.mp4','原料区用于堆放原料包。叉车将整托原料从货车上搬运至原料存放货架。生产时，由叉车将粉料运至原料上料机器人定置位。','1',20),(30,'混料区','视频','/data/videos/partitioning/原料区.mp4','原料上料机器人将原料包搬运至投料口，人工将液体料投入料筒。粉料和液体料被自动输送至混料机。最终，在混料机中搅拌均匀。','1',16),(31,'挤出区','视频','/data/videos/partitioning/挤出区.mp4','上料机器人从泥胚料箱里抓取泥胚，投放到挤出机入料口。挤出机挤出陶瓷膜片，由皮带输送线往前输送。同时，毛毡板输送系统将毛毡板运至膜片对接位，承接膜片，叠加为毛毡板膜片后，跟随输送线到达下料位置。下料机器人将毛毡板膜片插取至膜片料架。料架放满后，由AGV自动搬运至干燥间。','1',17),(32,'烧成区','视频','/data/videos/partitioning/烧成区.mp4','陶瓷膜片在烧成区的窑炉内烧制。下料机器人将毛毡板膜片叉取至叠板机，然后将膜片吸取到激光打标机，打标后的膜片被放置到承烧板。装卸窑机器人将承烧板搬运至窑车。装载完成后，窑车进入窑炉烧制。烧制4天，窑车出炉，装卸窑机器人把烧制好的膜片叉取到定置位。','1',19),(33,'干燥区','视频','/data/videos/partitioning/干燥区.mp4','装满膜片的料架由AGV小车搬运至干燥间，自然干燥4天，再运至窑炉烧制。','1',14),(34,'检测区','视频','/data/videos/partitioning/检测区.mp4','膜片下料机器人将陶瓷膜片搬运到转运输送线上，通过检测设备自动检测瑕疵品。瑕疵品由机械手抓取至料箱缓存，合格的膜片向下一个工位输送。','1',NULL),(35,'切割区','视频','/data/videos/partitioning/切割区.mp4','经机器检测合格的膜片输送至切割区，由自动切割机切割为600毫米长度。切割完成后，运送至自动除尘设备和人工检测区。','1',18),(36,'包装区','视频','/data/videos/partitioning/包装区.mp4','成品陶瓷膜片由输送线送至包装区，通过人工将成品膜片进行包装处理。','0',12),(37,'仓储区','视频','/data/videos/partitioning/仓储区.mp4','仓储区负责产品库存和出入库管理。','0',13),(38,'原料上料机器人','图文','/data/images/equipment//原料上料机器人.png','原料上料机器人的图文介绍','1',24),(39,'混料机','图文','/data/images/equipment/混料机.png','混料机的图文介绍','1',23),(40,'粉料储存罐','图文','/data/images/equipment/粉料储存罐.png','粉料储存罐的图文介绍','1',23),(41,'捏合区下料机器人','图文','/data/images/equipment/捏合区下料机器人.png','捏合区下料机器人的图文介绍','1',27),(42,'捏合设备','图文','/data/images/equipment/捏合设备.png','捏合设备的图文介绍','1',28),(43,'挤出设备','图文','/data/images/equipment/挤出设备.png','挤出设备的图文介绍','1',25),(44,'皮带输送线','图文','/data/images/equipment/皮带输送线.png','皮带输送线的图文介绍','1',21),(45,'毛毡板膜片下料机器人','图文','/data/images/equipment/毛毡板膜片下料机器人.png','毛毡板膜片下料机器人的图文介绍','1',31),(46,'膜片下料机器人','图文','/data/images/equipment/膜片下料机器人.png','膜片下料机器人的图文介绍','1',31),(47,'装卸窑机器人','图文','/data/images/equipment/装卸窑机器人.png','装卸窑机器人的图文介绍','1',33),(48,'窑车','图文','/data/images/equipment/窑车.png','窑车的图文介绍','1',32),(49,'切割设备','图文','/data/images/equipment/切割设备.png','切割设备的图文介绍','1',30),(50,'成品输送线','图文','/data/images/equipment/成品输送线.png','成品输送线的图文介绍','1',21),(51,'挤出区上料机器人','图文','/data/images/equipment/挤出区上料机器人.png','挤出区上料机器人的图文介绍','1',24),(52,'原料区','图文','/data/images/partitioning/挤出区上料机器人.png','原料区的图文介绍','1',20),(53,'混料区','图文','/data/images/partitioning/原料区.png','混料区的图文介绍','1',16),(54,'挤出区','图文','/data/images/partitioning/挤出区.png','挤出区的图文介绍','1',17),(55,'烧成区','图文','/data/images/partitioning/烧成区.png','烧成区的图文介绍','1',19),(56,'干燥区','图文','/data/images/partitioning/干燥区.png','干燥区的图文介绍','1',14),(57,'检测区','图文','/data/images/partitioning/检测区.png','检测区的图文介绍','1',NULL),(58,'切割区','图文','/data/images/partitioning/切割区.png','切割区的图文介绍','1',18),(59,'包装区','图文','/data/images/partitioning/包装区.png','包装区的图文介绍','1',12),(60,'仓储区','图文','/data/images/partitioning/仓储区.png','仓储区的图文介绍','1',13),(61,'原料上料机器人','音频','/data/audios/equipment//原料上料机器人.MP4','原料上料机器人的音频介绍','1',24),(62,'混料机','音频','/data/audios/equipment/混料机.MP4','混料机的音频介绍','1',23),(63,'粉料储存罐','音频','/data/audios/equipment/粉料储存罐.MP4','粉料储存罐的音频介绍','1',22),(64,'捏合区下料机器人','音频','/data/audios/equipment/捏合区下料机器人.MP4','捏合区下料机器人的音频介绍','1',27),(65,'捏合设备','音频','/data/audios/equipment/捏合设备.MP4','捏合设备的音频介绍','1',28),(66,'挤出设备','音频','/data/audios/equipment/挤出设备.MP4','挤出设备的音频介绍','1',25),(67,'皮带输送线','音频','/data/audios/equipment/皮带输送线.MP4','皮带输送线的音频介绍','1',26),(68,'毛毡板膜片下料机器人','音频','/data/audios/equipment/毛毡板膜片下料机器人.MP4','毛毡板膜片下料机器人的音频介绍','1',31),(69,'膜片下料机器人','音频','/data/audios/equipment/膜片下料机器人.MP4','膜片下料机器人的音频介绍','1',31),(70,'装卸窑机器人','音频','/data/audios/equipment/装卸窑机器人.MP4','装卸窑机器人的音频介绍','1',33),(71,'窑车','音频','/data/audios/equipment/窑车.MP4','窑车的音频介绍','1',32),(72,'切割设备','音频','/data/audios/equipment/切割设备.MP4','切割设备的音频介绍','1',30),(73,'成品输送线','音频','/data/audios/equipment/成品输送线.MP4','成品输送线的音频介绍','1',21),(74,'挤出区上料机器人','音频','/data/audios/equipment/挤出区上料机器人.MP4','挤出区上料机器人的音频介绍','1',24),(75,'原料区','音频','/data/audios/partitioning/挤出区上料机器人.MP4','原料区的音频介绍','1',20),(76,'混料区','音频','/data/audios/partitioning/原料区.MP4','混料区的音频介绍','1',16),(77,'挤出区','音频','/data/audios/partitioning/挤出区.MP4','挤出区的音频介绍','1',17),(78,'烧成区','音频','/data/audios/partitioning/烧成区.MP4','烧成区的音频介绍','1',19),(79,'干燥区','音频','/data/audios/partitioning/干燥区.MP4','干燥区的音频介绍','1',14),(80,'检测区','音频','/data/audios/partitioning/检测区.MP4','检测区的音频介绍','1',NULL),(81,'切割区','音频','/data/audios/partitioning/切割区.MP4','切割区的音频介绍','1',18),(82,'包装区','音频','/data/audios/partitioning/包装区.MP4','包装区的音频介绍','1',12),(83,'仓储区','音频','/data/audios/partitioning/仓储区.MP4','仓储区的音频介绍','1',13);
/*!40000 ALTER TABLE `ar_content` ENABLE KEYS */;
UNLOCK TABLES;

--
-- Table structure for table `cooperation_case`
--

DROP TABLE IF EXISTS `cooperation_case`;
/*!40101 SET @saved_cs_client     = @@character_set_client */;
/*!40101 SET character_set_client = utf8 */;
CREATE TABLE `cooperation_case` (
  `case_id` int NOT NULL AUTO_INCREMENT,
  `case_name` varchar(255) CHARACTER SET utf8mb4 COLLATE utf8mb4_0900_ai_ci DEFAULT NULL,
  `cooperation_unit` varchar(255) CHARACTER SET utf8mb4 COLLATE utf8mb4_0900_ai_ci DEFAULT NULL,
  `description` text CHARACTER SET utf8mb4 COLLATE utf8mb4_0900_ai_ci,
  PRIMARY KEY (`case_id`) USING BTREE
) ENGINE=InnoDB AUTO_INCREMENT=7 DEFAULT CHARSET=utf8mb4 COLLATE=utf8mb4_0900_ai_ci ROW_FORMAT=DYNAMIC;
/*!40101 SET character_set_client = @saved_cs_client */;

--
-- Dumping data for table `cooperation_case`
--

LOCK TABLES `cooperation_case` WRITE;
/*!40000 ALTER TABLE `cooperation_case` DISABLE KEYS */;
INSERT INTO `cooperation_case` VALUES (6,'板式陶瓷膜工厂数字孪生项目','粤海集团','无');
/*!40000 ALTER TABLE `cooperation_case` ENABLE KEYS */;
UNLOCK TABLES;

--
-- Table structure for table `device`
--

DROP TABLE IF EXISTS `device`;
/*!40101 SET @saved_cs_client     = @@character_set_client */;
/*!40101 SET character_set_client = utf8 */;
CREATE TABLE `device` (
  `device_number` int NOT NULL AUTO_INCREMENT,
  `name` varchar(100) CHARACTER SET utf8mb4 COLLATE utf8mb4_0900_ai_ci NOT NULL,
  `description` varchar(255) CHARACTER SET utf8mb4 COLLATE utf8mb4_0900_ai_ci DEFAULT NULL,
  `status` varchar(255) DEFAULT NULL,
  `qr_code_number` int DEFAULT NULL,
  `factory_number` int DEFAULT NULL,
  PRIMARY KEY (`device_number`) USING BTREE,
  UNIQUE KEY `device_name_uindex` (`name`) USING BTREE,
  KEY `qr_code_id` (`qr_code_number`) USING BTREE,
  KEY `factory_id` (`factory_number`) USING BTREE,
  CONSTRAINT `device_ibfk_1` FOREIGN KEY (`qr_code_number`) REFERENCES `qr_code` (`qr_code_id`) ON DELETE RESTRICT ON UPDATE RESTRICT,
  CONSTRAINT `device_ibfk_2` FOREIGN KEY (`factory_number`) REFERENCES `factory` (`factory_id`) ON DELETE RESTRICT ON UPDATE RESTRICT
) ENGINE=InnoDB AUTO_INCREMENT=31 DEFAULT CHARSET=utf8mb4 COLLATE=utf8mb4_0900_ai_ci ROW_FORMAT=DYNAMIC;
/*!40101 SET character_set_client = @saved_cs_client */;

--
-- Dumping data for table `device`
--

LOCK TABLES `device` WRITE;
/*!40000 ALTER TABLE `device` DISABLE KEYS */;
INSERT INTO `device` VALUES (17,'原料上料机器人','用于搬运原料的机器人。通过三维视觉等定位系统进行定位后，原料上料机器人将原料逐包搬运至原料定量输送系统的投料口。','0',24,8),(18,'混料机','用于混合不同原料的设备。将粉料按照设置的配比参数输送至混料机入料口，液体料由人工从输料管放入料桶按照设定的定量参数自动输送至混料机入料口。','0',23,8),(19,'粉料储存罐','用于储存混合完成的原料，也称料筒。粉料缓存罐有4个，分别对应4种粉料。','0',22,8),(20,'捏合区下料机器人','六自由度抓取机器人。机器人部署在捏合设备出口，负责抓取泥坯料并放到泥坯料箱。料箱装满后，机器人将料箱盖子盖上，再由AGV小车将泥坯料箱运走。','0',27,8),(21,'捏合设备','将原料捏合成泥坯材料的设备。捏合设备将投送过来的混合泥料捏合成泥坯材料，通过传送带依次将捏合的材料输出。','0',28,8),(22,'挤出设备','陶瓷膜片挤出设备。负责可将入料口处的泥胚挤出成陶瓷膜片，按设计尺寸切成多段。','0',25,8),(23,'皮带输送线','输送物料的设备。根据应用需求，可以将毛毡板和切好的膜片输送至膜片对接位，在汇合处毛毡板完成膜片承接，然后输送毛毡板和膜片至指定下料抓取区域。','0',21,8),(24,'毛毡板膜片下料机器人','五自由度机械臂根据应用需求，可将毛毡板和膜片从下料区域整体插取至膜片料架进行存放。','0',31,8),(25,'膜片下料机器人','六自由度机械臂。膜片下料机器人配备膜片上下料夹具。负责从料架上叉取膜片，并移动膜片到激光打标机打标，再将打标好的膜片移动到承烧板定置位。','0',31,8),(26,'装卸窑机器人','六自由度机械臂。装卸窑机器人将膜片与承烧板整体叉取并搬运至窑车。待膜片烧制完成后，由装卸窑机器人将烧制好的膜片与承烧板整体叉取到定置位。','0',33,8),(27,'窑车','装载并移动陶瓷膜片进行烧制的移动装置。负责将膜片与承烧板整体运载到窑炉进行烧制。烧制完成后，再将膜片与承烧板整体从窑炉运出至窑车定置位。','0',32,8),(28,'切割设备','切割陶瓷膜片的自动化机械设备。切割设备将膜片切割成600mm±1mm的长度。','0',30,8),(29,'成品输送线','运输成品膜片的设备。在各种加工和检测后得到最终产品，人工在输送线上包装产品。','0',21,8),(30,'挤出区上料机器人','挤出区上料机器人将泥棒料放进挤出设备，泥棒料在挤出设备中被加工成陶瓷膜片。','',24,8);
/*!40000 ALTER TABLE `device` ENABLE KEYS */;
UNLOCK TABLES;

--
-- Table structure for table `device_association`
--

DROP TABLE IF EXISTS `device_association`;
/*!40101 SET @saved_cs_client     = @@character_set_client */;
/*!40101 SET character_set_client = utf8 */;
CREATE TABLE `device_association` (
  `qr_code_id` int NOT NULL AUTO_INCREMENT,
  `qr_code_name` varchar(255) NOT NULL,
  `qr_code` text NOT NULL,
  `usage_status` varchar(50) DEFAULT NULL,
  PRIMARY KEY (`qr_code_id`)
) ENGINE=InnoDB DEFAULT CHARSET=utf8mb4 COLLATE=utf8mb4_0900_ai_ci;
/*!40101 SET character_set_client = @saved_cs_client */;

--
-- Dumping data for table `device_association`
--

LOCK TABLES `device_association` WRITE;
/*!40000 ALTER TABLE `device_association` DISABLE KEYS */;
/*!40000 ALTER TABLE `device_association` ENABLE KEYS */;
UNLOCK TABLES;

--
-- Table structure for table `energy_consumption`
--

DROP TABLE IF EXISTS `energy_consumption`;
/*!40101 SET @saved_cs_client     = @@character_set_client */;
/*!40101 SET character_set_client = utf8 */;
CREATE TABLE `energy_consumption` (
  `id` int NOT NULL AUTO_INCREMENT,
  `energy_consumed` decimal(10,2) NOT NULL,
  `unit` varchar(50) CHARACTER SET utf8mb4 COLLATE utf8mb4_0900_ai_ci NOT NULL,
  `type` varchar(50) CHARACTER SET utf8mb4 COLLATE utf8mb4_0900_ai_ci NOT NULL,
  `year` int NOT NULL,
  `month` tinyint NOT NULL,
  `factory_id` varchar(50) CHARACTER SET utf8mb4 COLLATE utf8mb4_0900_ai_ci NOT NULL,
  PRIMARY KEY (`id`) USING BTREE
) ENGINE=InnoDB AUTO_INCREMENT=40 DEFAULT CHARSET=utf8mb4 COLLATE=utf8mb4_0900_ai_ci ROW_FORMAT=DYNAMIC;
/*!40101 SET character_set_client = @saved_cs_client */;

--
-- Dumping data for table `energy_consumption`
--

LOCK TABLES `energy_consumption` WRITE;
/*!40000 ALTER TABLE `energy_consumption` DISABLE KEYS */;
INSERT INTO `energy_consumption` VALUES (3,3000.00,'立方米','1',2024,1,'8'),(4,18000.00,'度','2',2024,1,'8'),(5,1200.00,'吨','0',2024,1,'8'),(7,1150.00,'吨','0',2024,2,'8'),(8,17500.00,'度','0',2024,2,'8'),(9,2800.00,'立方米','0',2024,2,'8'),(10,1250.00,'吨','0',2024,3,'8'),(11,18500.00,'度','0',2024,3,'8'),(12,3200.00,'立方米','0',2024,3,'8'),(13,1220.00,'吨','0',2024,4,'8'),(14,18200.00,'度','0',2024,4,'8'),(15,3100.00,'立方米','0',2024,4,'8'),(16,1180.00,'吨','0',2024,5,'8'),(17,17800.00,'度','0',2024,5,'8'),(18,2900.00,'立方米','0',2024,5,'8'),(19,1230.00,'吨','0',2024,6,'8'),(20,18300.00,'度','0',2024,6,'8'),(21,3150.00,'立方米','0',2024,6,'8'),(22,1210.00,'吨','0',2024,7,'8'),(23,18100.00,'度','0',2024,7,'8'),(24,3050.00,'立方米','0',2024,7,'8'),(25,1190.00,'吨','0',2024,8,'8'),(26,17900.00,'度','0',2024,8,'8'),(27,2950.00,'立方米','0',2024,8,'8'),(28,1240.00,'吨','0',2024,9,'8'),(29,18400.00,'度','0',2024,9,'8'),(30,3200.00,'立方米','0',2024,9,'8'),(31,1200.00,'吨','0',2024,10,'8'),(32,18000.00,'度','0',2024,10,'8'),(33,3000.00,'立方米','0',2024,10,'8'),(34,1160.00,'吨','0',2024,11,'8'),(35,17600.00,'度','0',2024,11,'8'),(36,2850.00,'立方米','0',2024,11,'8'),(37,1220.00,'吨','0',2024,12,'8'),(38,18200.00,'度','0',2024,12,'8'),(39,3100.00,'立方米','0',2024,12,'8');
/*!40000 ALTER TABLE `energy_consumption` ENABLE KEYS */;
UNLOCK TABLES;

--
-- Table structure for table `equipment`
--

DROP TABLE IF EXISTS `equipment`;
/*!40101 SET @saved_cs_client     = @@character_set_client */;
/*!40101 SET character_set_client = utf8 */;
CREATE TABLE `equipment` (
  `equipment_id` int NOT NULL AUTO_INCREMENT,
  `name` varchar(255) CHARACTER SET utf8mb4 COLLATE utf8mb4_0900_ai_ci NOT NULL,
  `description` text CHARACTER SET utf8mb4 COLLATE utf8mb4_0900_ai_ci,
  `equipment_status` varchar(50) CHARACTER SET utf8mb4 COLLATE utf8mb4_0900_ai_ci DEFAULT NULL,
  `qr_code_id` int DEFAULT NULL,
  `factory_id` int DEFAULT NULL,
  PRIMARY KEY (`equipment_id`) USING BTREE
) ENGINE=InnoDB DEFAULT CHARSET=utf8mb4 COLLATE=utf8mb4_0900_ai_ci ROW_FORMAT=DYNAMIC;
/*!40101 SET character_set_client = @saved_cs_client */;

--
-- Dumping data for table `equipment`
--

LOCK TABLES `equipment` WRITE;
/*!40000 ALTER TABLE `equipment` DISABLE KEYS */;
/*!40000 ALTER TABLE `equipment` ENABLE KEYS */;
UNLOCK TABLES;

--
-- Table structure for table `factory`
--

DROP TABLE IF EXISTS `factory`;
/*!40101 SET @saved_cs_client     = @@character_set_client */;
/*!40101 SET character_set_client = utf8 */;
CREATE TABLE `factory` (
  `factory_id` int NOT NULL AUTO_INCREMENT,
  `name` varchar(255) CHARACTER SET utf8mb4 COLLATE utf8mb4_0900_ai_ci NOT NULL,
  `description` text CHARACTER SET utf8mb4 COLLATE utf8mb4_0900_ai_ci NOT NULL,
  `contact_person` varchar(255) CHARACTER SET utf8mb4 COLLATE utf8mb4_0900_ai_ci NOT NULL,
  `contact_phone` varchar(20) CHARACTER SET utf8mb4 COLLATE utf8mb4_0900_ai_ci NOT NULL,
  `address` varchar(255) CHARACTER SET utf8mb4 COLLATE utf8mb4_0900_ai_ci NOT NULL,
  PRIMARY KEY (`factory_id`) USING BTREE,
  UNIQUE KEY `factory_name_uindex` (`name`) USING BTREE
) ENGINE=InnoDB AUTO_INCREMENT=9 DEFAULT CHARSET=utf8mb4 COLLATE=utf8mb4_0900_ai_ci ROW_FORMAT=DYNAMIC;
/*!40101 SET character_set_client = @saved_cs_client */;

--
-- Dumping data for table `factory`
--

LOCK TABLES `factory` WRITE;
/*!40000 ALTER TABLE `factory` DISABLE KEYS */;
INSERT INTO `factory` VALUES (8,'粤海陶瓷膜片厂','专注于板式陶瓷膜片研发生产，采用氧化铝、氧化锆等高性能无机陶瓷材料，生产微滤（膜孔径 0.1 - 10 微米）和超滤（膜孔径 0.001 - 0.1 微米）等类型膜片，广泛应用于饮用水净化、生物制药等领域。','孔经理','13631380535','广东省佛山市南海区');
/*!40000 ALTER TABLE `factory` ENABLE KEYS */;
UNLOCK TABLES;

--
-- Table structure for table `gen_table`
--

DROP TABLE IF EXISTS `gen_table`;
/*!40101 SET @saved_cs_client     = @@character_set_client */;
/*!40101 SET character_set_client = utf8 */;
CREATE TABLE `gen_table` (
  `table_id` bigint NOT NULL AUTO_INCREMENT COMMENT '编号',
  `table_name` varchar(200) CHARACTER SET utf8mb4 COLLATE utf8mb4_0900_ai_ci DEFAULT '' COMMENT '表名称',
  `table_comment` varchar(500) CHARACTER SET utf8mb4 COLLATE utf8mb4_0900_ai_ci DEFAULT '' COMMENT '表描述',
  `sub_table_name` varchar(64) CHARACTER SET utf8mb4 COLLATE utf8mb4_0900_ai_ci DEFAULT NULL COMMENT '关联子表的表名',
  `sub_table_fk_name` varchar(64) CHARACTER SET utf8mb4 COLLATE utf8mb4_0900_ai_ci DEFAULT NULL COMMENT '子表关联的外键名',
  `class_name` varchar(100) CHARACTER SET utf8mb4 COLLATE utf8mb4_0900_ai_ci DEFAULT '' COMMENT '实体类名称',
  `tpl_category` varchar(200) CHARACTER SET utf8mb4 COLLATE utf8mb4_0900_ai_ci DEFAULT 'crud' COMMENT '使用的模板（crud单表操作 tree树表操作）',
  `tpl_web_type` varchar(30) CHARACTER SET utf8mb4 COLLATE utf8mb4_0900_ai_ci DEFAULT '' COMMENT '前端模板类型（element-ui模版 element-plus模版）',
  `package_name` varchar(100) CHARACTER SET utf8mb4 COLLATE utf8mb4_0900_ai_ci DEFAULT NULL COMMENT '生成包路径',
  `module_name` varchar(30) CHARACTER SET utf8mb4 COLLATE utf8mb4_0900_ai_ci DEFAULT NULL COMMENT '生成模块名',
  `business_name` varchar(30) CHARACTER SET utf8mb4 COLLATE utf8mb4_0900_ai_ci DEFAULT NULL COMMENT '生成业务名',
  `function_name` varchar(50) CHARACTER SET utf8mb4 COLLATE utf8mb4_0900_ai_ci DEFAULT NULL COMMENT '生成功能名',
  `function_author` varchar(50) CHARACTER SET utf8mb4 COLLATE utf8mb4_0900_ai_ci DEFAULT NULL COMMENT '生成功能作者',
  `gen_type` char(1) CHARACTER SET utf8mb4 COLLATE utf8mb4_0900_ai_ci DEFAULT '0' COMMENT '生成代码方式（0zip压缩包 1自定义路径）',
  `gen_path` varchar(200) CHARACTER SET utf8mb4 COLLATE utf8mb4_0900_ai_ci DEFAULT '/' COMMENT '生成路径（不填默认项目路径）',
  `options` varchar(1000) CHARACTER SET utf8mb4 COLLATE utf8mb4_0900_ai_ci DEFAULT NULL COMMENT '其它生成选项',
  `create_by` varchar(64) CHARACTER SET utf8mb4 COLLATE utf8mb4_0900_ai_ci DEFAULT '' COMMENT '创建者',
  `create_time` datetime DEFAULT NULL COMMENT '创建时间',
  `update_by` varchar(64) CHARACTER SET utf8mb4 COLLATE utf8mb4_0900_ai_ci DEFAULT '' COMMENT '更新者',
  `update_time` datetime DEFAULT NULL COMMENT '更新时间',
  `remark` varchar(500) CHARACTER SET utf8mb4 COLLATE utf8mb4_0900_ai_ci DEFAULT NULL COMMENT '备注',
  PRIMARY KEY (`table_id`) USING BTREE
) ENGINE=InnoDB AUTO_INCREMENT=51 DEFAULT CHARSET=utf8mb4 COLLATE=utf8mb4_0900_ai_ci ROW_FORMAT=DYNAMIC COMMENT='代码生成业务表';
/*!40101 SET character_set_client = @saved_cs_client */;

--
-- Dumping data for table `gen_table`
--

LOCK TABLES `gen_table` WRITE;
/*!40000 ALTER TABLE `gen_table` DISABLE KEYS */;
INSERT INTO `gen_table` VALUES (3,'tb_course','课程管理',NULL,NULL,'TbCourse','crud','element-ui','com.ruoyi.system','system','course','课程管理','ruoyi','0','/','{\"parentMenuId\":0}','admin','2025-01-04 16:35:40','','2025-01-07 21:08:04',NULL),(4,'cooperation_case','合作案例',NULL,NULL,'CooperationCase','crud','element-ui','com.ruoyi.school','school','case','合作案例','lazy','0','/','{\"parentMenuId\":2100}','admin','2025-01-09 14:25:40','','2025-01-20 16:33:42',NULL),(6,'factory','工厂',NULL,NULL,'Factory','crud','element-ui','com.ruoyi.ar','ar','factory','工厂','lazy','0','/','{\"parentMenuId\":0}','admin','2025-01-09 14:25:40','','2025-01-24 19:58:08','工厂'),(8,'sandbox_zone','沙盘分区',NULL,NULL,'SandboxZone','crud','element-ui','com.ruoyi.ar','ar','zone','沙盘分区','lazy','0','/','{\"parentMenuId\":0}','admin','2025-01-09 14:25:40','','2025-01-20 17:02:15','沙盘分区'),(9,'vr_carrier','载体',NULL,NULL,'VrCarrier','crud','element-ui','com.ruoyi.vr','vr','carrier','载体','lazy','0','/','{\"parentMenuId\":0}','admin','2025-01-09 14:25:40','','2025-01-24 14:57:58',NULL),(12,'vr_scene','VR场景',NULL,NULL,'VrScene','crud','element-ui','com.ruoyi.school','school','scene','VR场景','lazy','0','/','{\"parentMenuId\":2100}','admin','2025-01-09 14:25:41','','2025-01-20 16:32:55','VR场景'),(13,'work','作品',NULL,NULL,'Work','crud','element-ui','com.ruoyi.vr','vr','work','作品','lazy','0','/','{\"parentMenuId\":2099}','admin','2025-01-09 14:25:41','','2025-01-24 15:23:59','作品'),(21,'vr_exhibit_zone','VR展区',NULL,NULL,'VrExhibitZone','crud','element-ui','com.ruoyi.vr','vr','exhibitZone','VR展区','laazy','0','/','{\"parentMenuId\":2099}','admin','2025-01-09 14:26:34','','2025-01-20 17:03:41',NULL),(22,'vr_showroom','VR展厅',NULL,NULL,'VrShowroom','crud','element-ui','com.ruoyi.vr','vr','showroom','VR展厅','laazy','0','/','{\"parentMenuId\":2099}','admin','2025-01-09 14:26:34','','2025-01-20 17:03:57',NULL),(23,'warehouse_zone','库区',NULL,NULL,'WarehouseZone','crud','element-ui','com.ruoyi.ar','ar','warehouse','库区','laazy','0','/','{\"parentMenuId\":2044}','admin','2025-01-09 14:26:34','','2025-01-20 17:04:17',NULL),(25,'maintenance_record','运维记录',NULL,NULL,'MaintenanceRecord','crud','element-ui','com.ruoyi.ar','ar','maintenance','运维记录','laazy','0','/','{\"parentMenuId\":2044}','admin','2025-01-09 14:26:56','','2025-01-20 17:04:26',NULL),(26,'material','材料',NULL,NULL,'Material','crud','element-ui','com.ruoyi.ar','ar','material','材料信息','lazy','0','/','{\"parentMenuId\":2229}','admin','2025-01-09 14:26:56','','2025-02-06 11:34:16',NULL),(27,'material_transaction','材料出入库单',NULL,NULL,'MaterialTransaction','crud','element-ui','com.ruoyi.ar','ar','materialTransaction','材料出入库单','laazy','0','/','{\"parentMenuId\":2229}','admin','2025-01-09 14:26:56','','2025-01-20 16:43:52',NULL),(28,'material_transaction_detail','材料清单明细',NULL,NULL,'MaterialTransactionDetail','crud','element-ui','com.ruoyi.ar','ar','materialTransactionDetail','材料清单明细','laazy','0','/','{\"parentMenuId\":2216}','admin','2025-01-09 14:26:56','','2025-01-20 16:44:20',NULL),(29,'product','产品',NULL,NULL,'Product','crud','element-ui','com.ruoyi.ar','ar','product','产品信息','laazy','0','/','{\"parentMenuId\":2044}','admin','2025-01-09 14:26:56','','2025-01-20 17:05:02',NULL),(30,'product_transaction','产品出入库单',NULL,NULL,'ProductTransaction','crud','element-ui','com.ruoyi.ar','ar','productTransaction','产品出入库单','laazy','0','/','{\"parentMenuId\":2044}','admin','2025-01-09 14:26:56','','2025-01-20 16:56:08',NULL),(31,'product_transaction_detail','产品清单明细',NULL,NULL,'ProductTransactionDetail','crud','element-ui','com.ruoyi.ar','ar','productTransactionDetail','产品清单明细','laazy','0','/','{\"parentMenuId\":2216}','admin','2025-01-09 14:26:56','','2025-02-06 11:58:44',NULL),(33,'supply_batch','供应批次',NULL,NULL,'SupplyBatch','crud','element-ui','com.ruoyi.ar','ar','supplyBatch','供应批次','laazy','0','/','{\"parentMenuId\":2216}','admin','2025-01-09 14:26:56','','2025-01-20 17:07:22',NULL),(35,'device','设备',NULL,NULL,'Device','crud','element-ui','com.ruoyi.ar','ar','device','设备','lazy','0','/','{\"parentMenuId\":2099}','admin','2025-01-13 11:43:55','','2025-01-22 23:54:36','设备'),(36,'vr_content','VR内容',NULL,NULL,'VrContent','crud','element-ui','com.ruoyi.vr','vr','content','VR内容','lazy','0','/','{\"parentMenuId\":2099}','admin','2025-01-20 14:45:59','','2025-02-07 17:33:06',NULL),(37,'ar_content','AR内容',NULL,NULL,'ArContent','crud','element-ui','com.ruoyi.ar','ar','content','AR内容','lazy','0','/','{\"parentMenuId\":2044}','admin','2025-01-20 15:10:26','','2025-01-22 21:02:04',NULL),(38,'production_batch','生产批次',NULL,NULL,'ProductionBatch','crud','element-ui','com.ruoyi.ar','ar','batch','生产批次','lazy','0','/','{\"parentMenuId\":2229}','admin','2025-01-20 15:10:26','','2025-01-20 17:08:29',NULL),(39,'qr_code','二维码',NULL,NULL,'QrCode','crud','element-ui','com.ruoyi.ar','ar','code','二维码','lazy','0','/','{\"parentMenuId\":2044}','admin','2025-01-20 15:10:26','','2025-01-25 20:27:04',NULL),(40,'vr_material','VR素材',NULL,NULL,'VrMaterial','crud','element-ui','com.ruoyi.school','school','material','VR素材','lazy','0','/','{\"parentMenuId\":2100}','admin','2025-01-20 15:10:26','','2025-02-07 17:42:31','VR素材'),(41,'energy_consumption','能耗清单',NULL,NULL,'EnergyConsumption','crud','element-ui','com.ruoyi.ar','ar','consumption','能耗清单','ruoyi','0','/','{\"parentMenuId\":2044}','admin','2025-01-22 22:22:22','','2025-01-24 22:21:01','能耗清单'),(45,'ar_applications','AR应用',NULL,NULL,'ArApplications','crud','element-ui','com.ruoyi.ar','ar','applications','AR应用','lazy','0','/','{\"parentMenuId\":2044}','admin','2025-02-12 17:23:33','','2025-02-12 17:57:35','AR应用'),(46,'ar_application_configuration','出厂配置',NULL,NULL,'ArApplicationConfiguration','crud','element-ui','com.ruoyi.ar','ar','configuration','出厂配置','lazy','0','/','{\"parentMenuId\":2044}','admin','2025-02-12 17:55:29','','2025-02-12 17:59:31','出厂配置'),(47,'vr_applications','VR应用',NULL,NULL,'VrApplications','crud','element-ui','com.ruoyi.vr','vr','applications','VR应用','ruoyi','0','/','{\"parentMenuId\":2099}','admin','2025-02-24 09:57:02','','2025-02-24 10:02:11','VR应用版本管理'),(48,'school_applications','校企应用',NULL,NULL,'SchoolApplications','crud','element-ui','com.ruoyi.school','school','applications','校企应用','ruoyi','0','/','{\"parentMenuId\":2100}','admin','2025-02-24 10:42:34','','2025-02-24 10:44:08','校企应用'),(49,'device_association','DeviceAssociation','device','qr_code_number','DeviceAssociation','sub','element-ui','com.ruoyi.ar','ar','deviceAssociation','设备关联','lazy','0','/','{\"parentMenuId\":2044}','admin','2025-03-25 11:55:17','','2025-03-25 16:32:34','DeviceAssociation'),(50,'sand_association','二维码_沙盘分区关联','sandbox_zone','qr_code_id','SandAssociation','sub','element-ui','com.ruoyi.ar','ar','sandAssociation','二维码_沙盘分区关联','lazy','0','/','{\"parentMenuId\":2044}','admin','2025-03-25 11:55:17','','2025-03-25 14:50:48','二维码_沙盘分区关联');
/*!40000 ALTER TABLE `gen_table` ENABLE KEYS */;
UNLOCK TABLES;

--
-- Table structure for table `gen_table_column`
--

DROP TABLE IF EXISTS `gen_table_column`;
/*!40101 SET @saved_cs_client     = @@character_set_client */;
/*!40101 SET character_set_client = utf8 */;
CREATE TABLE `gen_table_column` (
  `column_id` bigint NOT NULL AUTO_INCREMENT COMMENT '编号',
  `table_id` bigint DEFAULT NULL COMMENT '归属表编号',
  `column_name` varchar(200) CHARACTER SET utf8mb4 COLLATE utf8mb4_0900_ai_ci DEFAULT NULL COMMENT '列名称',
  `column_comment` varchar(500) CHARACTER SET utf8mb4 COLLATE utf8mb4_0900_ai_ci DEFAULT NULL COMMENT '列描述',
  `column_type` varchar(100) CHARACTER SET utf8mb4 COLLATE utf8mb4_0900_ai_ci DEFAULT NULL COMMENT '列类型',
  `java_type` varchar(500) CHARACTER SET utf8mb4 COLLATE utf8mb4_0900_ai_ci DEFAULT NULL COMMENT 'JAVA类型',
  `java_field` varchar(200) CHARACTER SET utf8mb4 COLLATE utf8mb4_0900_ai_ci DEFAULT NULL COMMENT 'JAVA字段名',
  `is_pk` char(1) CHARACTER SET utf8mb4 COLLATE utf8mb4_0900_ai_ci DEFAULT NULL COMMENT '是否主键（1是）',
  `is_increment` char(1) CHARACTER SET utf8mb4 COLLATE utf8mb4_0900_ai_ci DEFAULT NULL COMMENT '是否自增（1是）',
  `is_required` char(1) CHARACTER SET utf8mb4 COLLATE utf8mb4_0900_ai_ci DEFAULT NULL COMMENT '是否必填（1是）',
  `is_insert` char(1) CHARACTER SET utf8mb4 COLLATE utf8mb4_0900_ai_ci DEFAULT NULL COMMENT '是否为插入字段（1是）',
  `is_edit` char(1) CHARACTER SET utf8mb4 COLLATE utf8mb4_0900_ai_ci DEFAULT NULL COMMENT '是否编辑字段（1是）',
  `is_list` char(1) CHARACTER SET utf8mb4 COLLATE utf8mb4_0900_ai_ci DEFAULT NULL COMMENT '是否列表字段（1是）',
  `is_query` char(1) CHARACTER SET utf8mb4 COLLATE utf8mb4_0900_ai_ci DEFAULT NULL COMMENT '是否查询字段（1是）',
  `query_type` varchar(200) CHARACTER SET utf8mb4 COLLATE utf8mb4_0900_ai_ci DEFAULT 'EQ' COMMENT '查询方式（等于、不等于、大于、小于、范围）',
  `html_type` varchar(200) CHARACTER SET utf8mb4 COLLATE utf8mb4_0900_ai_ci DEFAULT NULL COMMENT '显示类型（文本框、文本域、下拉框、复选框、单选框、日期控件）',
  `dict_type` varchar(200) CHARACTER SET utf8mb4 COLLATE utf8mb4_0900_ai_ci DEFAULT '' COMMENT '字典类型',
  `sort` int DEFAULT NULL COMMENT '排序',
  `create_by` varchar(64) CHARACTER SET utf8mb4 COLLATE utf8mb4_0900_ai_ci DEFAULT '' COMMENT '创建者',
  `create_time` datetime DEFAULT NULL COMMENT '创建时间',
  `update_by` varchar(64) CHARACTER SET utf8mb4 COLLATE utf8mb4_0900_ai_ci DEFAULT '' COMMENT '更新者',
  `update_time` datetime DEFAULT NULL COMMENT '更新时间',
  PRIMARY KEY (`column_id`) USING BTREE
) ENGINE=InnoDB AUTO_INCREMENT=303 DEFAULT CHARSET=utf8mb4 COLLATE=utf8mb4_0900_ai_ci ROW_FORMAT=DYNAMIC COMMENT='代码生成业务表字段';
/*!40101 SET character_set_client = @saved_cs_client */;

--
-- Dumping data for table `gen_table_column`
--

LOCK TABLES `gen_table_column` WRITE;
/*!40000 ALTER TABLE `gen_table_column` DISABLE KEYS */;
INSERT INTO `gen_table_column` VALUES (13,3,'id','课程id','bigint','Long','id','1','1','0','1',NULL,NULL,NULL,'EQ','input','',1,'admin','2025-01-04 16:35:40','','2025-01-07 21:08:04'),(14,3,'code','课程编码','varchar(32)','String','code','0','0','0','1','1','1','1','EQ','input','',2,'admin','2025-01-04 16:35:40','','2025-01-07 21:08:04'),(15,3,'subject','课程学科','varchar(32)','String','subject','0','0','0','1','1','1','1','EQ','input','',3,'admin','2025-01-04 16:35:40','','2025-01-07 21:08:04'),(16,3,'name','课程名称','varchar(64)','String','name','0','0','0','1','1','1','1','LIKE','select','',4,'admin','2025-01-04 16:35:40','','2025-01-07 21:08:04'),(17,3,'price','价格（元）','int','Long','price','0','0','0','1','1','1','1','EQ','input','',5,'admin','2025-01-04 16:35:40','','2025-01-07 21:08:04'),(18,3,'applicable_person','适用人群','varchar(32)','String','applicablePerson','0','0','0','1','1','1','1','EQ','select','',6,'admin','2025-01-04 16:35:40','','2025-01-07 21:08:04'),(19,3,'info','课程介绍','varchar(255)','String','info','0','0','0','1','1','1','1','EQ','input','',7,'admin','2025-01-04 16:35:40','','2025-01-07 21:08:04'),(20,3,'create_time','创建时间','timestamp','Date','createTime','0','0','0','1',NULL,NULL,NULL,'EQ','datetime','',8,'admin','2025-01-04 16:35:40','','2025-01-07 21:08:04'),(21,3,'update_time','更新时间','timestamp','Date','updateTime','0','0','0','1','1',NULL,NULL,'EQ','datetime','',9,'admin','2025-01-04 16:35:40','','2025-01-07 21:08:04'),(22,4,'case_id','案例编号','int','Long','caseId','1','0','0','1',NULL,NULL,NULL,'EQ','input','',1,'admin','2025-01-09 14:25:40','','2025-01-20 16:33:42'),(23,4,'case_name','案例名称','varchar(255)','String','caseName','0','0','0','1','1','1','1','LIKE','input','',2,'admin','2025-01-09 14:25:40','','2025-01-20 16:33:42'),(24,4,'cooperation_unit','合作单位','varchar(255)','String','cooperationUnit','0','0','0','1','1','1','1','LIKE','input','',3,'admin','2025-01-09 14:25:40','','2025-01-20 16:33:42'),(25,4,'description','简介','text','String','description','0','0','0','1','1','1','0','EQ','textarea','',4,'admin','2025-01-09 14:25:40','','2025-01-20 16:33:42'),(33,6,'factory_id','工厂编号','int','Long','factoryId','1','0','0','0',NULL,NULL,NULL,'EQ','input','',1,'admin','2025-01-09 14:25:40','','2025-01-24 19:58:08'),(34,6,'name','名称','varchar(255)','String','name','0','0','1','1','1','1','1','LIKE','input','',2,'admin','2025-01-09 14:25:40','','2025-01-24 19:58:08'),(35,6,'description','简介','text','String','description','0','0','1','1','1','1','0','LIKE','textarea','',3,'admin','2025-01-09 14:25:40','','2025-01-24 19:58:08'),(36,6,'contact_person','联系人','varchar(255)','String','contactPerson','0','0','1','1','1','1','1','LIKE','input','',4,'admin','2025-01-09 14:25:40','','2025-01-24 19:58:08'),(37,6,'contact_phone','联系电话','varchar(20)','String','contactPhone','0','0','1','1','1','1','0','LIKE','input','',5,'admin','2025-01-09 14:25:40','','2025-01-24 19:58:08'),(38,6,'address','地址','varchar(255)','String','address','0','0','1','1','1','1','1','LIKE','input','',6,'admin','2025-01-09 14:25:40','','2025-01-24 19:58:08'),(41,8,'zone_id','分区编号','int','Long','zoneId','1','0','0','1',NULL,NULL,NULL,'EQ','input','',1,'admin','2025-01-09 14:25:40','','2025-01-20 17:02:15'),(42,8,'name','名称','varchar(255)','String','name','0','0','1','1','1','1','1','LIKE','input','',2,'admin','2025-01-09 14:25:40','','2025-01-20 17:02:15'),(43,8,'description','简介','text','String','description','0','0','0','1','1','1','1','EQ','textarea','',3,'admin','2025-01-09 14:25:40','','2025-01-20 17:02:15'),(44,8,'qr_code_id','二维码编号','int','Long','qrCodeId','0','0','1','1','1','1','1','EQ','input','',4,'admin','2025-01-09 14:25:40','','2025-01-20 17:02:15'),(45,8,'factory_id','工厂编号','int','Long','factoryId','0','0','1','1','1','1','1','EQ','input','',5,'admin','2025-01-09 14:25:40','','2025-01-20 17:02:15'),(46,9,'carrier_id','载体编号','int','Long','carrierId','1','0','0','0',NULL,NULL,NULL,'EQ','input','',1,'admin','2025-01-09 14:25:40','','2025-01-24 14:57:58'),(47,9,'carrier_name','载体名称','varchar(255)','String','carrierName','0','0','1','1','1','1','1','LIKE','input','',2,'admin','2025-01-09 14:25:40','','2025-01-24 14:57:58'),(48,9,'carrier_type','载体类型','int','Long','carrierType','0','0','1','1','1','1','1','EQ','select','vr_carrier_type',3,'admin','2025-01-09 14:25:41','','2025-01-24 14:57:58'),(49,9,'status','载体状态','varchar(50)','String','status','0','0','0','1','1','1','1','EQ','radio','vr_carrier_status',4,'admin','2025-01-09 14:25:41','','2025-01-24 14:57:58'),(50,9,'specifications','规格','text','String','specifications','0','0','1','1','1','1','1','EQ','textarea','',5,'admin','2025-01-09 14:25:41','','2025-01-24 14:57:58'),(51,9,'exhibit_zone_id','展区编号','int','Long','exhibitZoneId','0','0','1','1','1','1','1','EQ','input','',6,'admin','2025-01-09 14:25:41','','2025-01-24 14:57:58'),(65,12,'scene_id','场景编号','int','Long','sceneId','1','0','0','1',NULL,NULL,NULL,'EQ','input','',1,'admin','2025-01-09 14:25:41','','2025-01-20 16:32:55'),(66,12,'scene_name','场景名称','varchar(255)','String','sceneName','0','0','1','1','1','1','1','LIKE','input','',2,'admin','2025-01-09 14:25:41','','2025-01-20 16:32:55'),(67,12,'file_url','文件URL','varchar(255)','String','fileUrl','0','0','1','1','1','1','1','EQ','input','',3,'admin','2025-01-09 14:25:41','','2025-01-20 16:32:55'),(68,12,'description','简介','text','String','description','0','0','0','1','1','1','1','EQ','textarea','',4,'admin','2025-01-09 14:25:41','','2025-01-20 16:32:55'),(69,12,'case_id','案例编号','int','Long','caseId','0','0','1','1','1','1','1','EQ','input','',5,'admin','2025-01-09 14:25:41','','2025-01-20 16:32:55'),(70,13,'work_id','作品编号','int','Long','workId','1','0','0','0',NULL,NULL,NULL,'EQ','input','',1,'admin','2025-01-09 14:25:41','','2025-01-24 15:23:59'),(71,13,'title','标题','varchar(255)','String','title','0','0','1','1','1','1','1','BETWEEN','input','',2,'admin','2025-01-09 14:25:41','','2025-01-24 15:23:59'),(72,13,'authors','作者列表','text','String','authors','0','0','1','1','1','1','1','BETWEEN','textarea','',3,'admin','2025-01-09 14:25:41','','2025-01-24 15:23:59'),(73,13,'instructor','指导教师','varchar(255)','String','instructor','0','0','1','1','1','1','1','BETWEEN','input','',4,'admin','2025-01-09 14:25:41','','2025-01-24 15:23:59'),(74,13,'award_info','获奖情况','text','String','awardInfo','0','0','1','1','1','1','1','BETWEEN','textarea','',5,'admin','2025-01-09 14:25:41','','2025-01-24 15:23:59'),(75,13,'description','简介','text','String','description','0','0','1','1','1','1','0','BETWEEN','textarea','',6,'admin','2025-01-09 14:25:41','','2025-01-24 15:23:59'),(142,21,'exhibit_zone_id','展区编号','int','Long','exhibitZoneId','1','0','0','0',NULL,NULL,NULL,'EQ','input','',1,'admin','2025-01-09 14:26:34','','2025-01-20 17:03:41'),(143,21,'exhibit_zone_name','展区名称','varchar(255)','String','exhibitZoneName','0','0','1','1','1','1','1','LIKE','input','',2,'admin','2025-01-09 14:26:34','','2025-01-20 17:03:41'),(144,21,'description','简介','text','String','description','0','0','1','1','1','1','0','EQ','textarea','',3,'admin','2025-01-09 14:26:34','','2025-01-20 17:03:41'),(145,21,'showroom_id','展厅编号','int','Long','showroomId','0','0','1','1','1','1','1','EQ','input','',4,'admin','2025-01-09 14:26:34','','2025-01-20 17:03:41'),(146,22,'showroom_id','展厅编号','int','Long','showroomId','1','0','0','0',NULL,NULL,NULL,'EQ','input','',1,'admin','2025-01-09 14:26:34','','2025-01-20 17:03:57'),(147,22,'showroom_name','展厅名称','varchar(255)','String','showroomName','0','0','1','1','1','1','1','LIKE','input','',2,'admin','2025-01-09 14:26:34','','2025-01-20 17:03:57'),(148,22,'description','简介','text','String','description','0','0','1','1','1','1','0','EQ','textarea','',3,'admin','2025-01-09 14:26:34','','2025-01-20 17:03:57'),(149,23,'zone_id','库区编号','int','Long','zoneId','1','0','0','0',NULL,NULL,NULL,'EQ','input','',1,'admin','2025-01-09 14:26:34','','2025-01-20 17:04:17'),(150,23,'name','名称','varchar(255)','String','name','0','0','1','1','1','1','1','LIKE','input','',2,'admin','2025-01-09 14:26:34','','2025-01-20 17:04:17'),(151,23,'description','简介','text','String','description','0','0','1','1','1','1','1','EQ','textarea','',3,'admin','2025-01-09 14:26:34','','2025-01-20 17:04:17'),(152,23,'factory_id','工厂编号','int','Long','factoryId','0','0','1','1','1','1','1','EQ','input','',4,'admin','2025-01-09 14:26:34','','2025-01-20 17:04:17'),(159,25,'record_id','运维记录编号','int','Long','recordId','1','0','0','0',NULL,NULL,NULL,'EQ','input','',1,'admin','2025-01-09 14:26:56','','2025-01-20 17:04:26'),(160,25,'maintenance_log','运维日记','text','String','maintenanceLog','0','0','1','1','1','1','1','EQ','textarea','',2,'admin','2025-01-09 14:26:56','','2025-01-20 17:04:26'),(161,25,'date','日期','date','Date','date','0','0','1','1','1','1','1','BETWEEN','datetime','',3,'admin','2025-01-09 14:26:56','','2025-01-20 17:04:26'),(162,25,'maintainer_name','维护负责人','varchar(255)','String','maintainerName','0','0','1','1','1','1','1','LIKE','input','',4,'admin','2025-01-09 14:26:56','','2025-01-20 17:04:26'),(163,25,'equipment_id','设备编号','int','Long','equipmentId','0','0','1','1','1','1','1','EQ','input','',5,'admin','2025-01-09 14:26:56','','2025-01-20 17:04:26'),(164,26,'material_id','材料编号','int','Long','materialId','1','0','0','0',NULL,NULL,NULL,'EQ','input','',1,'admin','2025-01-09 14:26:56','','2025-02-06 11:34:16'),(165,26,'material_name','材料名称','varchar(255)','String','materialName','0','0','1','1','1','1','1','LIKE','input','',2,'admin','2025-01-09 14:26:56','','2025-02-06 11:34:16'),(166,26,'material_model','材料型号','varchar(255)','String','materialModel','0','0','1','1','1','1','1','EQ','input','',3,'admin','2025-01-09 14:26:56','','2025-02-06 11:34:16'),(167,26,'material_description','材料简介','text','String','materialDescription','0','0','1','1','1','1','0','EQ','textarea','',4,'admin','2025-01-09 14:26:56','','2025-02-06 11:34:16'),(168,26,'stock_amount','库存量','int','Long','stockAmount','0','0','0','1','0','1','0','EQ','input','',5,'admin','2025-01-09 14:26:56','','2025-02-06 11:34:16'),(169,26,'warehouse_zone_id','库区编号','int','Long','warehouseZoneId','0','0','1','1','1','1','1','EQ','input','',6,'admin','2025-01-09 14:26:56','','2025-02-06 11:34:16'),(170,27,'transaction_id','单号','int','Long','transactionId','1','0','0','0',NULL,NULL,NULL,'EQ','input','',1,'admin','2025-01-09 14:26:56','','2025-01-20 16:43:52'),(171,27,'transaction_type','出入库类型','int','Long','transactionType','0','0','1','1','1','1','1','EQ','select','transaction_type',2,'admin','2025-01-09 14:26:56','','2025-01-20 16:43:52'),(172,27,'operator_name','经办人','varchar(255)','String','operatorName','0','0','1','1','1','1','1','LIKE','input','',3,'admin','2025-01-09 14:26:56','','2025-01-20 16:43:52'),(173,27,'warehouse_admin_name','库区管理员','varchar(255)','String','warehouseAdminName','0','0','1','1','1','1','1','LIKE','input','',4,'admin','2025-01-09 14:26:56','','2025-01-20 16:43:52'),(174,28,'material_id','材料编号','int','Long','materialId','0','0','1','1','1','1','1','EQ','input','',1,'admin','2025-01-09 14:26:56','','2025-01-20 16:44:20'),(175,28,'transaction_id','单号','int','Long','transactionId','0','0','1','1','1','1','1','EQ','input','',2,'admin','2025-01-09 14:26:56','','2025-01-20 16:44:20'),(176,28,'quantity','数量','int','Long','quantity','0','0','1','1','1','1','1','EQ','input','',3,'admin','2025-01-09 14:26:56','','2025-01-20 16:44:20'),(177,28,'transaction_date','日期','date','Date','transactionDate','0','0','1','1','1','1','1','EQ','datetime','',4,'admin','2025-01-09 14:26:56','','2025-01-20 16:44:20'),(178,29,'product_id','产品编号','int','Long','productId','1','0','0','0',NULL,NULL,NULL,'EQ','input','',1,'admin','2025-01-09 14:26:56','','2025-01-20 17:05:02'),(179,29,'product_name','产品名称','varchar(255)','String','productName','0','0','1','1','1','1','1','LIKE','input','',2,'admin','2025-01-09 14:26:56','','2025-01-20 17:05:02'),(180,29,'product_model','产品型号','varchar(255)','String','productModel','0','0','1','1','1','1','1','EQ','input','',3,'admin','2025-01-09 14:26:56','','2025-01-20 17:05:02'),(181,29,'product_description','产品简介','text','String','productDescription','0','0','0','1','1','1','0','EQ','textarea','',4,'admin','2025-01-09 14:26:56','','2025-01-20 17:05:02'),(182,29,'stock_amount','库存量','int','Long','stockAmount','0','0','1','1','1','1','1','EQ','input','',5,'admin','2025-01-09 14:26:56','','2025-01-20 17:05:02'),(183,29,'warehouse_zone_id','库区编号','int','Long','warehouseZoneId','0','0','1','1','1','1','1','EQ','input','',6,'admin','2025-01-09 14:26:56','','2025-01-20 17:05:02'),(184,30,'transaction_id','单号','int','Long','transactionId','1','0','0','0',NULL,NULL,NULL,'EQ','input','',1,'admin','2025-01-09 14:26:56','','2025-01-20 16:56:08'),(185,30,'transaction_type','出入库','int','Long','transactionType','0','0','1','1','1','1','1','EQ','select','transaction_type',2,'admin','2025-01-09 14:26:56','','2025-01-20 16:56:08'),(186,30,'operator_name','经办人','varchar(255)','String','operatorName','0','0','1','1','1','1','1','LIKE','input','',3,'admin','2025-01-09 14:26:56','','2025-01-20 16:56:08'),(187,30,'warehouse_admin_name','库区管理员','varchar(255)','String','warehouseAdminName','0','0','1','1','1','1','1','LIKE','input','',4,'admin','2025-01-09 14:26:56','','2025-01-20 16:56:08'),(188,31,'product_id','产品编号','int','Long','productId','0','0','1','1','1','1','1','EQ','input','',1,'admin','2025-01-09 14:26:56','','2025-02-06 11:58:44'),(189,31,'transaction_id','单号','int','Long','transactionId','0','0','1','1','1','1','1','EQ','input','',2,'admin','2025-01-09 14:26:56','','2025-02-06 11:58:44'),(190,31,'quantity','数量','int','Long','quantity','0','0','1','1','1','1','0','EQ','input','',3,'admin','2025-01-09 14:26:56','','2025-02-06 11:58:44'),(191,31,'transaction_date','日期','date','Date','transactionDate','0','0','1','1','1','1','1','EQ','datetime','',4,'admin','2025-01-09 14:26:56','','2025-02-06 11:58:44'),(197,33,'batch_id','批号','int','Long','batchId','1','0','0','0',NULL,NULL,NULL,'EQ','input','',1,'admin','2025-01-09 14:26:56','','2025-01-20 17:07:22'),(198,33,'quantity','数量','int','Long','quantity','0','0','1','1','1','1','1','EQ','input','',2,'admin','2025-01-09 14:26:56','','2025-01-20 17:07:22'),(199,33,'unit','计量单位','varchar(50)','String','unit','0','0','1','1','1','1','0','EQ','input','',3,'admin','2025-01-09 14:26:56','','2025-01-20 17:07:22'),(200,33,'production_date','生产日期','date','Date','productionDate','0','0','1','1','1','1','1','BETWEEN','datetime','',4,'admin','2025-01-09 14:26:56','','2025-01-20 17:07:22'),(201,33,'shelf_life','保质期','int','Long','shelfLife','0','0','1','1','1','1','0','EQ','input','',5,'admin','2025-01-09 14:26:56','','2025-01-20 17:07:22'),(202,33,'manufacturer','生产厂家','varchar(255)','String','manufacturer','0','0','1','1','1','1','1','EQ','input','',6,'admin','2025-01-09 14:26:56','','2025-01-20 17:07:22'),(203,33,'material_id','材料编号','int','Long','materialId','0','0','1','1','1','1','1','EQ','input','',7,'admin','2025-01-09 14:26:56','','2025-01-20 17:07:22'),(211,35,'device_number','设备编号','int','Long','deviceNumber','1','1','0','1',NULL,NULL,NULL,'EQ','input','',1,'admin','2025-01-13 11:43:55','','2025-01-22 23:54:36'),(212,35,'name','名称','varchar(100)','String','name','0','0','1','1','1','1','1','LIKE','input','',2,'admin','2025-01-13 11:43:55','','2025-01-22 23:54:36'),(213,35,'description','简介','text','String','description','0','0','1','1','1','1','1','EQ','textarea','',3,'admin','2025-01-13 11:43:55','','2025-01-22 23:54:36'),(214,35,'status','设备状态','varchar(20)','String','status','0','0','0','1','1','1','1','EQ','radio','device_status',4,'admin','2025-01-13 11:43:55','','2025-01-22 23:54:36'),(215,35,'qr_code_number','二维码编号','varchar(100)','String','qrCodeNumber','0','0','0','1','1','1','1','EQ','input','',5,'admin','2025-01-13 11:43:55','','2025-01-22 23:54:36'),(216,35,'factory_number','工厂编号','varchar(50)','String','factoryNumber','0','0','0','1','1','1','1','EQ','input','',6,'admin','2025-01-13 11:43:55','','2025-01-22 23:54:36'),(217,36,'vr_content_id','VR内容编号','int','Long','vrContentId','1','1','0','0',NULL,NULL,NULL,'EQ','input','',1,'admin','2025-01-20 14:45:59','','2025-02-07 17:33:06'),(218,36,'name','名称','varchar(255)','String','name','0','0','1','1','1','1','1','LIKE','input','',2,'admin','2025-01-20 14:45:59','','2025-02-07 17:33:06'),(219,36,'category','类别','enum(\'文本\',\'图片\',\'动画\',\'声音和视频\',\'3D模型\',\'VR场景\')','String','category','0','0','1','1','1','1','1','EQ','select','vr_content_category',3,'admin','2025-01-20 14:45:59','','2025-02-07 17:33:06'),(220,36,'file_url','文件URL','varchar(500)','String','fileUrl','0','0','1','1','1','1','0','EQ','textarea','',4,'admin','2025-01-20 14:45:59','','2025-02-07 17:33:06'),(221,36,'description','简介','text','String','description','0','0','1','1','1','1','1','LIKE','textarea','',5,'admin','2025-01-20 14:45:59','','2025-02-07 17:33:06'),(222,36,'usage_status','使用情况','varchar(50)','String','usageStatus','0','0','0','1','1','1','1','EQ','radio','use_status',6,'admin','2025-01-20 14:45:59','','2025-02-07 17:33:06'),(223,36,'carrier_id','载体编号','int','Long','carrierId','0','0','0','1','1','1','1','EQ','input','',7,'admin','2025-01-20 14:45:59','','2025-02-07 17:33:06'),(224,36,'work_id','作品编号','int','Long','workId','0','0','0','1','1','1','1','EQ','input','',8,'admin','2025-01-20 14:45:59','','2025-02-07 17:33:06'),(225,36,'created_at','创建时间','timestamp','Date','createdAt','0','0','0','0','0','0','0','EQ','datetime','',9,'admin','2025-01-20 14:45:59','','2025-02-07 17:33:06'),(226,36,'updated_at','更新时间','timestamp','Date','updatedAt','0','0','0','0','0','0','0','EQ','datetime','',10,'admin','2025-01-20 14:45:59','','2025-02-07 17:33:06'),(227,37,'ar_content_id','AR内容编号','int','Long','arContentId','1','1','0','0',NULL,NULL,NULL,'EQ','input','',1,'admin','2025-01-20 15:10:26','','2025-01-22 21:02:04'),(228,37,'name','名称','varchar(255)','String','name','0','0','1','1','1','1','1','LIKE','input','',2,'admin','2025-01-20 15:10:26','','2025-01-22 21:02:04'),(229,37,'category','类别','enum(\'文本\',\'图片\',\'动画\',\'声音和视频\',\'3D模型\',\'VR场景\')','String','category','0','0','1','1','1','1','1','EQ','input','',3,'admin','2025-01-20 15:10:26','','2025-01-22 21:02:04'),(230,37,'file_url','文件URL','varchar(500)','String','fileUrl','0','0','1','1','1','1','0','EQ','textarea','',4,'admin','2025-01-20 15:10:26','','2025-01-22 21:02:04'),(231,37,'description','简介','text','String','description','0','0','1','1','1','1','0','EQ','textarea','',5,'admin','2025-01-20 15:10:26','','2025-01-22 21:02:04'),(232,37,'usage_status','使用情况','varchar(50)','String','usageStatus','0','0','0','1','1','1','1','EQ','select','use_status',6,'admin','2025-01-20 15:10:26','','2025-01-22 21:02:04'),(233,37,'qr_code_id','二维码编号','int','Long','qrCodeId','0','0','0','1','1','1','1','EQ','input','',7,'admin','2025-01-20 15:10:26','','2025-01-22 21:02:04'),(234,38,'batch_id','批号','int','Long','batchId','1','1','0','1',NULL,NULL,NULL,'EQ','input','',1,'admin','2025-01-20 15:10:26','','2025-01-20 17:08:29'),(235,38,'quantity','数量','int','Long','quantity','0','0','1','1','1','1','1','EQ','input','',2,'admin','2025-01-20 15:10:26','','2025-01-20 17:08:29'),(236,38,'unit','计量单位','varchar(50)','String','unit','0','0','1','1','1','1','1','EQ','input','',3,'admin','2025-01-20 15:10:26','','2025-01-20 17:08:29'),(237,38,'production_date','生产日期','date','Date','productionDate','0','0','1','1','1','1','1','EQ','datetime','',4,'admin','2025-01-20 15:10:26','','2025-01-20 17:08:29'),(238,38,'shelf_life','保质期','int','Long','shelfLife','0','0','1','1','1','1','1','EQ','input','',5,'admin','2025-01-20 15:10:26','','2025-01-20 17:08:29'),(239,38,'product_id','产品编号','int','Long','productId','0','0','1','1','1','1','1','EQ','input','',6,'admin','2025-01-20 15:10:26','','2025-01-20 17:08:29'),(240,39,'qr_code_id','二维码编号','int','Long','qrCodeId','1','1','0','0',NULL,NULL,NULL,'EQ','input','',1,'admin','2025-01-20 15:10:26','','2025-01-25 20:27:04'),(241,39,'qr_code','二维码内容','varchar(255)','String','qrCode','0','0','1','1','1','1','1','EQ','imageUpload','',3,'admin','2025-01-20 15:10:26','','2025-01-25 20:27:04'),(242,39,'usage_status','使用情况','varchar(50)','String','usageStatus','0','0','1','1','1','1','1','EQ','radio','use_status',4,'admin','2025-01-20 15:10:26','','2025-01-25 20:27:04'),(243,40,'vr_material_id','VR素材编号','int','Long','vrMaterialId','1','1','0','1',NULL,NULL,NULL,'EQ','input','',1,'admin','2025-01-20 15:10:26','','2025-02-07 17:42:31'),(244,40,'name','素材名称','varchar(255)','String','name','0','0','1','1','1','1','1','LIKE','input','',2,'admin','2025-01-20 15:10:26','','2025-02-07 17:42:31'),(245,40,'category','类别','enum(\'文本\',\'图片\',\'动画\',\'声音和视频\',\'3D模型\',\'VR场景\')','String','category','0','0','1','1','1','1','1','EQ','input','',3,'admin','2025-01-20 15:10:26','','2025-02-07 17:42:31'),(246,40,'file_url','文件URL','varchar(500)','String','fileUrl','0','0','1','1','1','1','1','EQ','textarea','',4,'admin','2025-01-20 15:10:26','','2025-02-07 17:42:31'),(247,40,'description','简介','text','String','description','0','0','1','1','1','1','1','EQ','textarea','',5,'admin','2025-01-20 15:10:26','','2025-02-07 17:42:31'),(248,40,'scene_id','场景编号','int','Long','sceneId','0','0','1','1','1','1','1','EQ','input','',6,'admin','2025-01-20 15:10:26','','2025-02-07 17:42:31'),(251,41,'unit','计量单位','varchar(50)','String','unit','0','0','1','1','1','1','1','EQ','input','',3,'admin','2025-01-22 22:22:22','','2025-01-24 22:21:01'),(254,41,'factory_id','工厂编号','int','String','factoryId','0','0','1','1','1','1','1','EQ','input','',7,'admin','2025-01-22 22:22:22','','2025-01-24 22:21:02'),(255,41,'id','编号','int','Long','id','1','1','0','0',NULL,NULL,NULL,'EQ','input','',1,'','2025-01-22 23:11:38','','2025-01-24 22:21:01'),(256,41,'energy_consumed','能耗','decimal(10,2)','BigDecimal','energyConsumed','0','0','1','1','1','1','1','EQ','input','',2,'','2025-01-22 23:11:38','','2025-01-24 22:21:01'),(257,41,'type','类型','varchar(50)','String','type','0','0','1','1','1','1','1','EQ','select','ar_energy_type',4,'','2025-01-22 23:11:38','','2025-01-24 22:21:02'),(258,41,'year','年度','date','Long','year','0','0','1','1','1','1','1','EQ','input','',5,'','2025-01-22 23:11:38','','2025-01-24 22:21:02'),(259,41,'month','月份','tinyint','Long','month','0','0','1','1','1','1','1','EQ','input','',6,'','2025-01-22 23:11:38','','2025-01-24 22:21:02'),(260,39,'qr_code_name','二维码名称','varchar(50)','String','qrCodeName','0','0','1','1','1','1','1','LIKE','input','',2,'','2025-01-25 20:25:31','','2025-01-25 20:27:04'),(272,45,'ApplicationID','应用ID','int','Long','ApplicationID','1','1','0','1',NULL,NULL,NULL,'EQ','input','',1,'admin','2025-02-12 17:23:33','','2025-02-12 17:57:35'),(273,45,'Name','名称','varchar(255)','String','Name','0','0','1','1','1','1','1','LIKE','input','',2,'admin','2025-02-12 17:23:33','','2025-02-12 17:57:35'),(274,45,'Description','功能简介','text','String','Description','0','0','1','1','1','1','1','EQ','textarea','',3,'admin','2025-02-12 17:23:33','','2025-02-12 17:57:35'),(275,45,'Version','版本号','varchar(50)','String','Version','0','0','1','1','1','1','1','EQ','input','',4,'admin','2025-02-12 17:23:33','','2025-02-12 17:57:35'),(276,45,'ReleaseDate','发布时间','date','Date','ReleaseDate','0','0','1','1','1','1','1','EQ','datetime','',5,'admin','2025-02-12 17:23:33','','2025-02-12 17:57:35'),(277,46,'id','编号','int','Long','id','1','1','0','1',NULL,NULL,NULL,'EQ','input','',1,'admin','2025-02-12 17:55:29','','2025-02-12 17:59:31'),(278,46,'trigger_method','触发方式','varchar(255)','String','triggerMethod','0','0','1','1','1','1','1','EQ','input','',2,'admin','2025-02-12 17:55:29','','2025-02-12 17:59:31'),(279,46,'display_method','呈现方式','varchar(255)','String','displayMethod','0','0','1','1','1','1','1','EQ','input','',3,'admin','2025-02-12 17:55:29','','2025-02-12 17:59:31'),(280,46,'screen_resolution','屏幕分辨率','varchar(50)','String','screenResolution','0','0','1','1','1','1','1','EQ','input','',4,'admin','2025-02-12 17:55:29','','2025-02-12 17:59:31'),(281,46,'video_resolution','视频分辨率','varchar(50)','String','videoResolution','0','0','1','1','1','1','1','EQ','input','',5,'admin','2025-02-12 17:55:29','','2025-02-12 17:59:31'),(282,46,'privacy_settings','隐私设置','varchar(50)','String','privacySettings','0','0','1','1','1','1','1','EQ','input','',6,'admin','2025-02-12 17:55:29','','2025-02-12 17:59:31'),(283,46,'app_id','应用ID','int','Long','appId','0','0','1','1','1','1','1','EQ','input','',7,'admin','2025-02-12 17:55:29','','2025-02-12 17:59:31'),(284,46,'created_at',NULL,'timestamp','Date','createdAt','0','0','0','0','0','0','0','EQ','datetime','',8,'admin','2025-02-12 17:55:29','','2025-02-12 17:59:31'),(285,47,'app_id','应用ID','int','Long','appId','1','1','0','0',NULL,NULL,NULL,'EQ','input','',1,'admin','2025-02-24 09:57:02','','2025-02-24 10:02:11'),(286,47,'app_name','名称','varchar(255)','String','appName','0','0','1','1','1','1','1','LIKE','input','',2,'admin','2025-02-24 09:57:02','','2025-02-24 10:02:11'),(287,47,'description','功能简介','text','String','description','0','0','0','1','1','1','1','LIKE','textarea','',3,'admin','2025-02-24 09:57:02','','2025-02-24 10:02:11'),(288,47,'version','版本号','varchar(50)','String','version','0','0','1','1','1','1','1','EQ','input','',4,'admin','2025-02-24 09:57:02','','2025-02-24 10:02:11'),(289,47,'release_date','发布时间','date','Date','releaseDate','0','0','1','1','1','1','1','EQ','datetime','',5,'admin','2025-02-24 09:57:02','','2025-02-24 10:02:11'),(290,48,'app_id','应用ID','int','Long','appId','1','1','0','0',NULL,NULL,NULL,'EQ','input','',1,'admin','2025-02-24 10:42:34','','2025-02-24 10:44:08'),(291,48,'app_name','名称','varchar(255)','String','appName','0','0','1','1','1','1','1','LIKE','input','',2,'admin','2025-02-24 10:42:34','','2025-02-24 10:44:08'),(292,48,'description','功能简介','text','String','description','0','0','0','1','1','1','1','LIKE','textarea','',3,'admin','2025-02-24 10:42:34','','2025-02-24 10:44:08'),(293,48,'version','版本号','varchar(50)','String','version','0','0','1','1','1','1','1','EQ','input','',4,'admin','2025-02-24 10:42:34','','2025-02-24 10:44:08'),(294,48,'release_date','发布时间','date','Date','releaseDate','0','0','1','1','1','1','1','EQ','datetime','',5,'admin','2025-02-24 10:42:34','','2025-02-24 10:44:08'),(295,49,'qr_code_id','二维码编号','int','Long','qrCodeId','1','1','0','1',NULL,NULL,NULL,'EQ','input','',1,'admin','2025-03-25 11:55:17','','2025-03-25 16:32:34'),(296,49,'qr_code_name','二维码名称','varchar(255)','String','qrCodeName','0','0','1','1','1','1','1','LIKE','input','',2,'admin','2025-03-25 11:55:17','','2025-03-25 16:32:34'),(297,49,'qr_code','二维码','text','String','qrCode','0','0','1','1','1','1','1','EQ','textarea','',3,'admin','2025-03-25 11:55:17','','2025-03-25 16:32:34'),(298,49,'usage_status','使用情况','varchar(50)','String','usageStatus','0','0','0','1','1','1','1','EQ','radio','',4,'admin','2025-03-25 11:55:17','','2025-03-25 16:32:34'),(299,50,'qr_code_id','二维码编号','int','Long','qrCodeId','1','1','0','1',NULL,NULL,NULL,'EQ','input','',1,'admin','2025-03-25 11:55:17','','2025-03-25 14:50:48'),(300,50,'qr_code_name','二维码名称','varchar(255)','String','qrCodeName','0','0','1','1','1','1','1','LIKE','input','',2,'admin','2025-03-25 11:55:17','','2025-03-25 14:50:48'),(301,50,'qr_code','二维码','text','String','qrCode','0','0','1','1','1','1','1','EQ','textarea','',3,'admin','2025-03-25 11:55:17','','2025-03-25 14:50:48'),(302,50,'usage_status','使用情况','varchar(50)','String','usageStatus','0','0','0','1','1','1','1','EQ','radio','',4,'admin','2025-03-25 11:55:17','','2025-03-25 14:50:48');
/*!40000 ALTER TABLE `gen_table_column` ENABLE KEYS */;
UNLOCK TABLES;

--
-- Table structure for table `maintenance_record`
--

DROP TABLE IF EXISTS `maintenance_record`;
/*!40101 SET @saved_cs_client     = @@character_set_client */;
/*!40101 SET character_set_client = utf8 */;
CREATE TABLE `maintenance_record` (
  `record_id` int NOT NULL AUTO_INCREMENT,
  `maintenance_log` text CHARACTER SET utf8mb4 COLLATE utf8mb4_0900_ai_ci,
  `date` date DEFAULT NULL,
  `maintainer_name` varchar(255) CHARACTER SET utf8mb4 COLLATE utf8mb4_0900_ai_ci DEFAULT NULL,
  `equipment_id` int DEFAULT NULL,
  PRIMARY KEY (`record_id`) USING BTREE
) ENGINE=InnoDB AUTO_INCREMENT=19 DEFAULT CHARSET=utf8mb4 COLLATE=utf8mb4_0900_ai_ci ROW_FORMAT=DYNAMIC;
/*!40101 SET character_set_client = @saved_cs_client */;

--
-- Dumping data for table `maintenance_record`
--

LOCK TABLES `maintenance_record` WRITE;
/*!40000 ALTER TABLE `maintenance_record` DISABLE KEYS */;
INSERT INTO `maintenance_record` VALUES (5,'检查原料上料机器人传动系统，发现皮带存在轻微磨损，更换新皮带并调整张紧度，测试运行正常。','2025-01-10','李毅武',17),(6,'混料机运行时出现异常振动，检查发现地脚螺栓松动，紧固螺栓后振动减弱，后续持续观察运行状态。','2025-01-15','田晓聪',18),(7,'对粉料储存罐进行定期清洁，检查罐体密封性，未发现泄漏，传感器数据显示正常。','2025-01-20','李毅武',19),(8,'捏合区下料机器人抓取动作迟缓，检查气路系统，发现气管接口漏气，更换密封件后恢复正常。','2025-01-25','李毅武',20),(9,'捏合设备搅拌桨叶磨损严重，更换桨叶并校准搅拌速度，调试后设备运行稳定。','2025-02-01','田晓聪',21),(10,'挤出设备温度控制不稳定，检查加热元件和温控器，发现温控器故障，更换后温度控制恢复正常。','2025-02-08','李毅武',22),(11,'皮带输送线皮带跑偏，调整滚筒位置和张紧度，测试输送效果良好。','2025-02-15','李毅武',23),(12,'毛毡板膜片下料机器人视觉识别系统出现偏差，重新校准摄像头参数，识别精度恢复。','2025-02-22','田晓聪',24),(13,'膜片下料机器人机械臂关节润滑不足，添加润滑油并测试运动灵活性，运行正常。','2025-03-01','李毅武',25),(14,'装卸窑机器人行走轨道出现卡顿，清理轨道杂物并涂抹润滑脂，运行恢复顺畅。','2025-03-08','李毅武',26),(15,'窑车车轮磨损，更换新车轮并检查车架稳定性，测试行驶平稳。','2025-03-15','田晓聪',27),(16,'切割设备刀片磨损，更换刀片并调整切割参数，切割精度达标。','2025-03-22','李毅武',28),(17,'成品输送线电机异响，检查发现轴承损坏，更换轴承后电机运行声音正常。','2025-03-29','李毅武',29),(18,'挤出区上料机器人料斗堵塞，清理堵塞物料并检查上料通道，恢复正常上料。','2025-04-05','田晓聪',30);
/*!40000 ALTER TABLE `maintenance_record` ENABLE KEYS */;
UNLOCK TABLES;

--
-- Table structure for table `material`
--

DROP TABLE IF EXISTS `material`;
/*!40101 SET @saved_cs_client     = @@character_set_client */;
/*!40101 SET character_set_client = utf8 */;
CREATE TABLE `material` (
  `material_id` int NOT NULL AUTO_INCREMENT,
  `material_name` varchar(255) CHARACTER SET utf8mb4 COLLATE utf8mb4_0900_ai_ci DEFAULT NULL,
  `material_model` varchar(255) CHARACTER SET utf8mb4 COLLATE utf8mb4_0900_ai_ci DEFAULT NULL,
  `material_description` text CHARACTER SET utf8mb4 COLLATE utf8mb4_0900_ai_ci,
  `stock_amount` int DEFAULT '0',
  `warehouse_zone_id` int DEFAULT NULL,
  PRIMARY KEY (`material_id`) USING BTREE,
  KEY `warehouse_zone_id` (`warehouse_zone_id`) USING BTREE,
  CONSTRAINT `material_ibfk_1` FOREIGN KEY (`warehouse_zone_id`) REFERENCES `warehouse_zone` (`zone_id`) ON DELETE RESTRICT ON UPDATE RESTRICT
) ENGINE=InnoDB AUTO_INCREMENT=20 DEFAULT CHARSET=utf8mb4 COLLATE=utf8mb4_0900_ai_ci ROW_FORMAT=DYNAMIC;
/*!40101 SET character_set_client = @saved_cs_client */;

--
-- Dumping data for table `material`
--

LOCK TABLES `material` WRITE;
/*!40000 ALTER TABLE `material` DISABLE KEYS */;
INSERT INTO `material` VALUES (1,'氧化铝陶瓷颗粒','AL2O3-500 目','用于板式陶瓷膜的主要成膜材料，纯度高，粒径均匀',0,5),(2,'氧化锆陶瓷颗粒','ZrO2-800 目','增强陶瓷膜的机械强度和化学稳定性，性能优良',0,5),(3,'有机粘结剂','NJ-101','在膜制备过程中起粘结作用，保证膜结构的稳定性',0,5),(4,'造孔剂','ZK-20','用于形成陶瓷膜的微孔结构，控制孔径大小',0,5),(5,'支撑体原料','SCT-01','作为板式陶瓷膜的支撑结构，提供力学支撑',0,6),(6,'添加剂 A','TJ-001','改善陶瓷膜的性能，如亲水性、抗污染性等',0,6),(7,'添加剂 B','TJ-002','辅助调整陶瓷膜的微观结构和性能',0,6),(8,'密封胶','MF-003','用于膜组件的密封，防止液体泄漏',0,6),(9,'过滤布','GLB-100','在膜生产过程中辅助过滤，提高膜的质量',0,6),(10,'催化剂载体材料','CTZ-001','用于负载催化剂，提升膜的催化性能',0,6);
/*!40000 ALTER TABLE `material` ENABLE KEYS */;
UNLOCK TABLES;

--
-- Table structure for table `material_transaction`
--

DROP TABLE IF EXISTS `material_transaction`;
/*!40101 SET @saved_cs_client     = @@character_set_client */;
/*!40101 SET character_set_client = utf8 */;
CREATE TABLE `material_transaction` (
  `transaction_id` int NOT NULL AUTO_INCREMENT,
  `transaction_type` int DEFAULT NULL,
  `operator_name` varchar(255) CHARACTER SET utf8mb4 COLLATE utf8mb4_0900_ai_ci DEFAULT NULL,
  `warehouse_admin_name` varchar(255) CHARACTER SET utf8mb4 COLLATE utf8mb4_0900_ai_ci DEFAULT NULL,
  PRIMARY KEY (`transaction_id`) USING BTREE
) ENGINE=InnoDB AUTO_INCREMENT=12 DEFAULT CHARSET=utf8mb4 COLLATE=utf8mb4_0900_ai_ci ROW_FORMAT=DYNAMIC;
/*!40101 SET character_set_client = @saved_cs_client */;

--
-- Dumping data for table `material_transaction`
--

LOCK TABLES `material_transaction` WRITE;
/*!40000 ALTER TABLE `material_transaction` DISABLE KEYS */;
INSERT INTO `material_transaction` VALUES (1,0,'王卓','田冰'),(2,0,'王卓','田冰'),(3,0,'王卓','田冰'),(4,0,'王卓','田冰'),(5,1,'王卓','田冰'),(6,0,'王卓','田冰'),(7,1,'钟小钰','田冰'),(8,0,'钟小钰','田冰'),(9,0,'钟小钰','田冰'),(10,0,'钟小钰','田冰'),(11,0,'钟小钰','田冰');
/*!40000 ALTER TABLE `material_transaction` ENABLE KEYS */;
UNLOCK TABLES;

--
-- Table structure for table `material_transaction_detail`
--

DROP TABLE IF EXISTS `material_transaction_detail`;
/*!40101 SET @saved_cs_client     = @@character_set_client */;
/*!40101 SET character_set_client = utf8 */;
CREATE TABLE `material_transaction_detail` (
  `material_id` int DEFAULT NULL,
  `transaction_id` int DEFAULT NULL,
  `quantity` int DEFAULT NULL,
  `transaction_date` date DEFAULT NULL,
  KEY `material_id` (`material_id`) USING BTREE,
  KEY `transaction_id` (`transaction_id`) USING BTREE,
  CONSTRAINT `material_transaction_detail_ibfk_1` FOREIGN KEY (`material_id`) REFERENCES `material` (`material_id`) ON DELETE CASCADE ON UPDATE CASCADE,
  CONSTRAINT `material_transaction_detail_ibfk_2` FOREIGN KEY (`transaction_id`) REFERENCES `material_transaction` (`transaction_id`) ON DELETE CASCADE ON UPDATE CASCADE
) ENGINE=InnoDB DEFAULT CHARSET=utf8mb4 COLLATE=utf8mb4_0900_ai_ci ROW_FORMAT=DYNAMIC;
/*!40101 SET character_set_client = @saved_cs_client */;

--
-- Dumping data for table `material_transaction_detail`
--

LOCK TABLES `material_transaction_detail` WRITE;
/*!40000 ALTER TABLE `material_transaction_detail` DISABLE KEYS */;
INSERT INTO `material_transaction_detail` VALUES (1,1,120,'2024-06-03'),(2,1,80,'2024-06-03'),(3,1,150,'2024-06-03'),(4,2,200,'2024-06-15'),(5,2,130,'2024-06-15'),(1,5,70,'2024-08-05'),(2,5,160,'2024-08-05'),(3,6,100,'2024-08-18'),(4,6,180,'2024-08-18'),(7,8,90,'2024-09-16'),(8,8,150,'2024-09-16'),(9,9,110,'2024-10-07'),(10,9,190,'2024-10-07'),(1,10,220,'2024-10-23'),(2,10,130,'2024-10-23'),(9,4,140,'2024-07-22'),(10,4,210,'2024-07-22'),(3,11,80,'2024-11-10'),(4,11,170,'2024-11-10'),(5,11,140,'2024-11-10'),(5,7,120,'2024-09-02'),(6,7,30,'2024-09-02'),(6,3,95,'2024-07-08'),(7,3,110,'2024-07-08'),(8,3,170,'2024-07-08');
/*!40000 ALTER TABLE `material_transaction_detail` ENABLE KEYS */;
UNLOCK TABLES;

--
-- Table structure for table `product`
--

DROP TABLE IF EXISTS `product`;
/*!40101 SET @saved_cs_client     = @@character_set_client */;
/*!40101 SET character_set_client = utf8 */;
CREATE TABLE `product` (
  `product_id` int NOT NULL AUTO_INCREMENT,
  `product_name` varchar(255) CHARACTER SET utf8mb4 COLLATE utf8mb4_0900_ai_ci DEFAULT NULL,
  `product_model` varchar(255) CHARACTER SET utf8mb4 COLLATE utf8mb4_0900_ai_ci DEFAULT NULL,
  `product_description` text CHARACTER SET utf8mb4 COLLATE utf8mb4_0900_ai_ci,
  `stock_amount` int DEFAULT '0',
  `warehouse_zone_id` int DEFAULT NULL,
  PRIMARY KEY (`product_id`) USING BTREE,
  KEY `warehouse_zone_id` (`warehouse_zone_id`) USING BTREE,
  CONSTRAINT `product_ibfk_1` FOREIGN KEY (`warehouse_zone_id`) REFERENCES `warehouse_zone` (`zone_id`) ON DELETE RESTRICT ON UPDATE RESTRICT
) ENGINE=InnoDB AUTO_INCREMENT=6 DEFAULT CHARSET=utf8mb4 COLLATE=utf8mb4_0900_ai_ci ROW_FORMAT=DYNAMIC;
/*!40101 SET character_set_client = @saved_cs_client */;

--
-- Dumping data for table `product`
--

LOCK TABLES `product` WRITE;
/*!40000 ALTER TABLE `product` DISABLE KEYS */;
INSERT INTO `product` VALUES (1,'板式陶瓷膜','MF','MF 型（微滤）板式陶瓷膜采用先进的高温烧结工艺制成，以氧化铝、氧化锆等无机材料为基材，具有独特的蜂窝状多孔结构，过滤精度在 0.1-10 微米之间。该膜产品凭借高强度、耐酸碱、耐高温（最高耐受 500℃）的特性，可在复杂工况下稳定运行，有效拦截悬浮物、胶体、细菌等杂质。其模块化设计便于安装与维护，通量高达 80-150L/(m²・h) ，显著提升过滤效率。适用于饮用水预处理、工业废水初级净化、食品饮料澄清等领域，能高效去除水中大颗粒污染物，保障后续处理工艺稳定运行。',3260,NULL),(2,'板式陶瓷膜','UF','UF 型（超滤）板式陶瓷膜通过精密控制孔径（0.01-0.1 微米），可精准截留大分子有机物、蛋白质、微生物及病毒等物质，同时允许小分子物质和溶剂通过，实现高效分离与浓缩。膜材料具备卓越的化学稳定性和抗污染能力，在 pH 值 2-13 的极端环境中仍能保持良好性能，且可耐受 121℃高温蒸汽灭菌，延长使用寿命。产品的过滤通量达 40-80L/(m²・h) ，在生物医药、乳制品浓缩、工业循环水净化等领域表现出色，可有效提升产品品质，降低生产成本。',5800,NULL),(3,'板式陶瓷膜','NF','NF 型（纳滤）板式陶瓷膜的孔径处于 0.001-0.01 微米之间，结合表面电荷效应与筛分作用，对二价离子、小分子有机物具有高选择性截留能力，同时可部分截留单价离子，实现软化水质、去除有机物和重金属的功能。其耐污染性能优异，采用特殊涂层技术减少污染物附着，清洗周期大幅延长。该膜产品工作压力低，能耗比传统分离技术降低 30% 以上，通量为 10-30L/(m²・h) 。广泛应用于苦咸水淡化、染料废水处理、食品添加剂分离等领域，在实现资源回收利用的同时，满足严格的环保排放要求。',3760,NULL);
/*!40000 ALTER TABLE `product` ENABLE KEYS */;
UNLOCK TABLES;

--
-- Table structure for table `product_transaction`
--

DROP TABLE IF EXISTS `product_transaction`;
/*!40101 SET @saved_cs_client     = @@character_set_client */;
/*!40101 SET character_set_client = utf8 */;
CREATE TABLE `product_transaction` (
  `transaction_id` int NOT NULL AUTO_INCREMENT,
  `transaction_type` int DEFAULT NULL,
  `operator_name` varchar(255) CHARACTER SET utf8mb4 COLLATE utf8mb4_0900_ai_ci DEFAULT NULL,
  `warehouse_admin_name` varchar(255) CHARACTER SET utf8mb4 COLLATE utf8mb4_0900_ai_ci DEFAULT NULL,
  PRIMARY KEY (`transaction_id`) USING BTREE
) ENGINE=InnoDB AUTO_INCREMENT=14 DEFAULT CHARSET=utf8mb4 COLLATE=utf8mb4_0900_ai_ci ROW_FORMAT=DYNAMIC;
/*!40101 SET character_set_client = @saved_cs_client */;

--
-- Dumping data for table `product_transaction`
--

LOCK TABLES `product_transaction` WRITE;
/*!40000 ALTER TABLE `product_transaction` DISABLE KEYS */;
INSERT INTO `product_transaction` VALUES (1,0,'郑依娜','苗甜甜'),(2,0,'郑依娜','苗甜甜'),(3,1,'郑依娜','苗甜甜'),(4,1,'刘勇','苗甜甜'),(5,1,'刘勇','苗甜甜'),(6,0,'郑依娜','苗甜甜'),(7,1,'刘勇','苗甜甜'),(8,0,'郑依娜','苗甜甜'),(9,0,'刘勇','柯朗'),(10,0,'刘勇','柯朗'),(11,1,'郑依娜','柯朗'),(12,1,'郑依娜','柯朗'),(13,1,'刘勇','柯朗');
/*!40000 ALTER TABLE `product_transaction` ENABLE KEYS */;
UNLOCK TABLES;

--
-- Table structure for table `product_transaction_detail`
--

DROP TABLE IF EXISTS `product_transaction_detail`;
/*!40101 SET @saved_cs_client     = @@character_set_client */;
/*!40101 SET character_set_client = utf8 */;
CREATE TABLE `product_transaction_detail` (
  `product_id` int DEFAULT NULL,
  `transaction_id` int DEFAULT NULL,
  `quantity` int DEFAULT NULL,
  `transaction_date` date DEFAULT NULL,
  KEY `product_id` (`product_id`) USING BTREE,
  KEY `transaction_id` (`transaction_id`) USING BTREE,
  CONSTRAINT `product_transaction_detail_ibfk_1` FOREIGN KEY (`product_id`) REFERENCES `product` (`product_id`) ON DELETE CASCADE ON UPDATE CASCADE,
  CONSTRAINT `product_transaction_detail_ibfk_2` FOREIGN KEY (`transaction_id`) REFERENCES `product_transaction` (`transaction_id`) ON DELETE CASCADE ON UPDATE CASCADE
) ENGINE=InnoDB DEFAULT CHARSET=utf8mb4 COLLATE=utf8mb4_0900_ai_ci ROW_FORMAT=DYNAMIC;
/*!40101 SET character_set_client = @saved_cs_client */;

--
-- Dumping data for table `product_transaction_detail`
--

LOCK TABLES `product_transaction_detail` WRITE;
/*!40000 ALTER TABLE `product_transaction_detail` DISABLE KEYS */;
INSERT INTO `product_transaction_detail` VALUES (1,1,2300,'2023-06-05'),(3,1,2700,'2023-06-05'),(2,2,2500,'2023-07-12'),(3,5,2600,'2023-10-03'),(1,6,3200,'2023-11-10'),(2,6,2100,'2023-11-10'),(1,7,2000,'2023-12-17'),(3,7,2200,'2023-12-17'),(1,9,2500,'2024-02-01'),(1,11,2200,'2024-04-15'),(2,11,2400,'2024-04-15'),(3,12,1900,'2024-05-22'),(1,13,3000,'2024-06-01'),(3,13,2100,'2024-06-01'),(1,3,280,'2023-08-18'),(2,3,330,'2023-08-18'),(3,3,220,'2023-08-18'),(1,4,170,'2023-09-25'),(2,4,290,'2023-09-25'),(2,8,28,'2024-01-24'),(3,8,31,'2024-01-24'),(2,10,2600,'2024-03-08'),(3,10,1800,'2024-03-08');
/*!40000 ALTER TABLE `product_transaction_detail` ENABLE KEYS */;
UNLOCK TABLES;

--
-- Table structure for table `production_batch`
--

DROP TABLE IF EXISTS `production_batch`;
/*!40101 SET @saved_cs_client     = @@character_set_client */;
/*!40101 SET character_set_client = utf8 */;
CREATE TABLE `production_batch` (
  `batch_id` int NOT NULL AUTO_INCREMENT,
  `quantity` int NOT NULL,
  `unit` varchar(50) CHARACTER SET utf8mb4 COLLATE utf8mb4_0900_ai_ci NOT NULL,
  `production_date` date NOT NULL,
  `shelf_life` varchar(50) NOT NULL,
  `product_id` int NOT NULL,
  PRIMARY KEY (`batch_id`) USING BTREE,
  KEY `product_id` (`product_id`) USING BTREE,
  CONSTRAINT `production_batch_ibfk_1` FOREIGN KEY (`product_id`) REFERENCES `product` (`product_id`) ON DELETE RESTRICT ON UPDATE RESTRICT
) ENGINE=InnoDB AUTO_INCREMENT=15 DEFAULT CHARSET=utf8mb4 COLLATE=utf8mb4_0900_ai_ci ROW_FORMAT=DYNAMIC;
/*!40101 SET character_set_client = @saved_cs_client */;

--
-- Dumping data for table `production_batch`
--

LOCK TABLES `production_batch` WRITE;
/*!40000 ALTER TABLE `production_batch` DISABLE KEYS */;
INSERT INTO `production_batch` VALUES (2,3256,'箱','2023-06-05','36 个月',1),(3,2890,'箱','2023-07-12','36 个月',2),(4,4120,'箱','2023-08-18','36 个月',3),(5,2568,'箱','2023-09-22','36 个月',1),(6,3789,'箱','2023-10-28','36 个月',2),(7,4356,'箱','2023-11-03','36 个月',3),(8,2987,'箱','2023-12-10','36 个月',1),(9,3450,'箱','2024-01-15','36 个月',2),(10,4012,'箱','2024-02-20','36 个月',3),(11,2765,'箱','2024-03-25','36 个月',1),(12,3678,'箱','2024-04-30','36 个月',2),(13,4234,'箱','2024-05-05','36 个月',3),(14,2654,'箱','2024-06-10','36 个月',1);
/*!40000 ALTER TABLE `production_batch` ENABLE KEYS */;
UNLOCK TABLES;

--
-- Table structure for table `qr_code`
--

DROP TABLE IF EXISTS `qr_code`;
/*!40101 SET @saved_cs_client     = @@character_set_client */;
/*!40101 SET character_set_client = utf8 */;
CREATE TABLE `qr_code` (
  `qr_code_id` int NOT NULL AUTO_INCREMENT,
  `qr_code_name` varchar(50) CHARACTER SET utf8mb4 COLLATE utf8mb4_0900_ai_ci NOT NULL,
  `qr_code` varchar(255) CHARACTER SET utf8mb4 COLLATE utf8mb4_0900_ai_ci NOT NULL,
  `usage_status` varchar(50) CHARACTER SET utf8mb4 COLLATE utf8mb4_0900_ai_ci DEFAULT '0',
  PRIMARY KEY (`qr_code_id`) USING BTREE,
  UNIQUE KEY `qr_code_name` (`qr_code_name`) USING BTREE
) ENGINE=InnoDB AUTO_INCREMENT=36 DEFAULT CHARSET=utf8mb4 COLLATE=utf8mb4_0900_ai_ci ROW_FORMAT=DYNAMIC;
/*!40101 SET character_set_client = @saved_cs_client */;

--
-- Dumping data for table `qr_code`
--

LOCK TABLES `qr_code` WRITE;
/*!40000 ALTER TABLE `qr_code` DISABLE KEYS */;
INSERT INTO `qr_code` VALUES (12,'包装物流区','https://schoolworkweb.oss-cn-beijing.aliyuncs.com/school-images/2025/05/01/6812dfa55554972be4638b7a.png','0'),(13,'仓储区','https://schoolworkweb.oss-cn-beijing.aliyuncs.com/school-images/2025/05/01/6812dfbb5554972be4638b7b.png','0'),(14,'干燥区','https://schoolworkweb.oss-cn-beijing.aliyuncs.com/school-images/2025/05/01/6812dfd75554972be4638b7d.png','0'),(15,'工厂总览','https://schoolworkweb.oss-cn-beijing.aliyuncs.com/school-images/2025/05/01/6812dfe55554972be4638b7e.png','0'),(16,'混料区','https://schoolworkweb.oss-cn-beijing.aliyuncs.com/school-images/2025/05/01/6812dff95554972be4638b7f.png','0'),(17,'挤出区','https://schoolworkweb.oss-cn-beijing.aliyuncs.com/school-images/2025/05/01/6812e0075554972be4638b80.png','0'),(18,'切割区','https://schoolworkweb.oss-cn-beijing.aliyuncs.com/school-images/2025/05/01/6812e0135554972be4638b81.png','0'),(19,'烧成区','https://schoolworkweb.oss-cn-beijing.aliyuncs.com/school-images/2025/05/01/6812e01f5554972be4638b82.png','0'),(20,'原料区','https://schoolworkweb.oss-cn-beijing.aliyuncs.com/school-images/2025/05/01/6812e02c5554972be4638b83.png','0'),(21,'输送线','https://schoolworkweb.oss-cn-beijing.aliyuncs.com/school-images/2025/05/01/6812efc65554972be4638b84.png','0'),(22,'粉料储存罐','https://schoolworkweb.oss-cn-beijing.aliyuncs.com/school-images/2025/05/01/6812efe65554972be4638b85.png','0'),(23,'混料机','https://schoolworkweb.oss-cn-beijing.aliyuncs.com/school-images/2025/05/01/6812f0075554972be4638b86.png','0'),(24,'上料机器人','https://schoolworkweb.oss-cn-beijing.aliyuncs.com/school-images/2025/05/01/6812f01c5554972be4638b87.png','0'),(25,'挤出设备','https://schoolworkweb.oss-cn-beijing.aliyuncs.com/school-images/2025/05/01/6812f0945554972be4638b88.png','0'),(26,'皮带传输线','https://schoolworkweb.oss-cn-beijing.aliyuncs.com/school-images/2025/05/01/6812f0a05554972be4638b89.png','0'),(27,'下料机器人','https://schoolworkweb.oss-cn-beijing.aliyuncs.com/school-images/2025/05/01/6812f0ac5554972be4638b8a.png','0'),(28,'捏合设备','https://schoolworkweb.oss-cn-beijing.aliyuncs.com/school-images/2025/05/01/6812f0bd5554972be4638b8b.png','0'),(29,'抓取机器人','https://schoolworkweb.oss-cn-beijing.aliyuncs.com/school-images/2025/05/01/6812f0c85554972be4638b8c.png','0'),(30,'切割设备','https://schoolworkweb.oss-cn-beijing.aliyuncs.com/school-images/2025/05/01/6812f0d95554972be4638b8d.png','0'),(31,'膜片下料机器人','https://schoolworkweb.oss-cn-beijing.aliyuncs.com/school-images/2025/05/01/6812f0e85554972be4638b8e.png','0'),(32,'窑车','https://schoolworkweb.oss-cn-beijing.aliyuncs.com/school-images/2025/05/01/6812f0fa5554972be4638b8f.png','0'),(33,'装卸窑机器人','https://schoolworkweb.oss-cn-beijing.aliyuncs.com/school-images/2025/05/01/6812f1085554972be4638b90.png','0'),(34,'原料包','https://schoolworkweb.oss-cn-beijing.aliyuncs.com/school-images/2025/05/01/6812f11d5554972be4638b91.png','0');
/*!40000 ALTER TABLE `qr_code` ENABLE KEYS */;
UNLOCK TABLES;

--
-- Table structure for table `qrtz_blob_triggers`
--

DROP TABLE IF EXISTS `qrtz_blob_triggers`;
/*!40101 SET @saved_cs_client     = @@character_set_client */;
/*!40101 SET character_set_client = utf8 */;
CREATE TABLE `qrtz_blob_triggers` (
  `sched_name` varchar(120) CHARACTER SET utf8mb4 COLLATE utf8mb4_0900_ai_ci NOT NULL COMMENT '调度名称',
  `trigger_name` varchar(200) CHARACTER SET utf8mb4 COLLATE utf8mb4_0900_ai_ci NOT NULL COMMENT 'qrtz_triggers表trigger_name的外键',
  `trigger_group` varchar(200) CHARACTER SET utf8mb4 COLLATE utf8mb4_0900_ai_ci NOT NULL COMMENT 'qrtz_triggers表trigger_group的外键',
  `blob_data` blob COMMENT '存放持久化Trigger对象',
  PRIMARY KEY (`sched_name`,`trigger_name`,`trigger_group`) USING BTREE,
  CONSTRAINT `qrtz_blob_triggers_ibfk_1` FOREIGN KEY (`sched_name`, `trigger_name`, `trigger_group`) REFERENCES `qrtz_triggers` (`sched_name`, `trigger_name`, `trigger_group`) ON DELETE RESTRICT ON UPDATE RESTRICT
) ENGINE=InnoDB DEFAULT CHARSET=utf8mb4 COLLATE=utf8mb4_0900_ai_ci ROW_FORMAT=DYNAMIC COMMENT='Blob类型的触发器表';
/*!40101 SET character_set_client = @saved_cs_client */;

--
-- Dumping data for table `qrtz_blob_triggers`
--

LOCK TABLES `qrtz_blob_triggers` WRITE;
/*!40000 ALTER TABLE `qrtz_blob_triggers` DISABLE KEYS */;
/*!40000 ALTER TABLE `qrtz_blob_triggers` ENABLE KEYS */;
UNLOCK TABLES;

--
-- Table structure for table `qrtz_calendars`
--

DROP TABLE IF EXISTS `qrtz_calendars`;
/*!40101 SET @saved_cs_client     = @@character_set_client */;
/*!40101 SET character_set_client = utf8 */;
CREATE TABLE `qrtz_calendars` (
  `sched_name` varchar(120) CHARACTER SET utf8mb4 COLLATE utf8mb4_0900_ai_ci NOT NULL COMMENT '调度名称',
  `calendar_name` varchar(200) CHARACTER SET utf8mb4 COLLATE utf8mb4_0900_ai_ci NOT NULL COMMENT '日历名称',
  `calendar` blob NOT NULL COMMENT '存放持久化calendar对象',
  PRIMARY KEY (`sched_name`,`calendar_name`) USING BTREE
) ENGINE=InnoDB DEFAULT CHARSET=utf8mb4 COLLATE=utf8mb4_0900_ai_ci ROW_FORMAT=DYNAMIC COMMENT='日历信息表';
/*!40101 SET character_set_client = @saved_cs_client */;

--
-- Dumping data for table `qrtz_calendars`
--

LOCK TABLES `qrtz_calendars` WRITE;
/*!40000 ALTER TABLE `qrtz_calendars` DISABLE KEYS */;
/*!40000 ALTER TABLE `qrtz_calendars` ENABLE KEYS */;
UNLOCK TABLES;

--
-- Table structure for table `qrtz_cron_triggers`
--

DROP TABLE IF EXISTS `qrtz_cron_triggers`;
/*!40101 SET @saved_cs_client     = @@character_set_client */;
/*!40101 SET character_set_client = utf8 */;
CREATE TABLE `qrtz_cron_triggers` (
  `sched_name` varchar(120) CHARACTER SET utf8mb4 COLLATE utf8mb4_0900_ai_ci NOT NULL COMMENT '调度名称',
  `trigger_name` varchar(200) CHARACTER SET utf8mb4 COLLATE utf8mb4_0900_ai_ci NOT NULL COMMENT 'qrtz_triggers表trigger_name的外键',
  `trigger_group` varchar(200) CHARACTER SET utf8mb4 COLLATE utf8mb4_0900_ai_ci NOT NULL COMMENT 'qrtz_triggers表trigger_group的外键',
  `cron_expression` varchar(200) CHARACTER SET utf8mb4 COLLATE utf8mb4_0900_ai_ci NOT NULL COMMENT 'cron表达式',
  `time_zone_id` varchar(80) CHARACTER SET utf8mb4 COLLATE utf8mb4_0900_ai_ci DEFAULT NULL COMMENT '时区',
  PRIMARY KEY (`sched_name`,`trigger_name`,`trigger_group`) USING BTREE,
  CONSTRAINT `qrtz_cron_triggers_ibfk_1` FOREIGN KEY (`sched_name`, `trigger_name`, `trigger_group`) REFERENCES `qrtz_triggers` (`sched_name`, `trigger_name`, `trigger_group`) ON DELETE RESTRICT ON UPDATE RESTRICT
) ENGINE=InnoDB DEFAULT CHARSET=utf8mb4 COLLATE=utf8mb4_0900_ai_ci ROW_FORMAT=DYNAMIC COMMENT='Cron类型的触发器表';
/*!40101 SET character_set_client = @saved_cs_client */;

--
-- Dumping data for table `qrtz_cron_triggers`
--

LOCK TABLES `qrtz_cron_triggers` WRITE;
/*!40000 ALTER TABLE `qrtz_cron_triggers` DISABLE KEYS */;
/*!40000 ALTER TABLE `qrtz_cron_triggers` ENABLE KEYS */;
UNLOCK TABLES;

--
-- Table structure for table `qrtz_fired_triggers`
--

DROP TABLE IF EXISTS `qrtz_fired_triggers`;
/*!40101 SET @saved_cs_client     = @@character_set_client */;
/*!40101 SET character_set_client = utf8 */;
CREATE TABLE `qrtz_fired_triggers` (
  `sched_name` varchar(120) CHARACTER SET utf8mb4 COLLATE utf8mb4_0900_ai_ci NOT NULL COMMENT '调度名称',
  `entry_id` varchar(95) CHARACTER SET utf8mb4 COLLATE utf8mb4_0900_ai_ci NOT NULL COMMENT '调度器实例id',
  `trigger_name` varchar(200) CHARACTER SET utf8mb4 COLLATE utf8mb4_0900_ai_ci NOT NULL COMMENT 'qrtz_triggers表trigger_name的外键',
  `trigger_group` varchar(200) CHARACTER SET utf8mb4 COLLATE utf8mb4_0900_ai_ci NOT NULL COMMENT 'qrtz_triggers表trigger_group的外键',
  `instance_name` varchar(200) CHARACTER SET utf8mb4 COLLATE utf8mb4_0900_ai_ci NOT NULL COMMENT '调度器实例名',
  `fired_time` bigint NOT NULL COMMENT '触发的时间',
  `sched_time` bigint NOT NULL COMMENT '定时器制定的时间',
  `priority` int NOT NULL COMMENT '优先级',
  `state` varchar(16) CHARACTER SET utf8mb4 COLLATE utf8mb4_0900_ai_ci NOT NULL COMMENT '状态',
  `job_name` varchar(200) CHARACTER SET utf8mb4 COLLATE utf8mb4_0900_ai_ci DEFAULT NULL COMMENT '任务名称',
  `job_group` varchar(200) CHARACTER SET utf8mb4 COLLATE utf8mb4_0900_ai_ci DEFAULT NULL COMMENT '任务组名',
  `is_nonconcurrent` varchar(1) CHARACTER SET utf8mb4 COLLATE utf8mb4_0900_ai_ci DEFAULT NULL COMMENT '是否并发',
  `requests_recovery` varchar(1) CHARACTER SET utf8mb4 COLLATE utf8mb4_0900_ai_ci DEFAULT NULL COMMENT '是否接受恢复执行',
  PRIMARY KEY (`sched_name`,`entry_id`) USING BTREE
) ENGINE=InnoDB DEFAULT CHARSET=utf8mb4 COLLATE=utf8mb4_0900_ai_ci ROW_FORMAT=DYNAMIC COMMENT='已触发的触发器表';
/*!40101 SET character_set_client = @saved_cs_client */;

--
-- Dumping data for table `qrtz_fired_triggers`
--

LOCK TABLES `qrtz_fired_triggers` WRITE;
/*!40000 ALTER TABLE `qrtz_fired_triggers` DISABLE KEYS */;
/*!40000 ALTER TABLE `qrtz_fired_triggers` ENABLE KEYS */;
UNLOCK TABLES;

--
-- Table structure for table `qrtz_job_details`
--

DROP TABLE IF EXISTS `qrtz_job_details`;
/*!40101 SET @saved_cs_client     = @@character_set_client */;
/*!40101 SET character_set_client = utf8 */;
CREATE TABLE `qrtz_job_details` (
  `sched_name` varchar(120) CHARACTER SET utf8mb4 COLLATE utf8mb4_0900_ai_ci NOT NULL COMMENT '调度名称',
  `job_name` varchar(200) CHARACTER SET utf8mb4 COLLATE utf8mb4_0900_ai_ci NOT NULL COMMENT '任务名称',
  `job_group` varchar(200) CHARACTER SET utf8mb4 COLLATE utf8mb4_0900_ai_ci NOT NULL COMMENT '任务组名',
  `description` varchar(250) CHARACTER SET utf8mb4 COLLATE utf8mb4_0900_ai_ci DEFAULT NULL COMMENT '相关介绍',
  `job_class_name` varchar(250) CHARACTER SET utf8mb4 COLLATE utf8mb4_0900_ai_ci NOT NULL COMMENT '执行任务类名称',
  `is_durable` varchar(1) CHARACTER SET utf8mb4 COLLATE utf8mb4_0900_ai_ci NOT NULL COMMENT '是否持久化',
  `is_nonconcurrent` varchar(1) CHARACTER SET utf8mb4 COLLATE utf8mb4_0900_ai_ci NOT NULL COMMENT '是否并发',
  `is_update_data` varchar(1) CHARACTER SET utf8mb4 COLLATE utf8mb4_0900_ai_ci NOT NULL COMMENT '是否更新数据',
  `requests_recovery` varchar(1) CHARACTER SET utf8mb4 COLLATE utf8mb4_0900_ai_ci NOT NULL COMMENT '是否接受恢复执行',
  `job_data` blob COMMENT '存放持久化job对象',
  PRIMARY KEY (`sched_name`,`job_name`,`job_group`) USING BTREE
) ENGINE=InnoDB DEFAULT CHARSET=utf8mb4 COLLATE=utf8mb4_0900_ai_ci ROW_FORMAT=DYNAMIC COMMENT='任务详细信息表';
/*!40101 SET character_set_client = @saved_cs_client */;

--
-- Dumping data for table `qrtz_job_details`
--

LOCK TABLES `qrtz_job_details` WRITE;
/*!40000 ALTER TABLE `qrtz_job_details` DISABLE KEYS */;
/*!40000 ALTER TABLE `qrtz_job_details` ENABLE KEYS */;
UNLOCK TABLES;

--
-- Table structure for table `qrtz_locks`
--

DROP TABLE IF EXISTS `qrtz_locks`;
/*!40101 SET @saved_cs_client     = @@character_set_client */;
/*!40101 SET character_set_client = utf8 */;
CREATE TABLE `qrtz_locks` (
  `sched_name` varchar(120) CHARACTER SET utf8mb4 COLLATE utf8mb4_0900_ai_ci NOT NULL COMMENT '调度名称',
  `lock_name` varchar(40) CHARACTER SET utf8mb4 COLLATE utf8mb4_0900_ai_ci NOT NULL COMMENT '悲观锁名称',
  PRIMARY KEY (`sched_name`,`lock_name`) USING BTREE
) ENGINE=InnoDB DEFAULT CHARSET=utf8mb4 COLLATE=utf8mb4_0900_ai_ci ROW_FORMAT=DYNAMIC COMMENT='存储的悲观锁信息表';
/*!40101 SET character_set_client = @saved_cs_client */;

--
-- Dumping data for table `qrtz_locks`
--

LOCK TABLES `qrtz_locks` WRITE;
/*!40000 ALTER TABLE `qrtz_locks` DISABLE KEYS */;
/*!40000 ALTER TABLE `qrtz_locks` ENABLE KEYS */;
UNLOCK TABLES;

--
-- Table structure for table `qrtz_paused_trigger_grps`
--

DROP TABLE IF EXISTS `qrtz_paused_trigger_grps`;
/*!40101 SET @saved_cs_client     = @@character_set_client */;
/*!40101 SET character_set_client = utf8 */;
CREATE TABLE `qrtz_paused_trigger_grps` (
  `sched_name` varchar(120) CHARACTER SET utf8mb4 COLLATE utf8mb4_0900_ai_ci NOT NULL COMMENT '调度名称',
  `trigger_group` varchar(200) CHARACTER SET utf8mb4 COLLATE utf8mb4_0900_ai_ci NOT NULL COMMENT 'qrtz_triggers表trigger_group的外键',
  PRIMARY KEY (`sched_name`,`trigger_group`) USING BTREE
) ENGINE=InnoDB DEFAULT CHARSET=utf8mb4 COLLATE=utf8mb4_0900_ai_ci ROW_FORMAT=DYNAMIC COMMENT='暂停的触发器表';
/*!40101 SET character_set_client = @saved_cs_client */;

--
-- Dumping data for table `qrtz_paused_trigger_grps`
--

LOCK TABLES `qrtz_paused_trigger_grps` WRITE;
/*!40000 ALTER TABLE `qrtz_paused_trigger_grps` DISABLE KEYS */;
/*!40000 ALTER TABLE `qrtz_paused_trigger_grps` ENABLE KEYS */;
UNLOCK TABLES;

--
-- Table structure for table `qrtz_scheduler_state`
--

DROP TABLE IF EXISTS `qrtz_scheduler_state`;
/*!40101 SET @saved_cs_client     = @@character_set_client */;
/*!40101 SET character_set_client = utf8 */;
CREATE TABLE `qrtz_scheduler_state` (
  `sched_name` varchar(120) CHARACTER SET utf8mb4 COLLATE utf8mb4_0900_ai_ci NOT NULL COMMENT '调度名称',
  `instance_name` varchar(200) CHARACTER SET utf8mb4 COLLATE utf8mb4_0900_ai_ci NOT NULL COMMENT '实例名称',
  `last_checkin_time` bigint NOT NULL COMMENT '上次检查时间',
  `checkin_interval` bigint NOT NULL COMMENT '检查间隔时间',
  PRIMARY KEY (`sched_name`,`instance_name`) USING BTREE
) ENGINE=InnoDB DEFAULT CHARSET=utf8mb4 COLLATE=utf8mb4_0900_ai_ci ROW_FORMAT=DYNAMIC COMMENT='调度器状态表';
/*!40101 SET character_set_client = @saved_cs_client */;

--
-- Dumping data for table `qrtz_scheduler_state`
--

LOCK TABLES `qrtz_scheduler_state` WRITE;
/*!40000 ALTER TABLE `qrtz_scheduler_state` DISABLE KEYS */;
/*!40000 ALTER TABLE `qrtz_scheduler_state` ENABLE KEYS */;
UNLOCK TABLES;

--
-- Table structure for table `qrtz_simple_triggers`
--

DROP TABLE IF EXISTS `qrtz_simple_triggers`;
/*!40101 SET @saved_cs_client     = @@character_set_client */;
/*!40101 SET character_set_client = utf8 */;
CREATE TABLE `qrtz_simple_triggers` (
  `sched_name` varchar(120) CHARACTER SET utf8mb4 COLLATE utf8mb4_0900_ai_ci NOT NULL COMMENT '调度名称',
  `trigger_name` varchar(200) CHARACTER SET utf8mb4 COLLATE utf8mb4_0900_ai_ci NOT NULL COMMENT 'qrtz_triggers表trigger_name的外键',
  `trigger_group` varchar(200) CHARACTER SET utf8mb4 COLLATE utf8mb4_0900_ai_ci NOT NULL COMMENT 'qrtz_triggers表trigger_group的外键',
  `repeat_count` bigint NOT NULL COMMENT '重复的次数统计',
  `repeat_interval` bigint NOT NULL COMMENT '重复的间隔时间',
  `times_triggered` bigint NOT NULL COMMENT '已经触发的次数',
  PRIMARY KEY (`sched_name`,`trigger_name`,`trigger_group`) USING BTREE,
  CONSTRAINT `qrtz_simple_triggers_ibfk_1` FOREIGN KEY (`sched_name`, `trigger_name`, `trigger_group`) REFERENCES `qrtz_triggers` (`sched_name`, `trigger_name`, `trigger_group`) ON DELETE RESTRICT ON UPDATE RESTRICT
) ENGINE=InnoDB DEFAULT CHARSET=utf8mb4 COLLATE=utf8mb4_0900_ai_ci ROW_FORMAT=DYNAMIC COMMENT='简单触发器的信息表';
/*!40101 SET character_set_client = @saved_cs_client */;

--
-- Dumping data for table `qrtz_simple_triggers`
--

LOCK TABLES `qrtz_simple_triggers` WRITE;
/*!40000 ALTER TABLE `qrtz_simple_triggers` DISABLE KEYS */;
/*!40000 ALTER TABLE `qrtz_simple_triggers` ENABLE KEYS */;
UNLOCK TABLES;

--
-- Table structure for table `qrtz_simprop_triggers`
--

DROP TABLE IF EXISTS `qrtz_simprop_triggers`;
/*!40101 SET @saved_cs_client     = @@character_set_client */;
/*!40101 SET character_set_client = utf8 */;
CREATE TABLE `qrtz_simprop_triggers` (
  `sched_name` varchar(120) CHARACTER SET utf8mb4 COLLATE utf8mb4_0900_ai_ci NOT NULL COMMENT '调度名称',
  `trigger_name` varchar(200) CHARACTER SET utf8mb4 COLLATE utf8mb4_0900_ai_ci NOT NULL COMMENT 'qrtz_triggers表trigger_name的外键',
  `trigger_group` varchar(200) CHARACTER SET utf8mb4 COLLATE utf8mb4_0900_ai_ci NOT NULL COMMENT 'qrtz_triggers表trigger_group的外键',
  `str_prop_1` varchar(512) CHARACTER SET utf8mb4 COLLATE utf8mb4_0900_ai_ci DEFAULT NULL COMMENT 'String类型的trigger的第一个参数',
  `str_prop_2` varchar(512) CHARACTER SET utf8mb4 COLLATE utf8mb4_0900_ai_ci DEFAULT NULL COMMENT 'String类型的trigger的第二个参数',
  `str_prop_3` varchar(512) CHARACTER SET utf8mb4 COLLATE utf8mb4_0900_ai_ci DEFAULT NULL COMMENT 'String类型的trigger的第三个参数',
  `int_prop_1` int DEFAULT NULL COMMENT 'int类型的trigger的第一个参数',
  `int_prop_2` int DEFAULT NULL COMMENT 'int类型的trigger的第二个参数',
  `long_prop_1` bigint DEFAULT NULL COMMENT 'long类型的trigger的第一个参数',
  `long_prop_2` bigint DEFAULT NULL COMMENT 'long类型的trigger的第二个参数',
  `dec_prop_1` decimal(13,4) DEFAULT NULL COMMENT 'decimal类型的trigger的第一个参数',
  `dec_prop_2` decimal(13,4) DEFAULT NULL COMMENT 'decimal类型的trigger的第二个参数',
  `bool_prop_1` varchar(1) CHARACTER SET utf8mb4 COLLATE utf8mb4_0900_ai_ci DEFAULT NULL COMMENT 'Boolean类型的trigger的第一个参数',
  `bool_prop_2` varchar(1) CHARACTER SET utf8mb4 COLLATE utf8mb4_0900_ai_ci DEFAULT NULL COMMENT 'Boolean类型的trigger的第二个参数',
  PRIMARY KEY (`sched_name`,`trigger_name`,`trigger_group`) USING BTREE,
  CONSTRAINT `qrtz_simprop_triggers_ibfk_1` FOREIGN KEY (`sched_name`, `trigger_name`, `trigger_group`) REFERENCES `qrtz_triggers` (`sched_name`, `trigger_name`, `trigger_group`) ON DELETE RESTRICT ON UPDATE RESTRICT
) ENGINE=InnoDB DEFAULT CHARSET=utf8mb4 COLLATE=utf8mb4_0900_ai_ci ROW_FORMAT=DYNAMIC COMMENT='同步机制的行锁表';
/*!40101 SET character_set_client = @saved_cs_client */;

--
-- Dumping data for table `qrtz_simprop_triggers`
--

LOCK TABLES `qrtz_simprop_triggers` WRITE;
/*!40000 ALTER TABLE `qrtz_simprop_triggers` DISABLE KEYS */;
/*!40000 ALTER TABLE `qrtz_simprop_triggers` ENABLE KEYS */;
UNLOCK TABLES;

--
-- Table structure for table `qrtz_triggers`
--

DROP TABLE IF EXISTS `qrtz_triggers`;
/*!40101 SET @saved_cs_client     = @@character_set_client */;
/*!40101 SET character_set_client = utf8 */;
CREATE TABLE `qrtz_triggers` (
  `sched_name` varchar(120) CHARACTER SET utf8mb4 COLLATE utf8mb4_0900_ai_ci NOT NULL COMMENT '调度名称',
  `trigger_name` varchar(200) CHARACTER SET utf8mb4 COLLATE utf8mb4_0900_ai_ci NOT NULL COMMENT '触发器的名字',
  `trigger_group` varchar(200) CHARACTER SET utf8mb4 COLLATE utf8mb4_0900_ai_ci NOT NULL COMMENT '触发器所属组的名字',
  `job_name` varchar(200) CHARACTER SET utf8mb4 COLLATE utf8mb4_0900_ai_ci NOT NULL COMMENT 'qrtz_job_details表job_name的外键',
  `job_group` varchar(200) CHARACTER SET utf8mb4 COLLATE utf8mb4_0900_ai_ci NOT NULL COMMENT 'qrtz_job_details表job_group的外键',
  `description` varchar(250) CHARACTER SET utf8mb4 COLLATE utf8mb4_0900_ai_ci DEFAULT NULL COMMENT '相关介绍',
  `next_fire_time` bigint DEFAULT NULL COMMENT '上一次触发时间（毫秒）',
  `prev_fire_time` bigint DEFAULT NULL COMMENT '下一次触发时间（默认为-1表示不触发）',
  `priority` int DEFAULT NULL COMMENT '优先级',
  `trigger_state` varchar(16) CHARACTER SET utf8mb4 COLLATE utf8mb4_0900_ai_ci NOT NULL COMMENT '触发器状态',
  `trigger_type` varchar(8) CHARACTER SET utf8mb4 COLLATE utf8mb4_0900_ai_ci NOT NULL COMMENT '触发器的类型',
  `start_time` bigint NOT NULL COMMENT '开始时间',
  `end_time` bigint DEFAULT NULL COMMENT '结束时间',
  `calendar_name` varchar(200) CHARACTER SET utf8mb4 COLLATE utf8mb4_0900_ai_ci DEFAULT NULL COMMENT '日程表名称',
  `misfire_instr` smallint DEFAULT NULL COMMENT '补偿执行的策略',
  `job_data` blob COMMENT '存放持久化job对象',
  PRIMARY KEY (`sched_name`,`trigger_name`,`trigger_group`) USING BTREE,
  KEY `sched_name` (`sched_name`,`job_name`,`job_group`) USING BTREE,
  CONSTRAINT `qrtz_triggers_ibfk_1` FOREIGN KEY (`sched_name`, `job_name`, `job_group`) REFERENCES `qrtz_job_details` (`sched_name`, `job_name`, `job_group`) ON DELETE RESTRICT ON UPDATE RESTRICT
) ENGINE=InnoDB DEFAULT CHARSET=utf8mb4 COLLATE=utf8mb4_0900_ai_ci ROW_FORMAT=DYNAMIC COMMENT='触发器详细信息表';
/*!40101 SET character_set_client = @saved_cs_client */;

--
-- Dumping data for table `qrtz_triggers`
--

LOCK TABLES `qrtz_triggers` WRITE;
/*!40000 ALTER TABLE `qrtz_triggers` DISABLE KEYS */;
/*!40000 ALTER TABLE `qrtz_triggers` ENABLE KEYS */;
UNLOCK TABLES;

--
-- Table structure for table `sand_association`
--

DROP TABLE IF EXISTS `sand_association`;
/*!40101 SET @saved_cs_client     = @@character_set_client */;
/*!40101 SET character_set_client = utf8 */;
CREATE TABLE `sand_association` (
  `qr_code_id` int NOT NULL AUTO_INCREMENT,
  `qr_code_name` varchar(255) NOT NULL,
  `qr_code` text NOT NULL,
  `usage_status` varchar(50) DEFAULT NULL,
  PRIMARY KEY (`qr_code_id`)
) ENGINE=InnoDB AUTO_INCREMENT=3 DEFAULT CHARSET=utf8mb4 COLLATE=utf8mb4_0900_ai_ci;
/*!40101 SET character_set_client = @saved_cs_client */;

--
-- Dumping data for table `sand_association`
--

LOCK TABLES `sand_association` WRITE;
/*!40000 ALTER TABLE `sand_association` DISABLE KEYS */;
/*!40000 ALTER TABLE `sand_association` ENABLE KEYS */;
UNLOCK TABLES;

--
-- Table structure for table `sandbox_zone`
--

DROP TABLE IF EXISTS `sandbox_zone`;
/*!40101 SET @saved_cs_client     = @@character_set_client */;
/*!40101 SET character_set_client = utf8 */;
CREATE TABLE `sandbox_zone` (
  `zone_id` int NOT NULL AUTO_INCREMENT,
  `name` varchar(255) CHARACTER SET utf8mb4 COLLATE utf8mb4_0900_ai_ci NOT NULL,
  `description` text CHARACTER SET utf8mb4 COLLATE utf8mb4_0900_ai_ci NOT NULL,
  `qr_code_id` int DEFAULT NULL,
  `factory_id` int DEFAULT NULL,
  PRIMARY KEY (`zone_id`) USING BTREE,
  UNIQUE KEY `sandbox_zone_name_uindex` (`name`) USING BTREE,
  KEY `qr_code_id` (`qr_code_id`) USING BTREE,
  KEY `factory_id` (`factory_id`) USING BTREE,
  CONSTRAINT `sandbox_zone_ibfk_1` FOREIGN KEY (`qr_code_id`) REFERENCES `qr_code` (`qr_code_id`) ON DELETE RESTRICT ON UPDATE RESTRICT,
  CONSTRAINT `sandbox_zone_ibfk_2` FOREIGN KEY (`factory_id`) REFERENCES `factory` (`factory_id`) ON DELETE RESTRICT ON UPDATE RESTRICT
) ENGINE=InnoDB AUTO_INCREMENT=29 DEFAULT CHARSET=utf8mb4 COLLATE=utf8mb4_0900_ai_ci ROW_FORMAT=DYNAMIC;
/*!40101 SET character_set_client = @saved_cs_client */;

--
-- Dumping data for table `sandbox_zone`
--

LOCK TABLES `sandbox_zone` WRITE;
/*!40000 ALTER TABLE `sandbox_zone` DISABLE KEYS */;
INSERT INTO `sandbox_zone` VALUES (18,'原料区','堆放原料包的分区。原料由货车运输来料。叉车将整托原料从来料货车上搬运至原料存放货架。需要生产时，由人工叉车将其中两种粉料原料运至原料上料机器人定制位。',20,8),(19,'混料区','均匀混合陶瓷原料、添加剂和溶剂。混料工序将陶瓷原料、添加剂（如分散剂、粘结剂、烧结助剂和增塑剂等）和溶剂按一定比例混合均匀，形成具有良好流动性和稳定性的浆料。固体原料包由上料机器人搬运至投料口，按照设置的配比参数输送至混料机。液体料由人工定量输送，将液体料输料管放入料桶，按照设定参数自动输送至混料机。',16,8),(20,'捏合区','无',NULL,8),(21,'挤出区','从陈腐后的泥坯料挤出陶瓷膜片。泥胚料箱由AGV小车搬运到膜片挤出上料工位。上料机器人负责抓取泥坯料，投料到挤出机入料口。挤出设备将膜片挤出、切断，由皮带输送线往前输送。每个膜片放置到毛毡板上，由下料机器人运送至膜片料架。膜片料架放满后，利用AGV自动搬运至干燥间。',17,8),(22,'干燥区','进行缓干工艺的分区。挤出成型的陶瓷膜片由AGV小车从挤出区搬运至干燥间，并按照设定的干燥时间（4天）进行缓干工艺。',14,8),(23,'烧成区','烧制陶瓷膜片的分区。在窑炉内高温烧结，形成致密结构。下料机器人将陶瓷膜片放置于承烧板上。接着，装卸窑机器人将叠放满膜片的承烧板搬运至窑车定置位，窑车装载完成后进入窑炉进行为期4天的烧制。烧制完成后窑车出炉，装卸窑机器人将陶瓷膜片叉取回定置位。',19,8),(24,'切割区','切割陶瓷膜片为成品尺寸，除尘及后处理。检测合格的膜片输送至切割区，切割长度为600mm±1mm，膜片切割完成后，由输送线输送至自动除尘区。',18,8),(25,'包装区','板式陶瓷膜成品检验与包装。经过胶装、缓干处理后的板式陶瓷膜成品送至包装区，检验合格后，人工将成品膜片进行包装处理。',12,8),(26,'仓储区','存放和管理板式陶瓷膜成品的区域。入库管理：成品经过质量检验合格后，由入库员负责接收、核对，将成品安全、有序地存放在货架上，并进行标识，以便快速识别和查找。库存管理：利用仓储管理系统（WMS）对库存进行实时监控和管理。出库管理：根据销售订单或发货计划，由出库员负责出库成品的核对，组织发货装车。',13,8);
/*!40000 ALTER TABLE `sandbox_zone` ENABLE KEYS */;
UNLOCK TABLES;

--
-- Table structure for table `school_applications`
--

DROP TABLE IF EXISTS `school_applications`;
/*!40101 SET @saved_cs_client     = @@character_set_client */;
/*!40101 SET character_set_client = utf8 */;
CREATE TABLE `school_applications` (
  `app_id` int NOT NULL AUTO_INCREMENT,
  `app_name` varchar(255) NOT NULL,
  `description` text,
  `version` varchar(50) NOT NULL,
  `release_date` date NOT NULL,
  PRIMARY KEY (`app_id`)
) ENGINE=InnoDB AUTO_INCREMENT=3 DEFAULT CHARSET=utf8mb4 COLLATE=utf8mb4_0900_ai_ci;
/*!40101 SET character_set_client = @saved_cs_client */;

--
-- Dumping data for table `school_applications`
--

LOCK TABLES `school_applications` WRITE;
/*!40000 ALTER TABLE `school_applications` DISABLE KEYS */;
/*!40000 ALTER TABLE `school_applications` ENABLE KEYS */;
UNLOCK TABLES;

--
-- Table structure for table `supply_batch`
--

DROP TABLE IF EXISTS `supply_batch`;
/*!40101 SET @saved_cs_client     = @@character_set_client */;
/*!40101 SET character_set_client = utf8 */;
CREATE TABLE `supply_batch` (
  `batch_id` int NOT NULL AUTO_INCREMENT,
  `quantity` int DEFAULT NULL,
  `unit` varchar(50) CHARACTER SET utf8mb4 COLLATE utf8mb4_0900_ai_ci DEFAULT NULL,
  `production_date` date DEFAULT NULL,
  `shelf_life` varchar(50) DEFAULT NULL,
  `manufacturer` varchar(255) CHARACTER SET utf8mb4 COLLATE utf8mb4_0900_ai_ci DEFAULT NULL,
  `material_id` int DEFAULT NULL,
  PRIMARY KEY (`batch_id`) USING BTREE,
  KEY `material_id` (`material_id`) USING BTREE,
  CONSTRAINT `supply_batch_ibfk_1` FOREIGN KEY (`material_id`) REFERENCES `material` (`material_id`) ON DELETE RESTRICT ON UPDATE RESTRICT
) ENGINE=InnoDB AUTO_INCREMENT=31 DEFAULT CHARSET=utf8mb4 COLLATE=utf8mb4_0900_ai_ci ROW_FORMAT=DYNAMIC;
/*!40101 SET character_set_client = @saved_cs_client */;

--
-- Dumping data for table `supply_batch`
--

LOCK TABLES `supply_batch` WRITE;
/*!40000 ALTER TABLE `supply_batch` DISABLE KEYS */;
INSERT INTO `supply_batch` VALUES (1,100,'包',NULL,'24','ECRF',1),(2,110,'包',NULL,'24','ECRF',1),(3,95,'包',NULL,'24','ECRF',1),(4,120,'包',NULL,'24','SWRF',2),(5,130,'包',NULL,'24','SWRF',2),(6,125,'包',NULL,'24','SWRF',2),(7,80,'包',NULL,'24','NCF',3),(8,90,'包',NULL,'24','NCF',3),(9,85,'包',NULL,'24','NCF',3),(10,150,'包',NULL,'24','WYR',4),(11,160,'包',NULL,'24','WYR',4),(12,155,'包',NULL,'24','WYR',4),(13,90,'包',NULL,'24','MTPQ',5),(14,100,'包',NULL,'24','MTPQ',5),(15,98,'包',NULL,'24','MTPQ',5),(16,110,'包',NULL,'24','ECRF',6),(17,120,'包',NULL,'24','ECRF',6),(18,115,'包',NULL,'24','ECRF',6),(19,70,'包',NULL,'24','SWRF',7),(20,80,'包',NULL,'24','SWRF',7),(21,75,'包',NULL,'24','SWRF',7),(22,130,'包',NULL,'24','NCF',8),(23,140,'包',NULL,'24','NCF',8),(24,135,'包',NULL,'24','NCF',8),(25,60,'包',NULL,'24','WYR',9),(26,70,'包',NULL,'24','WYR',9),(27,68,'包',NULL,'24','WYR',9),(28,140,'包',NULL,'24','MTPQ',10),(29,150,'包',NULL,'24','MTPQ',10),(30,148,'包',NULL,'24','MTPQ',10);
/*!40000 ALTER TABLE `supply_batch` ENABLE KEYS */;
UNLOCK TABLES;

--
-- Table structure for table `sys_config`
--

DROP TABLE IF EXISTS `sys_config`;
/*!40101 SET @saved_cs_client     = @@character_set_client */;
/*!40101 SET character_set_client = utf8 */;
CREATE TABLE `sys_config` (
  `config_id` int NOT NULL AUTO_INCREMENT COMMENT '参数主键',
  `config_name` varchar(100) CHARACTER SET utf8mb4 COLLATE utf8mb4_0900_ai_ci DEFAULT '' COMMENT '参数名称',
  `config_key` varchar(100) CHARACTER SET utf8mb4 COLLATE utf8mb4_0900_ai_ci DEFAULT '' COMMENT '参数键名',
  `config_value` varchar(500) CHARACTER SET utf8mb4 COLLATE utf8mb4_0900_ai_ci DEFAULT '' COMMENT '参数键值',
  `config_type` char(1) CHARACTER SET utf8mb4 COLLATE utf8mb4_0900_ai_ci DEFAULT 'N' COMMENT '系统内置（Y是 N否）',
  `create_by` varchar(64) CHARACTER SET utf8mb4 COLLATE utf8mb4_0900_ai_ci DEFAULT '' COMMENT '创建者',
  `create_time` datetime DEFAULT NULL COMMENT '创建时间',
  `update_by` varchar(64) CHARACTER SET utf8mb4 COLLATE utf8mb4_0900_ai_ci DEFAULT '' COMMENT '更新者',
  `update_time` datetime DEFAULT NULL COMMENT '更新时间',
  `remark` varchar(500) CHARACTER SET utf8mb4 COLLATE utf8mb4_0900_ai_ci DEFAULT NULL COMMENT '备注',
  PRIMARY KEY (`config_id`) USING BTREE
) ENGINE=InnoDB AUTO_INCREMENT=100 DEFAULT CHARSET=utf8mb4 COLLATE=utf8mb4_0900_ai_ci ROW_FORMAT=DYNAMIC COMMENT='参数配置表';
/*!40101 SET character_set_client = @saved_cs_client */;

--
-- Dumping data for table `sys_config`
--

LOCK TABLES `sys_config` WRITE;
/*!40000 ALTER TABLE `sys_config` DISABLE KEYS */;
INSERT INTO `sys_config` VALUES (1,'主框架页-默认皮肤样式名称','sys.index.skinName','skin-blue','Y','admin','2024-12-24 16:55:23','admin','2025-02-06 14:26:34','蓝色 skin-blue、绿色 skin-green、紫色 skin-purple、红色 skin-red、黄色 skin-yellow'),(2,'用户管理-账号初始密码','sys.user.initPassword','123456','Y','admin','2024-12-24 16:55:23','',NULL,'初始化密码 123456'),(3,'主框架页-侧边栏主题','sys.index.sideTheme','theme-light','Y','admin','2024-12-24 16:55:23','admin','2025-02-06 14:27:01','深色主题theme-dark，浅色主题theme-light'),(4,'账号自助-验证码开关','sys.account.captchaEnabled','true','Y','admin','2024-12-24 16:55:23','',NULL,'是否开启验证码功能（true开启，false关闭）'),(5,'账号自助-是否开启用户注册功能','sys.account.registerUser','true','Y','admin','2024-12-24 16:55:23','',NULL,'是否开启注册用户功能（true开启，false关闭）'),(6,'用户登录-黑名单列表','sys.login.blackIPList','','Y','admin','2024-12-24 16:55:23','',NULL,'设置登录IP黑名单限制，多个匹配项以;分隔，支持匹配（*通配、网段）');
/*!40000 ALTER TABLE `sys_config` ENABLE KEYS */;
UNLOCK TABLES;

--
-- Table structure for table `sys_dept`
--

DROP TABLE IF EXISTS `sys_dept`;
/*!40101 SET @saved_cs_client     = @@character_set_client */;
/*!40101 SET character_set_client = utf8 */;
CREATE TABLE `sys_dept` (
  `dept_id` bigint NOT NULL AUTO_INCREMENT COMMENT '部门id',
  `parent_id` bigint DEFAULT '0' COMMENT '父部门id',
  `ancestors` varchar(50) CHARACTER SET utf8mb4 COLLATE utf8mb4_0900_ai_ci DEFAULT '' COMMENT '祖级列表',
  `dept_name` varchar(30) CHARACTER SET utf8mb4 COLLATE utf8mb4_0900_ai_ci DEFAULT '' COMMENT '部门名称',
  `order_num` int DEFAULT '0' COMMENT '显示顺序',
  `leader` varchar(20) CHARACTER SET utf8mb4 COLLATE utf8mb4_0900_ai_ci DEFAULT NULL COMMENT '负责人',
  `phone` varchar(11) CHARACTER SET utf8mb4 COLLATE utf8mb4_0900_ai_ci DEFAULT NULL COMMENT '联系电话',
  `email` varchar(50) CHARACTER SET utf8mb4 COLLATE utf8mb4_0900_ai_ci DEFAULT NULL COMMENT '邮箱',
  `status` char(1) CHARACTER SET utf8mb4 COLLATE utf8mb4_0900_ai_ci DEFAULT '0' COMMENT '部门状态（0正常 1停用）',
  `del_flag` char(1) CHARACTER SET utf8mb4 COLLATE utf8mb4_0900_ai_ci DEFAULT '0' COMMENT '删除标志（0代表存在 2代表删除）',
  `create_by` varchar(64) CHARACTER SET utf8mb4 COLLATE utf8mb4_0900_ai_ci DEFAULT '' COMMENT '创建者',
  `create_time` datetime DEFAULT NULL COMMENT '创建时间',
  `update_by` varchar(64) CHARACTER SET utf8mb4 COLLATE utf8mb4_0900_ai_ci DEFAULT '' COMMENT '更新者',
  `update_time` datetime DEFAULT NULL COMMENT '更新时间',
  PRIMARY KEY (`dept_id`) USING BTREE
) ENGINE=InnoDB AUTO_INCREMENT=210 DEFAULT CHARSET=utf8mb4 COLLATE=utf8mb4_0900_ai_ci ROW_FORMAT=DYNAMIC COMMENT='部门表';
/*!40101 SET character_set_client = @saved_cs_client */;

--
-- Dumping data for table `sys_dept`
--

LOCK TABLES `sys_dept` WRITE;
/*!40000 ALTER TABLE `sys_dept` DISABLE KEYS */;
INSERT INTO `sys_dept` VALUES (100,0,'0','校企合作创新管理系统',0,'','15888888888','lazy@qq.com','0','0','admin','2024-12-24 16:55:22','admin','2025-05-07 11:06:35'),(101,100,'0,100','学校',1,'lazy','15888888888','lazy@qq.com','0','0','admin','2024-12-24 16:55:22','admin','2025-05-07 11:06:57'),(102,100,'0,100','企业',2,'lazy','15888888888','lazy@qq.com','0','0','admin','2024-12-24 16:55:22','admin','2025-05-07 11:13:49'),(103,101,'0,100,101','校级领导',1,'lazy','15888888888','lazy@qq.com','0','0','admin','2024-12-24 16:55:22','admin','2025-05-07 11:07:57'),(104,101,'0,100,101','中层管理部门',2,'若依','15888888888','ry@qq.com','0','0','admin','2024-12-24 16:55:22','admin','2025-05-07 11:08:37'),(105,101,'0,100,101','基层行政',3,'lazy','15888888888','lazy@qq.com','0','2','admin','2024-12-24 16:55:22','admin','2025-05-07 11:09:00'),(106,101,'0,100,101','教授',4,'若依','15888888888','ry@qq.com','0','0','admin','2024-12-24 16:55:22','admin','2025-05-07 11:09:27'),(107,101,'0,100,101','副教授',5,'lazy','15888888888','lazy@qq.com','0','2','admin','2024-12-24 16:55:22','admin','2025-05-07 11:09:49'),(108,102,'0,100,102','市场部门',1,'若依','15888888888','ry@qq.com','0','2','admin','2024-12-24 16:55:22','',NULL),(109,102,'0,100,102','财务部门',2,'若依','15888888888','ry@qq.com','0','2','admin','2024-12-24 16:55:22','',NULL),(200,101,'0,100,101','讲师',6,NULL,NULL,NULL,'0','0','admin','2025-05-07 11:10:06','',NULL),(201,101,'0,100,101','助教',7,NULL,NULL,NULL,'0','2','admin','2025-05-07 11:10:26','',NULL),(202,101,'0,100,101','辅导员',8,NULL,NULL,NULL,'0','0','admin','2025-05-07 11:11:10','',NULL),(203,101,'0,100,101','学生会',9,NULL,NULL,NULL,'0','0','admin','2025-05-07 11:12:40','',NULL),(204,101,'0,100,101','学生',10,NULL,NULL,NULL,'0','0','admin','2025-05-07 11:13:09','',NULL),(205,102,'0,100,102','技术专家',1,NULL,NULL,NULL,'0','0','admin','2025-05-07 11:17:11','',NULL),(206,102,'0,100,102','工程师',2,NULL,NULL,NULL,'0','0','admin','2025-05-07 11:17:23','',NULL),(207,102,'0,100,102','总监',3,NULL,NULL,NULL,'0','0','admin','2025-05-07 11:17:56','',NULL),(208,102,'0,100,102','主管',4,NULL,NULL,NULL,'0','0','admin','2025-05-07 11:19:11','',NULL),(209,102,'0,100,102','员工',5,NULL,NULL,NULL,'0','0','admin','2025-05-07 11:19:21','',NULL);
/*!40000 ALTER TABLE `sys_dept` ENABLE KEYS */;
UNLOCK TABLES;

--
-- Table structure for table `sys_dict_data`
--

DROP TABLE IF EXISTS `sys_dict_data`;
/*!40101 SET @saved_cs_client     = @@character_set_client */;
/*!40101 SET character_set_client = utf8 */;
CREATE TABLE `sys_dict_data` (
  `dict_code` bigint NOT NULL AUTO_INCREMENT COMMENT '字典编码',
  `dict_sort` int DEFAULT '0' COMMENT '字典排序',
  `dict_label` varchar(100) CHARACTER SET utf8mb4 COLLATE utf8mb4_0900_ai_ci DEFAULT '' COMMENT '字典标签',
  `dict_value` varchar(100) CHARACTER SET utf8mb4 COLLATE utf8mb4_0900_ai_ci DEFAULT '' COMMENT '字典键值',
  `dict_type` varchar(100) CHARACTER SET utf8mb4 COLLATE utf8mb4_0900_ai_ci DEFAULT '' COMMENT '字典类型',
  `css_class` varchar(100) CHARACTER SET utf8mb4 COLLATE utf8mb4_0900_ai_ci DEFAULT NULL COMMENT '样式属性（其他样式扩展）',
  `list_class` varchar(100) CHARACTER SET utf8mb4 COLLATE utf8mb4_0900_ai_ci DEFAULT NULL COMMENT '表格回显样式',
  `is_default` char(1) CHARACTER SET utf8mb4 COLLATE utf8mb4_0900_ai_ci DEFAULT 'N' COMMENT '是否默认（Y是 N否）',
  `status` char(1) CHARACTER SET utf8mb4 COLLATE utf8mb4_0900_ai_ci DEFAULT '0' COMMENT '状态（0正常 1停用）',
  `create_by` varchar(64) CHARACTER SET utf8mb4 COLLATE utf8mb4_0900_ai_ci DEFAULT '' COMMENT '创建者',
  `create_time` datetime DEFAULT NULL COMMENT '创建时间',
  `update_by` varchar(64) CHARACTER SET utf8mb4 COLLATE utf8mb4_0900_ai_ci DEFAULT '' COMMENT '更新者',
  `update_time` datetime DEFAULT NULL COMMENT '更新时间',
  `remark` varchar(500) CHARACTER SET utf8mb4 COLLATE utf8mb4_0900_ai_ci DEFAULT NULL COMMENT '备注',
  PRIMARY KEY (`dict_code`) USING BTREE
) ENGINE=InnoDB AUTO_INCREMENT=132 DEFAULT CHARSET=utf8mb4 COLLATE=utf8mb4_0900_ai_ci ROW_FORMAT=DYNAMIC COMMENT='字典数据表';
/*!40101 SET character_set_client = @saved_cs_client */;

--
-- Dumping data for table `sys_dict_data`
--

LOCK TABLES `sys_dict_data` WRITE;
/*!40000 ALTER TABLE `sys_dict_data` DISABLE KEYS */;
INSERT INTO `sys_dict_data` VALUES (1,1,'男','0','sys_user_sex','','','Y','0','admin','2024-12-24 16:55:23','',NULL,'性别男'),(2,2,'女','1','sys_user_sex','','','N','0','admin','2024-12-24 16:55:23','',NULL,'性别女'),(3,3,'未知','2','sys_user_sex','','','N','0','admin','2024-12-24 16:55:23','',NULL,'性别未知'),(4,1,'显示','0','sys_show_hide','','primary','Y','0','admin','2024-12-24 16:55:23','',NULL,'显示菜单'),(5,2,'隐藏','1','sys_show_hide','','danger','N','0','admin','2024-12-24 16:55:23','',NULL,'隐藏菜单'),(6,1,'正常','0','sys_normal_disable','','primary','Y','0','admin','2024-12-24 16:55:23','',NULL,'正常状态'),(7,2,'停用','1','sys_normal_disable','','danger','N','0','admin','2024-12-24 16:55:23','',NULL,'停用状态'),(8,1,'正常','0','sys_job_status','','primary','Y','0','admin','2024-12-24 16:55:23','',NULL,'正常状态'),(9,2,'暂停','1','sys_job_status','','danger','N','0','admin','2024-12-24 16:55:23','',NULL,'停用状态'),(10,1,'默认','DEFAULT','sys_job_group','','','Y','0','admin','2024-12-24 16:55:23','',NULL,'默认分组'),(11,2,'系统','SYSTEM','sys_job_group','','','N','0','admin','2024-12-24 16:55:23','',NULL,'系统分组'),(12,1,'是','Y','sys_yes_no','','primary','Y','0','admin','2024-12-24 16:55:23','',NULL,'系统默认是'),(13,2,'否','N','sys_yes_no','','danger','N','0','admin','2024-12-24 16:55:23','',NULL,'系统默认否'),(14,1,'通知','1','sys_notice_type','','warning','Y','0','admin','2024-12-24 16:55:23','',NULL,'通知'),(15,2,'公告','2','sys_notice_type','','success','N','0','admin','2024-12-24 16:55:23','',NULL,'公告'),(16,1,'正常','0','sys_notice_status','','primary','Y','0','admin','2024-12-24 16:55:23','',NULL,'正常状态'),(17,2,'关闭','1','sys_notice_status','','danger','N','0','admin','2024-12-24 16:55:23','',NULL,'关闭状态'),(18,99,'其他','0','sys_oper_type','','info','N','0','admin','2024-12-24 16:55:23','',NULL,'其他操作'),(19,1,'新增','1','sys_oper_type','','info','N','0','admin','2024-12-24 16:55:23','',NULL,'新增操作'),(20,2,'修改','2','sys_oper_type','','info','N','0','admin','2024-12-24 16:55:23','',NULL,'修改操作'),(21,3,'删除','3','sys_oper_type','','danger','N','0','admin','2024-12-24 16:55:23','',NULL,'删除操作'),(22,4,'授权','4','sys_oper_type','','primary','N','0','admin','2024-12-24 16:55:23','',NULL,'授权操作'),(23,5,'导出','5','sys_oper_type','','warning','N','0','admin','2024-12-24 16:55:23','',NULL,'导出操作'),(24,6,'导入','6','sys_oper_type','','warning','N','0','admin','2024-12-24 16:55:23','',NULL,'导入操作'),(25,7,'强退','7','sys_oper_type','','danger','N','0','admin','2024-12-24 16:55:23','',NULL,'强退操作'),(26,8,'生成代码','8','sys_oper_type','','warning','N','0','admin','2024-12-24 16:55:23','',NULL,'生成操作'),(27,9,'清空数据','9','sys_oper_type','','danger','N','0','admin','2024-12-24 16:55:23','',NULL,'清空操作'),(28,1,'成功','0','sys_common_status','','primary','N','0','admin','2024-12-24 16:55:23','',NULL,'正常状态'),(29,2,'失败','1','sys_common_status','','danger','N','0','admin','2024-12-24 16:55:23','',NULL,'停用状态'),(100,0,'JavaEE','0','course_subject',NULL,'default','N','0','ry','2025-01-07 21:06:13','ry','2025-01-07 21:06:45',NULL),(101,1,'Python+大数据','1','course_subject',NULL,'default','N','0','ry','2025-01-07 21:07:03','',NULL,NULL),(102,2,'鸿蒙应用开发','2','course_subject',NULL,'default','N','0','ry','2025-01-07 21:07:25','',NULL,NULL),(103,0,'小白学员','0','course_user',NULL,'default','N','0','ry','2025-01-07 21:23:24','',NULL,NULL),(104,1,'初级开发者','1','course_user',NULL,'default','N','0','ry','2025-01-07 21:23:36','',NULL,NULL),(105,2,'中级开发者','2','course_user',NULL,'default','N','0','ry','2025-01-07 21:23:51','',NULL,NULL),(106,3,'高级开发者','3','course_user',NULL,'default','N','0','ry','2025-01-07 21:24:07','',NULL,NULL),(107,0,'入库','0','transaction_type',NULL,'primary','N','0','admin','2025-01-14 17:40:38','admin','2025-01-21 21:06:37',NULL),(108,1,'出库','1','transaction_type',NULL,'success','N','0','admin','2025-01-14 17:41:05','admin','2025-01-14 19:53:44',NULL),(109,0,'水','0','ar_energy_type',NULL,'default','N','0','admin','2025-01-21 21:06:04','admin','2025-01-21 21:07:46',NULL),(110,1,'电力','1','ar_energy_type',NULL,'default','N','0','admin','2025-01-21 21:06:52','',NULL,NULL),(111,2,'天然气','2','ar_energy_type',NULL,'default','N','0','admin','2025-01-21 21:07:09','',NULL,NULL),(112,0,'展台','0','vr_carrier_type',NULL,'default','N','0','admin','2025-01-21 21:13:21','admin','2025-01-21 21:18:37',NULL),(113,1,'展板','1','vr_carrier_type',NULL,'default','N','0','admin','2025-01-21 21:13:32','admin','2025-01-21 21:18:47',NULL),(114,0,'空置','0','vr_carrier_status',NULL,'primary','N','0','admin','2025-01-21 21:15:01','admin','2025-01-21 21:15:05',NULL),(115,1,'展出','1','vr_carrier_status',NULL,'warning','N','0','admin','2025-01-21 21:15:15','admin','2025-01-21 21:17:47',NULL),(116,0,'未使用','0','use_status',NULL,'info','N','0','admin','2025-01-22 20:46:49','',NULL,NULL),(117,1,'已使用','1','use_status',NULL,'warning','N','0','admin','2025-01-22 20:47:08','admin','2025-01-22 20:47:18',NULL),(118,0,'正常使用','0','device_status',NULL,'primary','N','0','admin','2025-01-22 23:53:46','',NULL,NULL),(119,0,'检修','1','device_status',NULL,'danger','N','0','admin','2025-01-22 23:54:00','',NULL,NULL),(120,0,'文本','文本','vr_content_category',NULL,'default','N','0','admin','2025-01-24 14:26:51','admin','2025-01-24 14:44:01',NULL),(121,0,'图片','图片','vr_content_category',NULL,'default','N','0','admin','2025-01-24 14:27:03','admin','2025-01-24 14:44:09',NULL),(122,0,'动画','动画','vr_content_category',NULL,'default','N','0','admin','2025-01-24 14:27:11','admin','2025-01-24 14:44:14',NULL),(123,0,'声音和视频','声音和视频','vr_content_category',NULL,'default','N','0','admin','2025-01-24 14:27:23','admin','2025-01-24 14:44:22',NULL),(124,0,'3D模型','3D模型','vr_content_category',NULL,'default','N','0','admin','2025-01-24 14:27:39','admin','2025-01-24 14:44:37',NULL),(125,0,'VR场景','VR场景','vr_content_category',NULL,'default','N','0','admin','2025-01-24 14:28:07','admin','2025-01-24 14:44:47',NULL),(126,0,'纯文本','纯文本','ar_content_category',NULL,'default','N','0','admin','2025-01-24 22:02:27','',NULL,NULL),(127,0,'图文','图文','ar_content_category',NULL,'default','N','0','admin','2025-01-24 22:02:37','',NULL,NULL),(128,0,'视频','视频','ar_content_category',NULL,'default','N','0','admin','2025-01-24 22:02:44','',NULL,NULL),(129,0,'3D场景','3D场景','ar_content_category',NULL,'default','N','0','admin','2025-01-24 22:02:56','',NULL,NULL),(130,0,'二维码扫描','0','trigger_method',NULL,'success','N','0','admin','2025-02-12 17:40:23','admin','2025-02-12 17:42:53',NULL),(131,0,'AI识别','1','trigger_method',NULL,'success','N','0','admin','2025-02-12 17:40:47','admin','2025-02-12 17:42:57',NULL);
/*!40000 ALTER TABLE `sys_dict_data` ENABLE KEYS */;
UNLOCK TABLES;

--
-- Table structure for table `sys_dict_type`
--

DROP TABLE IF EXISTS `sys_dict_type`;
/*!40101 SET @saved_cs_client     = @@character_set_client */;
/*!40101 SET character_set_client = utf8 */;
CREATE TABLE `sys_dict_type` (
  `dict_id` bigint NOT NULL AUTO_INCREMENT COMMENT '字典主键',
  `dict_name` varchar(100) CHARACTER SET utf8mb4 COLLATE utf8mb4_0900_ai_ci DEFAULT '' COMMENT '字典名称',
  `dict_type` varchar(100) CHARACTER SET utf8mb4 COLLATE utf8mb4_0900_ai_ci DEFAULT '' COMMENT '字典类型',
  `status` char(1) CHARACTER SET utf8mb4 COLLATE utf8mb4_0900_ai_ci DEFAULT '0' COMMENT '状态（0正常 1停用）',
  `create_by` varchar(64) CHARACTER SET utf8mb4 COLLATE utf8mb4_0900_ai_ci DEFAULT '' COMMENT '创建者',
  `create_time` datetime DEFAULT NULL COMMENT '创建时间',
  `update_by` varchar(64) CHARACTER SET utf8mb4 COLLATE utf8mb4_0900_ai_ci DEFAULT '' COMMENT '更新者',
  `update_time` datetime DEFAULT NULL COMMENT '更新时间',
  `remark` varchar(500) CHARACTER SET utf8mb4 COLLATE utf8mb4_0900_ai_ci DEFAULT NULL COMMENT '备注',
  PRIMARY KEY (`dict_id`) USING BTREE,
  UNIQUE KEY `dict_type` (`dict_type`) USING BTREE
) ENGINE=InnoDB AUTO_INCREMENT=111 DEFAULT CHARSET=utf8mb4 COLLATE=utf8mb4_0900_ai_ci ROW_FORMAT=DYNAMIC COMMENT='字典类型表';
/*!40101 SET character_set_client = @saved_cs_client */;

--
-- Dumping data for table `sys_dict_type`
--

LOCK TABLES `sys_dict_type` WRITE;
/*!40000 ALTER TABLE `sys_dict_type` DISABLE KEYS */;
INSERT INTO `sys_dict_type` VALUES (1,'用户性别','sys_user_sex','0','admin','2024-12-24 16:55:23','',NULL,'用户性别列表'),(2,'菜单状态','sys_show_hide','0','admin','2024-12-24 16:55:23','',NULL,'菜单状态列表'),(3,'系统开关','sys_normal_disable','0','admin','2024-12-24 16:55:23','',NULL,'系统开关列表'),(4,'任务状态','sys_job_status','0','admin','2024-12-24 16:55:23','',NULL,'任务状态列表'),(5,'任务分组','sys_job_group','0','admin','2024-12-24 16:55:23','',NULL,'任务分组列表'),(6,'系统是否','sys_yes_no','0','admin','2024-12-24 16:55:23','',NULL,'系统是否列表'),(7,'通知类型','sys_notice_type','0','admin','2024-12-24 16:55:23','',NULL,'通知类型列表'),(8,'通知状态','sys_notice_status','0','admin','2024-12-24 16:55:23','',NULL,'通知状态列表'),(9,'操作类型','sys_oper_type','0','admin','2024-12-24 16:55:23','',NULL,'操作类型列表'),(10,'系统状态','sys_common_status','0','admin','2024-12-24 16:55:23','',NULL,'登录状态列表'),(100,'课程学科','course_subject','0','ry','2025-01-07 21:04:30','ry','2025-01-07 21:22:54','课程学科'),(101,'适用人群','course_user','0','ry','2025-01-07 21:21:59','ry','2025-01-07 21:22:25','适用人群'),(102,'出入库类型','transaction_type','0','admin','2025-01-14 17:36:15','admin','2025-01-21 21:08:07','出入库类型'),(103,'能耗清单类型','ar_energy_type','0','admin','2025-01-21 21:05:15','admin','2025-01-21 21:05:25','能耗清单类型'),(104,'载体类型','vr_carrier_type','0','admin','2025-01-21 21:12:49','admin','2025-01-21 21:14:44','载体类型\n'),(105,'载体状态','vr_carrier_status','0','admin','2025-01-21 21:14:21','',NULL,'载体状态'),(106,'使用情况','use_status','0','admin','2025-01-22 20:46:26','',NULL,'使用情况'),(107,'设备状态','device_status','0','admin','2025-01-22 23:53:29','',NULL,'设备状态'),(108,'VR内容类别','vr_content_category','0','admin','2025-01-24 14:25:15','',NULL,'VR内容类别'),(109,'AR内容类别','ar_content_category','0','admin','2025-01-24 22:02:03','',NULL,'AR内容类别'),(110,'默认触发方式','trigger_method','0','admin','2025-02-12 17:40:01','',NULL,'默认触发方式');
/*!40000 ALTER TABLE `sys_dict_type` ENABLE KEYS */;
UNLOCK TABLES;

--
-- Table structure for table `sys_job`
--

DROP TABLE IF EXISTS `sys_job`;
/*!40101 SET @saved_cs_client     = @@character_set_client */;
/*!40101 SET character_set_client = utf8 */;
CREATE TABLE `sys_job` (
  `job_id` bigint NOT NULL AUTO_INCREMENT COMMENT '任务ID',
  `job_name` varchar(64) CHARACTER SET utf8mb4 COLLATE utf8mb4_0900_ai_ci NOT NULL DEFAULT '' COMMENT '任务名称',
  `job_group` varchar(64) CHARACTER SET utf8mb4 COLLATE utf8mb4_0900_ai_ci NOT NULL DEFAULT 'DEFAULT' COMMENT '任务组名',
  `invoke_target` varchar(500) CHARACTER SET utf8mb4 COLLATE utf8mb4_0900_ai_ci NOT NULL COMMENT '调用目标字符串',
  `cron_expression` varchar(255) CHARACTER SET utf8mb4 COLLATE utf8mb4_0900_ai_ci DEFAULT '' COMMENT 'cron执行表达式',
  `misfire_policy` varchar(20) CHARACTER SET utf8mb4 COLLATE utf8mb4_0900_ai_ci DEFAULT '3' COMMENT '计划执行错误策略（1立即执行 2执行一次 3放弃执行）',
  `concurrent` char(1) CHARACTER SET utf8mb4 COLLATE utf8mb4_0900_ai_ci DEFAULT '1' COMMENT '是否并发执行（0允许 1禁止）',
  `status` char(1) CHARACTER SET utf8mb4 COLLATE utf8mb4_0900_ai_ci DEFAULT '0' COMMENT '状态（0正常 1暂停）',
  `create_by` varchar(64) CHARACTER SET utf8mb4 COLLATE utf8mb4_0900_ai_ci DEFAULT '' COMMENT '创建者',
  `create_time` datetime DEFAULT NULL COMMENT '创建时间',
  `update_by` varchar(64) CHARACTER SET utf8mb4 COLLATE utf8mb4_0900_ai_ci DEFAULT '' COMMENT '更新者',
  `update_time` datetime DEFAULT NULL COMMENT '更新时间',
  `remark` varchar(500) CHARACTER SET utf8mb4 COLLATE utf8mb4_0900_ai_ci DEFAULT '' COMMENT '备注信息',
  PRIMARY KEY (`job_id`,`job_name`,`job_group`) USING BTREE
) ENGINE=InnoDB AUTO_INCREMENT=102 DEFAULT CHARSET=utf8mb4 COLLATE=utf8mb4_0900_ai_ci ROW_FORMAT=DYNAMIC COMMENT='定时任务调度表';
/*!40101 SET character_set_client = @saved_cs_client */;

--
-- Dumping data for table `sys_job`
--

LOCK TABLES `sys_job` WRITE;
/*!40000 ALTER TABLE `sys_job` DISABLE KEYS */;
INSERT INTO `sys_job` VALUES (1,'系统默认（无参）','DEFAULT','ryTask.ryNoParams','0/10 * * * * ?','3','1','1','admin','2024-12-24 16:55:24','',NULL,''),(2,'系统默认（有参）','DEFAULT','ryTask.ryParams(\'ry\')','0/15 * * * * ?','3','1','1','admin','2024-12-24 16:55:24','',NULL,''),(3,'系统默认（多参）','DEFAULT','ryTask.ryMultipleParams(\'ry\', true, 2000L, 316.50D, 100)','0/20 * * * * ?','3','1','1','admin','2024-12-24 16:55:24','',NULL,''),(101,'showTime','DEFAULT','mytask.showTime()','0/5 * * * * ?','1','1','1','admin','2025-02-06 14:54:43','','2025-02-06 14:55:52','');
/*!40000 ALTER TABLE `sys_job` ENABLE KEYS */;
UNLOCK TABLES;

--
-- Table structure for table `sys_job_log`
--

DROP TABLE IF EXISTS `sys_job_log`;
/*!40101 SET @saved_cs_client     = @@character_set_client */;
/*!40101 SET character_set_client = utf8 */;
CREATE TABLE `sys_job_log` (
  `job_log_id` bigint NOT NULL AUTO_INCREMENT COMMENT '任务日志ID',
  `job_name` varchar(64) CHARACTER SET utf8mb4 COLLATE utf8mb4_0900_ai_ci NOT NULL COMMENT '任务名称',
  `job_group` varchar(64) CHARACTER SET utf8mb4 COLLATE utf8mb4_0900_ai_ci NOT NULL COMMENT '任务组名',
  `invoke_target` varchar(500) CHARACTER SET utf8mb4 COLLATE utf8mb4_0900_ai_ci NOT NULL COMMENT '调用目标字符串',
  `job_message` varchar(500) CHARACTER SET utf8mb4 COLLATE utf8mb4_0900_ai_ci DEFAULT NULL COMMENT '日志信息',
  `status` char(1) CHARACTER SET utf8mb4 COLLATE utf8mb4_0900_ai_ci DEFAULT '0' COMMENT '执行状态（0正常 1失败）',
  `exception_info` varchar(2000) CHARACTER SET utf8mb4 COLLATE utf8mb4_0900_ai_ci DEFAULT '' COMMENT '异常信息',
  `create_time` datetime DEFAULT NULL COMMENT '创建时间',
  PRIMARY KEY (`job_log_id`) USING BTREE
) ENGINE=InnoDB AUTO_INCREMENT=15 DEFAULT CHARSET=utf8mb4 COLLATE=utf8mb4_0900_ai_ci ROW_FORMAT=DYNAMIC COMMENT='定时任务调度日志表';
/*!40101 SET character_set_client = @saved_cs_client */;

--
-- Dumping data for table `sys_job_log`
--

LOCK TABLES `sys_job_log` WRITE;
/*!40000 ALTER TABLE `sys_job_log` DISABLE KEYS */;
INSERT INTO `sys_job_log` VALUES (1,'showTime','DEFAULT','mytask.showTime()','showTime 总共耗时：3毫秒','0','','2025-02-06 14:55:05'),(2,'showTime','DEFAULT','mytask.showTime()','showTime 总共耗时：0毫秒','0','','2025-02-06 14:55:05'),(3,'showTime','DEFAULT','mytask.showTime()','showTime 总共耗时：0毫秒','0','','2025-02-06 14:55:05'),(4,'showTime','DEFAULT','mytask.showTime()','showTime 总共耗时：0毫秒','0','','2025-02-06 14:55:05'),(5,'showTime','DEFAULT','mytask.showTime()','showTime 总共耗时：0毫秒','0','','2025-02-06 14:55:05'),(6,'showTime','DEFAULT','mytask.showTime()','showTime 总共耗时：0毫秒','0','','2025-02-06 14:55:10'),(7,'showTime','DEFAULT','mytask.showTime()','showTime 总共耗时：0毫秒','0','','2025-02-06 14:55:15'),(8,'showTime','DEFAULT','mytask.showTime()','showTime 总共耗时：0毫秒','0','','2025-02-06 14:55:20'),(9,'showTime','DEFAULT','mytask.showTime()','showTime 总共耗时：0毫秒','0','','2025-02-06 14:55:25'),(10,'showTime','DEFAULT','mytask.showTime()','showTime 总共耗时：2毫秒','0','','2025-02-06 14:55:30'),(11,'showTime','DEFAULT','mytask.showTime()','showTime 总共耗时：0毫秒','0','','2025-02-06 14:55:35'),(12,'showTime','DEFAULT','mytask.showTime()','showTime 总共耗时：0毫秒','0','','2025-02-06 14:55:40'),(13,'showTime','DEFAULT','mytask.showTime()','showTime 总共耗时：0毫秒','0','','2025-02-06 14:55:45'),(14,'showTime','DEFAULT','mytask.showTime()','showTime 总共耗时：0毫秒','0','','2025-02-06 14:55:50');
/*!40000 ALTER TABLE `sys_job_log` ENABLE KEYS */;
UNLOCK TABLES;

--
-- Table structure for table `sys_logininfor`
--

DROP TABLE IF EXISTS `sys_logininfor`;
/*!40101 SET @saved_cs_client     = @@character_set_client */;
/*!40101 SET character_set_client = utf8 */;
CREATE TABLE `sys_logininfor` (
  `info_id` bigint NOT NULL AUTO_INCREMENT COMMENT '访问ID',
  `user_name` varchar(50) CHARACTER SET utf8mb4 COLLATE utf8mb4_0900_ai_ci DEFAULT '' COMMENT '用户账号',
  `ipaddr` varchar(128) CHARACTER SET utf8mb4 COLLATE utf8mb4_0900_ai_ci DEFAULT '' COMMENT '登录IP地址',
  `login_location` varchar(255) CHARACTER SET utf8mb4 COLLATE utf8mb4_0900_ai_ci DEFAULT '' COMMENT '登录地点',
  `browser` varchar(50) CHARACTER SET utf8mb4 COLLATE utf8mb4_0900_ai_ci DEFAULT '' COMMENT '浏览器类型',
  `os` varchar(50) CHARACTER SET utf8mb4 COLLATE utf8mb4_0900_ai_ci DEFAULT '' COMMENT '操作系统',
  `status` char(1) CHARACTER SET utf8mb4 COLLATE utf8mb4_0900_ai_ci DEFAULT '0' COMMENT '登录状态（0成功 1失败）',
  `msg` varchar(255) CHARACTER SET utf8mb4 COLLATE utf8mb4_0900_ai_ci DEFAULT '' COMMENT '提示消息',
  `login_time` datetime DEFAULT NULL COMMENT '访问时间',
  PRIMARY KEY (`info_id`) USING BTREE,
  KEY `idx_sys_logininfor_s` (`status`) USING BTREE,
  KEY `idx_sys_logininfor_lt` (`login_time`) USING BTREE
) ENGINE=InnoDB AUTO_INCREMENT=303 DEFAULT CHARSET=utf8mb4 COLLATE=utf8mb4_0900_ai_ci ROW_FORMAT=DYNAMIC COMMENT='系统访问记录';
/*!40101 SET character_set_client = @saved_cs_client */;

--
-- Dumping data for table `sys_logininfor`
--

LOCK TABLES `sys_logininfor` WRITE;
/*!40000 ALTER TABLE `sys_logininfor` DISABLE KEYS */;
INSERT INTO `sys_logininfor` VALUES (100,'admin','127.0.0.1','内网IP','Chrome 13','Windows 10','1','验证码已失效','2024-12-25 10:57:40'),(101,'admin','127.0.0.1','内网IP','Chrome 13','Windows 10','0','登录成功','2024-12-25 10:57:45'),(102,'admin','127.0.0.1','内网IP','Chrome 13','Windows 10','1','验证码错误','2024-12-25 16:52:45'),(103,'admin','127.0.0.1','内网IP','Chrome 13','Windows 10','0','登录成功','2024-12-25 16:52:48'),(104,'admin','127.0.0.1','内网IP','Chrome 13','Windows 10','0','登录成功','2024-12-25 18:28:39'),(105,'admin','127.0.0.1','内网IP','Chrome 13','Windows 10','0','登录成功','2024-12-26 14:46:52'),(106,'admin','127.0.0.1','内网IP','Chrome 13','Windows 10','0','登录成功','2025-01-03 15:54:59'),(107,'admin','127.0.0.1','内网IP','Chrome 13','Windows 10','0','退出成功','2025-01-03 16:37:05'),(108,'admin','127.0.0.1','内网IP','Chrome 13','Windows 10','0','登录成功','2025-01-03 16:38:09'),(109,'admin','127.0.0.1','内网IP','Chrome 13','Windows 10','0','登录成功','2025-01-03 18:12:51'),(110,'admin','127.0.0.1','内网IP','Chrome 13','Windows 10','0','登录成功','2025-01-04 11:03:00'),(111,'admin','127.0.0.1','内网IP','Chrome 13','Windows 10','0','登录成功','2025-01-04 16:23:35'),(112,'admin','127.0.0.1','内网IP','Chrome 13','Windows 10','0','登录成功','2025-01-07 20:09:52'),(113,'admin','127.0.0.1','内网IP','Chrome 13','Windows 10','0','登录成功','2025-01-07 20:22:50'),(114,'admin','127.0.0.1','内网IP','Chrome 13','Windows 10','0','登录成功','2025-01-07 20:25:15'),(115,'admin','127.0.0.1','内网IP','Chrome 13','Windows 10','0','退出成功','2025-01-07 20:37:08'),(116,'lazy','127.0.0.1','内网IP','Chrome 13','Windows 10','0','登录成功','2025-01-07 20:37:18'),(117,'lazy','127.0.0.1','内网IP','Chrome 13','Windows 10','0','退出成功','2025-01-07 20:37:33'),(118,'admin','127.0.0.1','内网IP','Chrome 13','Windows 10','1','用户不存在/密码错误','2025-01-07 20:37:40'),(119,'admin','127.0.0.1','内网IP','Chrome 13','Windows 10','1','用户不存在/密码错误','2025-01-07 20:38:05'),(120,'admin','127.0.0.1','内网IP','Chrome 13','Windows 10','1','用户不存在/密码错误','2025-01-07 20:38:40'),(121,'admin','127.0.0.1','内网IP','Chrome 13','Windows 10','1','验证码错误','2025-01-07 20:38:49'),(122,'admin','127.0.0.1','内网IP','Chrome 13','Windows 10','0','登录成功','2025-01-07 20:38:54'),(123,'admin','127.0.0.1','内网IP','Chrome 13','Windows 10','0','退出成功','2025-01-07 20:39:55'),(124,'ry','127.0.0.1','内网IP','Chrome 13','Windows 10','1','用户不存在/密码错误','2025-01-07 20:40:07'),(125,'ry','127.0.0.1','内网IP','Chrome 13','Windows 10','0','登录成功','2025-01-07 20:41:30'),(126,'admin','127.0.0.1','内网IP','Chrome 13','Windows 10','0','登录成功','2025-01-09 12:06:04'),(127,'admin','127.0.0.1','内网IP','Chrome 13','Windows 10','0','登录成功','2025-01-09 14:23:11'),(128,'admin','127.0.0.1','内网IP','Chrome 13','Windows 10','0','登录成功','2025-01-09 16:46:22'),(129,'admin','127.0.0.1','内网IP','Chrome 13','Windows 10','0','登录成功','2025-01-09 18:29:29'),(130,'admin','127.0.0.1','内网IP','Chrome 13','Windows 10','0','登录成功','2025-01-10 17:11:42'),(131,'admin','127.0.0.1','内网IP','Chrome 13','Windows 10','0','登录成功','2025-01-13 09:40:22'),(132,'admin','127.0.0.1','内网IP','Chrome 13','Windows 10','0','登录成功','2025-01-13 13:57:25'),(133,'admin','127.0.0.1','内网IP','Chrome 13','Windows 10','0','登录成功','2025-01-13 15:15:57'),(134,'admin','127.0.0.1','内网IP','Chrome 13','Windows 10','1','验证码已失效','2025-01-14 11:33:00'),(135,'admin','127.0.0.1','内网IP','Chrome 13','Windows 10','1','验证码错误','2025-01-14 11:33:04'),(136,'admin','127.0.0.1','内网IP','Chrome 13','Windows 10','0','登录成功','2025-01-14 11:33:10'),(137,'admin','127.0.0.1','内网IP','Chrome 13','Windows 10','0','登录成功','2025-01-16 20:45:19'),(138,'admin','127.0.0.1','内网IP','Chrome 13','Windows 10','0','登录成功','2025-01-17 09:18:03'),(139,'admin','127.0.0.1','内网IP','Chrome 13','Windows 10','0','登录成功','2025-01-20 14:26:27'),(140,'admin','127.0.0.1','内网IP','Chrome 13','Windows 10','0','退出成功','2025-01-20 19:40:10'),(141,'admin','127.0.0.1','内网IP','Chrome 13','Windows 10','0','登录成功','2025-01-20 19:40:36'),(142,'admin','127.0.0.1','内网IP','Chrome 13','Windows 10','0','登录成功','2025-01-21 19:35:01'),(143,'admin','127.0.0.1','内网IP','Chrome 13','Windows 10','0','退出成功','2025-01-21 20:17:07'),(144,'admin','127.0.0.1','内网IP','Chrome 13','Windows 10','0','登录成功','2025-01-21 20:17:36'),(145,'admin','127.0.0.1','内网IP','Chrome 13','Windows 10','0','登录成功','2025-01-22 09:38:28'),(146,'admin','127.0.0.1','内网IP','Chrome 13','Windows 10','0','登录成功','2025-01-24 10:23:14'),(147,'admin','127.0.0.1','内网IP','Chrome 13','Windows 10','0','登录成功','2025-01-25 10:24:08'),(148,'admin','127.0.0.1','内网IP','Chrome 13','Windows 10','0','登录成功','2025-01-25 15:43:19'),(149,'admin','127.0.0.1','内网IP','Chrome 13','Windows 10','0','登录成功','2025-01-26 09:29:43'),(150,'admin','127.0.0.1','内网IP','Chrome 13','Windows 10','0','登录成功','2025-02-07 09:14:54'),(151,'admin','127.0.0.1','内网IP','Chrome 13','Windows 10','0','退出成功','2025-02-07 15:13:17'),(152,'admin','127.0.0.1','内网IP','Chrome 13','Windows 10','0','登录成功','2025-02-07 15:14:11'),(153,'admin','127.0.0.1','内网IP','Chrome 13','Windows 10','0','退出成功','2025-02-07 17:31:43'),(154,'admin','127.0.0.1','内网IP','Chrome 13','Windows 10','0','登录成功','2025-02-07 17:31:49'),(155,'admin','127.0.0.1','内网IP','Chrome 13','Windows 10','0','退出成功','2025-02-07 17:50:04'),(156,'admin','127.0.0.1','内网IP','Chrome 13','Windows 10','0','登录成功','2025-02-07 17:50:31'),(157,'admin','127.0.0.1','内网IP','Chrome 13','Windows 10','0','登录成功','2025-02-08 16:19:53'),(158,'admin','127.0.0.1','内网IP','Chrome 13','Windows 10','0','登录成功','2025-02-10 09:08:56'),(159,'admin','127.0.0.1','内网IP','Chrome 13','Windows 10','0','退出成功','2025-02-10 15:19:18'),(160,'admin','127.0.0.1','内网IP','Chrome 13','Windows 10','0','登录成功','2025-02-10 15:23:25'),(161,'admin','127.0.0.1','内网IP','Chrome 13','Windows 10','0','退出成功','2025-02-10 15:52:12'),(162,'admin','127.0.0.1','内网IP','Chrome 13','Windows 10','0','登录成功','2025-02-10 16:10:51'),(163,'admin','127.0.0.1','内网IP','Chrome 13','Windows 10','0','退出成功','2025-02-10 16:47:39'),(164,'admin','127.0.0.1','内网IP','Chrome 13','Windows 10','0','登录成功','2025-02-10 16:48:03'),(165,'admin','127.0.0.1','内网IP','Chrome 13','Windows 10','0','登录成功','2025-02-11 09:02:36'),(166,'admin','127.0.0.1','内网IP','Chrome 13','Windows 10','0','退出成功','2025-02-11 09:04:05'),(167,'yyy','127.0.0.1','内网IP','Chrome 13','Windows 10','0','注册成功','2025-02-11 09:05:25'),(168,'yyy','127.0.0.1','内网IP','Chrome 13','Windows 10','0','登录成功','2025-02-11 09:05:38'),(169,'yyy','127.0.0.1','内网IP','Chrome 13','Windows 10','0','登录成功','2025-02-12 17:12:12'),(170,'yyy','127.0.0.1','内网IP','Chrome 13','Windows 10','0','退出成功','2025-02-12 17:12:21'),(171,'yyy','127.0.0.1','内网IP','Chrome 13','Windows 10','1','用户不存在/密码错误','2025-02-12 17:12:27'),(172,'yyy','127.0.0.1','内网IP','Chrome 13','Windows 10','1','用户不存在/密码错误','2025-02-12 17:12:32'),(173,'yyy','127.0.0.1','内网IP','Chrome 13','Windows 10','1','验证码错误','2025-02-12 17:12:39'),(174,'yyy','127.0.0.1','内网IP','Chrome 13','Windows 10','0','登录成功','2025-02-12 17:12:44'),(175,'yyy','127.0.0.1','内网IP','Chrome 13','Windows 10','0','退出成功','2025-02-12 17:13:06'),(176,'admin','127.0.0.1','内网IP','Chrome 13','Windows 10','1','用户不存在/密码错误','2025-02-12 17:13:11'),(177,'ruoyi','127.0.0.1','内网IP','Chrome 13','Windows 10','1','用户不存在/密码错误','2025-02-12 17:14:17'),(178,'ry','127.0.0.1','内网IP','Chrome 13','Windows 10','0','登录成功','2025-02-12 17:14:25'),(179,'ry','127.0.0.1','内网IP','Chrome 13','Windows 10','0','退出成功','2025-02-12 17:15:32'),(180,'lazy','127.0.0.1','内网IP','Chrome 13','Windows 10','1','用户不存在/密码错误','2025-02-12 17:15:42'),(181,'admin','127.0.0.1','内网IP','Chrome 13','Windows 10','1','用户不存在/密码错误','2025-02-12 17:16:37'),(182,'admin','127.0.0.1','内网IP','Chrome 13','Windows 10','1','验证码已失效','2025-02-12 17:21:46'),(183,'admin','127.0.0.1','内网IP','Chrome 13','Windows 10','0','登录成功','2025-02-12 17:21:50'),(184,'admin','127.0.0.1','内网IP','Chrome 13','Windows 10','0','登录成功','2025-02-14 09:06:56'),(185,'admin','127.0.0.1','内网IP','Chrome 13','Windows 10','0','登录成功','2025-02-22 17:10:42'),(186,'admin','127.0.0.1','内网IP','Chrome 13','Windows 10','0','登录成功','2025-02-24 09:49:41'),(187,'admin','127.0.0.1','内网IP','Chrome 13','Windows 10','0','登录成功','2025-02-26 16:12:41'),(188,'admin','127.0.0.1','内网IP','Chrome 13','Windows 10','0','登录成功','2025-03-20 21:21:54'),(189,'admin','127.0.0.1','内网IP','Chrome 13','Windows 10','0','登录成功','2025-03-21 11:32:40'),(190,'admin','127.0.0.1','内网IP','Chrome 13','Windows 10','0','退出成功','2025-03-22 11:21:22'),(191,'admin','127.0.0.1','内网IP','Chrome 13','Windows 10','0','登录成功','2025-03-22 11:44:15'),(192,'admin','127.0.0.1','内网IP','Chrome 13','Windows 10','0','退出成功','2025-03-22 11:44:23'),(193,'admin','127.0.0.1','内网IP','Chrome 13','Windows 10','0','登录成功','2025-03-22 11:44:39'),(194,'ry','127.0.0.1','内网IP','Chrome 13','Windows 10','1','验证码错误','2025-03-22 11:44:44'),(195,'ry','127.0.0.1','内网IP','Chrome 13','Windows 10','1','验证码错误','2025-03-22 11:44:49'),(196,'ry','127.0.0.1','内网IP','Chrome 13','Windows 10','0','登录成功','2025-03-22 11:44:53'),(197,'ry','127.0.0.1','内网IP','Chrome 13','Windows 10','0','退出成功','2025-03-22 11:45:09'),(198,'ry','127.0.0.1','内网IP','Chrome 13','Windows 10','0','登录成功','2025-03-25 11:50:03'),(199,'ry','127.0.0.1','内网IP','Chrome 13','Windows 10','0','登录成功','2025-03-25 11:50:15'),(200,'ry','127.0.0.1','内网IP','Chrome 13','Windows 10','0','退出成功','2025-03-25 11:50:19'),(201,'ry','127.0.0.1','内网IP','Chrome 13','Windows 10','1','验证码错误','2025-03-25 11:50:23'),(202,'ry','127.0.0.1','内网IP','Chrome 13','Windows 10','0','登录成功','2025-03-25 11:50:26'),(203,'ry','127.0.0.1','内网IP','Chrome 13','Windows 10','0','登录成功','2025-03-25 11:50:34'),(204,'admin','127.0.0.1','内网IP','Chrome 13','Windows 10','0','登录成功','2025-03-25 11:50:39'),(205,'admin','127.0.0.1','内网IP','Chrome 13','Windows 10','0','登录成功','2025-04-12 15:17:06'),(206,'admin','127.0.0.1','内网IP','Chrome 13','Windows 10','1','验证码已失效','2025-04-21 16:56:05'),(207,'admin','127.0.0.1','内网IP','Chrome 13','Windows 10','0','登录成功','2025-04-21 16:56:10'),(208,'admin','127.0.0.1','内网IP','Chrome 13','Windows 10','0','登录成功','2025-04-29 11:05:06'),(209,'admin','127.0.0.1','内网IP','Chrome 13','Windows 10','1','验证码错误','2025-04-29 14:56:39'),(210,'admin','127.0.0.1','内网IP','Chrome 13','Windows 10','0','登录成功','2025-04-29 14:56:43'),(211,'admin','127.0.0.1','内网IP','Chrome 13','Windows 10','0','退出成功','2025-04-30 14:45:47'),(212,'admin','127.0.0.1','内网IP','Chrome 13','Windows 10','0','登录成功','2025-04-30 14:45:53'),(213,'admin','127.0.0.1','内网IP','Chrome 13','Windows 10','1','验证码已失效','2025-04-30 15:48:30'),(214,'admin','127.0.0.1','内网IP','Chrome 13','Windows 10','0','登录成功','2025-04-30 15:49:05'),(215,'admin','127.0.0.1','内网IP','Chrome 13','Windows 10','0','登录成功','2025-04-30 17:43:41'),(216,'admin','127.0.0.1','内网IP','Chrome 13','Windows 10','1','验证码已失效','2025-04-30 17:46:38'),(217,'admin','127.0.0.1','内网IP','Chrome 13','Windows 10','1','验证码已失效','2025-04-30 17:52:18'),(218,'admin','127.0.0.1','内网IP','Chrome 13','Windows 10','1','验证码已失效','2025-04-30 17:52:21'),(219,'admin','127.0.0.1','内网IP','Chrome 13','Windows 10','1','验证码已失效','2025-04-30 17:52:37'),(220,'admin','127.0.0.1','内网IP','Chrome 13','Windows 10','1','验证码已失效','2025-04-30 17:53:05'),(221,'admin','127.0.0.1','内网IP','Chrome 13','Windows 10','1','验证码已失效','2025-04-30 17:53:09'),(222,'admin','127.0.0.1','内网IP','Chrome 13','Windows 10','1','验证码已失效','2025-04-30 17:53:13'),(223,'admin','127.0.0.1','内网IP','Chrome 13','Windows 10','1','验证码已失效','2025-04-30 17:53:28'),(224,'admin','127.0.0.1','内网IP','Chrome 13','Windows 10','1','验证码已失效','2025-04-30 17:54:07'),(225,'admin','127.0.0.1','内网IP','Chrome 13','Windows 10','1','验证码已失效','2025-04-30 17:54:11'),(226,'admin','127.0.0.1','内网IP','Chrome 13','Windows 10','1','验证码已失效','2025-04-30 17:54:13'),(227,'admin','127.0.0.1','内网IP','Chrome 13','Windows 10','1','验证码已失效','2025-04-30 17:54:30'),(228,'admin','127.0.0.1','内网IP','Chrome 13','Windows 10','0','登录成功','2025-04-30 17:55:47'),(229,'admin','127.0.0.1','内网IP','Chrome 13','Windows 10','1','验证码已失效','2025-04-30 17:56:32'),(230,'admin','127.0.0.1','内网IP','Chrome 13','Windows 10','1','验证码已失效','2025-04-30 17:56:58'),(231,'admin','127.0.0.1','内网IP','Chrome 13','Windows 10','1','验证码已失效','2025-04-30 17:57:06'),(232,'admin','127.0.0.1','内网IP','Chrome 13','Windows 10','1','验证码已失效','2025-04-30 17:57:19'),(233,'admin','127.0.0.1','内网IP','Chrome 13','Windows 10','0','登录成功','2025-04-30 17:58:23'),(234,'admin','127.0.0.1','内网IP','Chrome 13','Windows 10','0','登录成功','2025-04-30 18:12:17'),(235,'admin','127.0.0.1','内网IP','Chrome 13','Windows 10','0','登录成功','2025-05-01 09:45:06'),(236,'admin','127.0.0.1','内网IP','Chrome 13','Windows 10','0','登录成功','2025-05-01 10:52:29'),(237,'admin','127.0.0.1','内网IP','Chrome 13','Windows 10','0','退出成功','2025-05-01 11:01:30'),(238,'admin','127.0.0.1','内网IP','Chrome 13','Windows 10','0','登录成功','2025-05-01 11:01:43'),(239,'ry','127.0.0.1','内网IP','Chrome 13','Windows 10','1','验证码错误','2025-05-01 11:01:51'),(240,'ry','127.0.0.1','内网IP','Chrome 13','Windows 10','0','登录成功','2025-05-01 11:03:26'),(241,'ry','127.0.0.1','内网IP','Chrome 13','Windows 10','0','退出成功','2025-05-01 11:03:52'),(242,'admin','127.0.0.1','内网IP','Chrome 13','Windows 10','1','验证码已失效','2025-05-01 11:22:30'),(243,'admin','127.0.0.1','内网IP','Chrome 13','Windows 10','0','登录成功','2025-05-01 11:22:33'),(244,'admin','127.0.0.1','内网IP','Chrome 13','Windows 10','0','退出成功','2025-05-01 16:14:47'),(245,'vr','127.0.0.1','内网IP','Chrome 13','Windows 10','0','登录成功','2025-05-01 16:15:47'),(246,'vr','127.0.0.1','内网IP','Chrome 13','Windows 10','0','退出成功','2025-05-01 17:01:45'),(247,'admin','127.0.0.1','内网IP','Chrome 13','Windows 10','0','登录成功','2025-05-01 17:01:52'),(248,'admin','127.0.0.1','内网IP','Chrome 13','Windows 10','0','退出成功','2025-05-01 17:02:37'),(249,'admin','127.0.0.1','内网IP','Chrome 13','Windows 10','1','验证码已失效','2025-05-01 17:06:22'),(250,'admin','127.0.0.1','内网IP','Chrome 13','Windows 10','1','验证码错误','2025-05-01 17:06:25'),(251,'admin','127.0.0.1','内网IP','Chrome 13','Windows 10','0','登录成功','2025-05-01 17:06:28'),(252,'admin','127.0.0.1','内网IP','Chrome 13','Windows 10','0','退出成功','2025-05-01 17:07:30'),(253,'ARadmin','127.0.0.1','内网IP','Chrome 13','Windows 10','0','登录成功','2025-05-01 17:08:05'),(254,'aradmin','127.0.0.1','内网IP','Chrome 13','Windows 10','0','退出成功','2025-05-01 17:08:38'),(255,'admin','127.0.0.1','内网IP','Chrome 13','Windows 10','0','登录成功','2025-05-01 17:08:48'),(256,'admin','127.0.0.1','内网IP','Chrome 13','Windows 10','0','退出成功','2025-05-02 16:53:22'),(257,'admin','127.0.0.1','内网IP','Chrome 13','Windows 10','1','验证码已失效','2025-05-02 16:57:12'),(258,'admin','127.0.0.1','内网IP','Chrome 13','Windows 10','1','验证码错误','2025-05-02 16:57:17'),(259,'admin','127.0.0.1','内网IP','Chrome 13','Windows 10','0','登录成功','2025-05-02 16:57:20'),(260,'admin','127.0.0.1','内网IP','Chrome 13','Windows 10','0','退出成功','2025-05-02 17:02:15'),(261,'ar','127.0.0.1','内网IP','Chrome 13','Windows 10','0','登录成功','2025-05-02 17:02:30'),(262,'ar','127.0.0.1','内网IP','Chrome 13','Windows 10','0','登录成功','2025-05-02 17:02:41'),(263,'ar','127.0.0.1','内网IP','Chrome 13','Windows 10','0','退出成功','2025-05-02 17:05:44'),(264,'vr','127.0.0.1','内网IP','Chrome 13','Windows 10','0','登录成功','2025-05-02 17:05:52'),(265,'vr','127.0.0.1','内网IP','Chrome 13','Windows 10','0','退出成功','2025-05-02 17:09:42'),(266,'admin','127.0.0.1','内网IP','Chrome 13','Windows 10','0','登录成功','2025-05-02 17:11:20'),(267,'vr','127.0.0.1','内网IP','Chrome 13','Windows 10','0','登录成功','2025-05-06 19:55:02'),(268,'vr','127.0.0.1','内网IP','Chrome 13','Windows 10','0','退出成功','2025-05-06 19:57:38'),(269,'admin','127.0.0.1','内网IP','Chrome 13','Windows 10','0','登录成功','2025-05-06 19:58:01'),(270,'admin','127.0.0.1','内网IP','Chrome 13','Windows 10','0','退出成功','2025-05-06 20:02:28'),(271,'lazy','127.0.0.1','内网IP','Chrome 13','Windows 10','0','登录成功','2025-05-06 20:02:48'),(272,'lazy','127.0.0.1','内网IP','Chrome 13','Windows 10','0','退出成功','2025-05-06 20:06:34'),(273,'ar','127.0.0.1','内网IP','Chrome 13','Windows 10','1','用户不存在/密码错误','2025-05-06 20:07:45'),(274,'admin','127.0.0.1','内网IP','Chrome 13','Windows 10','0','登录成功','2025-05-06 20:13:47'),(275,'admin','127.0.0.1','内网IP','Chrome 13','Windows 10','0','退出成功','2025-05-06 20:14:30'),(276,'admin','127.0.0.1','内网IP','Chrome 13','Windows 10','0','登录成功','2025-05-06 20:16:18'),(277,'admin','127.0.0.1','内网IP','Chrome 13','Windows 10','0','退出成功','2025-05-06 20:16:38'),(278,'aradmin','127.0.0.1','内网IP','Chrome 13','Windows 10','0','登录成功','2025-05-06 20:17:18'),(279,'aradmin','127.0.0.1','内网IP','Chrome 13','Windows 10','0','退出成功','2025-05-06 20:17:36'),(280,'lazy','127.0.0.1','内网IP','Chrome 13','Windows 10','0','登录成功','2025-05-06 20:17:57'),(281,'lazy','127.0.0.1','内网IP','Chrome 13','Windows 10','0','退出成功','2025-05-06 20:18:25'),(282,'admin','127.0.0.1','内网IP','Chrome 13','Windows 10','1','验证码已失效','2025-05-07 09:29:31'),(283,'admin','127.0.0.1','内网IP','Chrome 13','Windows 10','0','登录成功','2025-05-07 09:29:35'),(284,'admin','127.0.0.1','内网IP','Chrome 13','Windows 10','0','退出成功','2025-05-07 09:37:40'),(285,'lucy','127.0.0.1','内网IP','Chrome 13','Windows 10','0','注册成功','2025-05-07 09:39:06'),(286,'lucy','127.0.0.1','内网IP','Chrome 13','Windows 10','0','登录成功','2025-05-07 09:39:48'),(287,'lucy','127.0.0.1','内网IP','Chrome 13','Windows 10','0','退出成功','2025-05-07 09:40:16'),(288,'lucy','127.0.0.1','内网IP','Chrome 13','Windows 10','0','登录成功','2025-05-07 09:40:22'),(289,'lucy','127.0.0.1','内网IP','Chrome 13','Windows 10','0','退出成功','2025-05-07 09:40:32'),(290,'admin','127.0.0.1','内网IP','Chrome 13','Windows 10','0','登录成功','2025-05-07 09:40:43'),(291,'admin','127.0.0.1','内网IP','Chrome 13','Windows 10','0','退出成功','2025-05-07 09:42:15'),(292,'grass','127.0.0.1','内网IP','Chrome 13','Windows 10','0','注册成功','2025-05-07 09:59:01'),(293,'grass','127.0.0.1','内网IP','Chrome 13','Windows 10','0','登录成功','2025-05-07 09:59:18'),(294,'grass','127.0.0.1','内网IP','Chrome 13','Windows 10','0','退出成功','2025-05-07 09:59:29'),(295,'grass','127.0.0.1','内网IP','Chrome 13','Windows 10','0','登录成功','2025-05-07 09:59:34'),(296,'grass','127.0.0.1','内网IP','Chrome 13','Windows 10','0','退出成功','2025-05-07 09:59:41'),(297,'admin','127.0.0.1','内网IP','Chrome 13','Windows 10','0','登录成功','2025-05-07 09:59:48'),(298,'admin','127.0.0.1','内网IP','Chrome 13','Windows 10','1','验证码已失效','2025-05-07 10:54:23'),(299,'admin','127.0.0.1','内网IP','Chrome 13','Windows 10','0','登录成功','2025-05-07 10:54:27'),(300,'admin','127.0.0.1','内网IP','Chrome 13','Windows 10','0','退出成功','2025-05-07 14:43:42'),(301,'aradmin','127.0.0.1','内网IP','Chrome 13','Windows 10','0','登录成功','2025-05-07 14:43:58'),(302,'aradmin','127.0.0.1','内网IP','Chrome 13','Windows 10','0','登录成功','2025-05-09 15:56:17');
/*!40000 ALTER TABLE `sys_logininfor` ENABLE KEYS */;
UNLOCK TABLES;

--
-- Table structure for table `sys_menu`
--

DROP TABLE IF EXISTS `sys_menu`;
/*!40101 SET @saved_cs_client     = @@character_set_client */;
/*!40101 SET character_set_client = utf8 */;
CREATE TABLE `sys_menu` (
  `menu_id` bigint NOT NULL AUTO_INCREMENT COMMENT '菜单ID',
  `menu_name` varchar(50) CHARACTER SET utf8mb4 COLLATE utf8mb4_0900_ai_ci NOT NULL COMMENT '菜单名称',
  `parent_id` bigint DEFAULT '0' COMMENT '父菜单ID',
  `order_num` int DEFAULT '0' COMMENT '显示顺序',
  `path` varchar(200) CHARACTER SET utf8mb4 COLLATE utf8mb4_0900_ai_ci DEFAULT '' COMMENT '路由地址',
  `component` varchar(255) CHARACTER SET utf8mb4 COLLATE utf8mb4_0900_ai_ci DEFAULT NULL COMMENT '组件路径',
  `query` varchar(255) CHARACTER SET utf8mb4 COLLATE utf8mb4_0900_ai_ci DEFAULT NULL COMMENT '路由参数',
  `route_name` varchar(50) CHARACTER SET utf8mb4 COLLATE utf8mb4_0900_ai_ci DEFAULT '' COMMENT '路由名称',
  `is_frame` int DEFAULT '1' COMMENT '是否为外链（0是 1否）',
  `is_cache` int DEFAULT '0' COMMENT '是否缓存（0缓存 1不缓存）',
  `menu_type` char(1) CHARACTER SET utf8mb4 COLLATE utf8mb4_0900_ai_ci DEFAULT '' COMMENT '菜单类型（M目录 C菜单 F按钮）',
  `visible` char(1) CHARACTER SET utf8mb4 COLLATE utf8mb4_0900_ai_ci DEFAULT '0' COMMENT '菜单状态（0显示 1隐藏）',
  `status` char(1) CHARACTER SET utf8mb4 COLLATE utf8mb4_0900_ai_ci DEFAULT '0' COMMENT '菜单状态（0正常 1停用）',
  `perms` varchar(100) CHARACTER SET utf8mb4 COLLATE utf8mb4_0900_ai_ci DEFAULT NULL COMMENT '权限标识',
  `icon` varchar(100) CHARACTER SET utf8mb4 COLLATE utf8mb4_0900_ai_ci DEFAULT '#' COMMENT '菜单图标',
  `create_by` varchar(64) CHARACTER SET utf8mb4 COLLATE utf8mb4_0900_ai_ci DEFAULT '' COMMENT '创建者',
  `create_time` datetime DEFAULT NULL COMMENT '创建时间',
  `update_by` varchar(64) CHARACTER SET utf8mb4 COLLATE utf8mb4_0900_ai_ci DEFAULT '' COMMENT '更新者',
  `update_time` datetime DEFAULT NULL COMMENT '更新时间',
  `remark` varchar(500) CHARACTER SET utf8mb4 COLLATE utf8mb4_0900_ai_ci DEFAULT '' COMMENT '备注',
  PRIMARY KEY (`menu_id`) USING BTREE
) ENGINE=InnoDB AUTO_INCREMENT=2557 DEFAULT CHARSET=utf8mb4 COLLATE=utf8mb4_0900_ai_ci ROW_FORMAT=DYNAMIC COMMENT='菜单权限表';
/*!40101 SET character_set_client = @saved_cs_client */;

--
-- Dumping data for table `sys_menu`
--

LOCK TABLES `sys_menu` WRITE;
/*!40000 ALTER TABLE `sys_menu` DISABLE KEYS */;
INSERT INTO `sys_menu` VALUES (1,'系统管理',0,1,'system',NULL,'','',1,0,'M','0','0','','system','admin','2024-12-24 16:55:23','',NULL,'系统管理目录'),(2,'系统监控',0,4,'monitor',NULL,'','',1,0,'M','1','0','','monitor','admin','2024-12-24 16:55:23','admin','2025-05-07 10:48:15','系统监控目录'),(3,'系统工具',0,4,'tool',NULL,'','',1,0,'M','1','0','','tool','admin','2024-12-24 16:55:23','admin','2025-05-07 10:48:27','系统工具目录'),(4,'若依官网',0,4,'http://ruoyi.vip',NULL,'','',0,0,'M','1','0','','guide','admin','2024-12-24 16:55:23','admin','2025-05-07 10:48:23','若依官网地址'),(100,'用户管理',1,1,'user','system/user/index','','',1,0,'C','0','0','system:user:list','user','admin','2024-12-24 16:55:23','',NULL,'用户管理菜单'),(101,'角色管理',1,2,'role','system/role/index','','',1,0,'C','0','0','system:role:list','peoples','admin','2024-12-24 16:55:23','',NULL,'角色管理菜单'),(102,'菜单管理',1,3,'menu','system/menu/index','','',1,0,'C','0','0','system:menu:list','tree-table','admin','2024-12-24 16:55:23','',NULL,'菜单管理菜单'),(103,'部门管理',1,4,'dept','system/dept/index','','',1,0,'C','0','0','system:dept:list','tree','admin','2024-12-24 16:55:23','',NULL,'部门管理菜单'),(104,'岗位管理',1,5,'post','system/post/index','','',1,0,'C','0','0','system:post:list','post','admin','2024-12-24 16:55:23','',NULL,'岗位管理菜单'),(105,'字典管理',1,6,'dict','system/dict/index','','',1,0,'C','0','0','system:dict:list','dict','admin','2024-12-24 16:55:23','',NULL,'字典管理菜单'),(106,'参数设置',1,7,'config','system/config/index','','',1,0,'C','0','0','system:config:list','edit','admin','2024-12-24 16:55:23','',NULL,'参数设置菜单'),(107,'通知公告',1,8,'notice','system/notice/index','','',1,0,'C','0','0','system:notice:list','message','admin','2024-12-24 16:55:23','',NULL,'通知公告菜单'),(108,'日志管理',1,9,'log','','','',1,0,'M','0','0','','log','admin','2024-12-24 16:55:23','',NULL,'日志管理菜单'),(109,'在线用户',2,1,'online','monitor/online/index','','',1,0,'C','0','0','monitor:online:list','online','admin','2024-12-24 16:55:23','',NULL,'在线用户菜单'),(110,'定时任务',2,2,'job','monitor/job/index','','',1,0,'C','0','0','monitor:job:list','job','admin','2024-12-24 16:55:23','',NULL,'定时任务菜单'),(111,'数据监控',2,3,'druid','monitor/druid/index','','',1,0,'C','0','0','monitor:druid:list','druid','admin','2024-12-24 16:55:23','',NULL,'数据监控菜单'),(112,'服务监控',2,4,'server','monitor/server/index','','',1,0,'C','0','0','monitor:server:list','server','admin','2024-12-24 16:55:23','',NULL,'服务监控菜单'),(113,'缓存监控',2,5,'cache','monitor/cache/index','','',1,0,'C','0','0','monitor:cache:list','redis','admin','2024-12-24 16:55:23','',NULL,'缓存监控菜单'),(114,'缓存列表',2,6,'cacheList','monitor/cache/list','','',1,0,'C','0','0','monitor:cache:list','redis-list','admin','2024-12-24 16:55:23','',NULL,'缓存列表菜单'),(115,'表单构建',3,1,'build','tool/build/index','','',1,0,'C','0','0','tool:build:list','build','admin','2024-12-24 16:55:23','',NULL,'表单构建菜单'),(116,'代码生成',3,2,'gen','tool/gen/index','','',1,0,'C','0','0','tool:gen:list','code','admin','2024-12-24 16:55:23','',NULL,'代码生成菜单'),(117,'系统接口',3,3,'swagger','tool/swagger/index','','',1,0,'C','0','0','tool:swagger:list','swagger','admin','2024-12-24 16:55:23','',NULL,'系统接口菜单'),(500,'操作日志',108,1,'operlog','monitor/operlog/index','','',1,0,'C','0','0','monitor:operlog:list','form','admin','2024-12-24 16:55:23','',NULL,'操作日志菜单'),(501,'登录日志',108,2,'logininfor','monitor/logininfor/index','','',1,0,'C','0','0','monitor:logininfor:list','logininfor','admin','2024-12-24 16:55:23','',NULL,'登录日志菜单'),(1000,'用户查询',100,1,'','','','',1,0,'F','0','0','system:user:query','#','admin','2024-12-24 16:55:23','',NULL,''),(1001,'用户新增',100,2,'','','','',1,0,'F','0','0','system:user:add','#','admin','2024-12-24 16:55:23','',NULL,''),(1002,'用户修改',100,3,'','','','',1,0,'F','0','0','system:user:edit','#','admin','2024-12-24 16:55:23','',NULL,''),(1003,'用户删除',100,4,'','','','',1,0,'F','0','0','system:user:remove','#','admin','2024-12-24 16:55:23','',NULL,''),(1004,'用户导出',100,5,'','','','',1,0,'F','0','0','system:user:export','#','admin','2024-12-24 16:55:23','',NULL,''),(1005,'用户导入',100,6,'','','','',1,0,'F','0','0','system:user:import','#','admin','2024-12-24 16:55:23','',NULL,''),(1006,'重置密码',100,7,'','','','',1,0,'F','0','0','system:user:resetPwd','#','admin','2024-12-24 16:55:23','',NULL,''),(1007,'角色查询',101,1,'','','','',1,0,'F','0','0','system:role:query','#','admin','2024-12-24 16:55:23','',NULL,''),(1008,'角色新增',101,2,'','','','',1,0,'F','0','0','system:role:add','#','admin','2024-12-24 16:55:23','',NULL,''),(1009,'角色修改',101,3,'','','','',1,0,'F','0','0','system:role:edit','#','admin','2024-12-24 16:55:23','',NULL,''),(1010,'角色删除',101,4,'','','','',1,0,'F','0','0','system:role:remove','#','admin','2024-12-24 16:55:23','',NULL,''),(1011,'角色导出',101,5,'','','','',1,0,'F','0','0','system:role:export','#','admin','2024-12-24 16:55:23','',NULL,''),(1012,'菜单查询',102,1,'','','','',1,0,'F','0','0','system:menu:query','#','admin','2024-12-24 16:55:23','',NULL,''),(1013,'菜单新增',102,2,'','','','',1,0,'F','0','0','system:menu:add','#','admin','2024-12-24 16:55:23','',NULL,''),(1014,'菜单修改',102,3,'','','','',1,0,'F','0','0','system:menu:edit','#','admin','2024-12-24 16:55:23','',NULL,''),(1015,'菜单删除',102,4,'','','','',1,0,'F','0','0','system:menu:remove','#','admin','2024-12-24 16:55:23','',NULL,''),(1016,'部门查询',103,1,'','','','',1,0,'F','0','0','system:dept:query','#','admin','2024-12-24 16:55:23','',NULL,''),(1017,'部门新增',103,2,'','','','',1,0,'F','0','0','system:dept:add','#','admin','2024-12-24 16:55:23','',NULL,''),(1018,'部门修改',103,3,'','','','',1,0,'F','0','0','system:dept:edit','#','admin','2024-12-24 16:55:23','',NULL,''),(1019,'部门删除',103,4,'','','','',1,0,'F','0','0','system:dept:remove','#','admin','2024-12-24 16:55:23','',NULL,''),(1020,'岗位查询',104,1,'','','','',1,0,'F','0','0','system:post:query','#','admin','2024-12-24 16:55:23','',NULL,''),(1021,'岗位新增',104,2,'','','','',1,0,'F','0','0','system:post:add','#','admin','2024-12-24 16:55:23','',NULL,''),(1022,'岗位修改',104,3,'','','','',1,0,'F','0','0','system:post:edit','#','admin','2024-12-24 16:55:23','',NULL,''),(1023,'岗位删除',104,4,'','','','',1,0,'F','0','0','system:post:remove','#','admin','2024-12-24 16:55:23','',NULL,''),(1024,'岗位导出',104,5,'','','','',1,0,'F','0','0','system:post:export','#','admin','2024-12-24 16:55:23','',NULL,''),(1025,'字典查询',105,1,'#','','','',1,0,'F','0','0','system:dict:query','#','admin','2024-12-24 16:55:23','',NULL,''),(1026,'字典新增',105,2,'#','','','',1,0,'F','0','0','system:dict:add','#','admin','2024-12-24 16:55:23','',NULL,''),(1027,'字典修改',105,3,'#','','','',1,0,'F','0','0','system:dict:edit','#','admin','2024-12-24 16:55:23','',NULL,''),(1028,'字典删除',105,4,'#','','','',1,0,'F','0','0','system:dict:remove','#','admin','2024-12-24 16:55:23','',NULL,''),(1029,'字典导出',105,5,'#','','','',1,0,'F','0','0','system:dict:export','#','admin','2024-12-24 16:55:23','',NULL,''),(1030,'参数查询',106,1,'#','','','',1,0,'F','0','0','system:config:query','#','admin','2024-12-24 16:55:23','',NULL,''),(1031,'参数新增',106,2,'#','','','',1,0,'F','0','0','system:config:add','#','admin','2024-12-24 16:55:23','',NULL,''),(1032,'参数修改',106,3,'#','','','',1,0,'F','0','0','system:config:edit','#','admin','2024-12-24 16:55:23','',NULL,''),(1033,'参数删除',106,4,'#','','','',1,0,'F','0','0','system:config:remove','#','admin','2024-12-24 16:55:23','',NULL,''),(1034,'参数导出',106,5,'#','','','',1,0,'F','0','0','system:config:export','#','admin','2024-12-24 16:55:23','',NULL,''),(1035,'公告查询',107,1,'#','','','',1,0,'F','0','0','system:notice:query','#','admin','2024-12-24 16:55:23','',NULL,''),(1036,'公告新增',107,2,'#','','','',1,0,'F','0','0','system:notice:add','#','admin','2024-12-24 16:55:23','',NULL,''),(1037,'公告修改',107,3,'#','','','',1,0,'F','0','0','system:notice:edit','#','admin','2024-12-24 16:55:23','',NULL,''),(1038,'公告删除',107,4,'#','','','',1,0,'F','0','0','system:notice:remove','#','admin','2024-12-24 16:55:23','',NULL,''),(1039,'操作查询',500,1,'#','','','',1,0,'F','0','0','monitor:operlog:query','#','admin','2024-12-24 16:55:23','',NULL,''),(1040,'操作删除',500,2,'#','','','',1,0,'F','0','0','monitor:operlog:remove','#','admin','2024-12-24 16:55:23','',NULL,''),(1041,'日志导出',500,3,'#','','','',1,0,'F','0','0','monitor:operlog:export','#','admin','2024-12-24 16:55:23','',NULL,''),(1042,'登录查询',501,1,'#','','','',1,0,'F','0','0','monitor:logininfor:query','#','admin','2024-12-24 16:55:23','',NULL,''),(1043,'登录删除',501,2,'#','','','',1,0,'F','0','0','monitor:logininfor:remove','#','admin','2024-12-24 16:55:23','',NULL,''),(1044,'日志导出',501,3,'#','','','',1,0,'F','0','0','monitor:logininfor:export','#','admin','2024-12-24 16:55:23','',NULL,''),(1045,'账户解锁',501,4,'#','','','',1,0,'F','0','0','monitor:logininfor:unlock','#','admin','2024-12-24 16:55:23','',NULL,''),(1046,'在线查询',109,1,'#','','','',1,0,'F','0','0','monitor:online:query','#','admin','2024-12-24 16:55:23','',NULL,''),(1047,'批量强退',109,2,'#','','','',1,0,'F','0','0','monitor:online:batchLogout','#','admin','2024-12-24 16:55:23','',NULL,''),(1048,'单条强退',109,3,'#','','','',1,0,'F','0','0','monitor:online:forceLogout','#','admin','2024-12-24 16:55:23','',NULL,''),(1049,'任务查询',110,1,'#','','','',1,0,'F','0','0','monitor:job:query','#','admin','2024-12-24 16:55:23','',NULL,''),(1050,'任务新增',110,2,'#','','','',1,0,'F','0','0','monitor:job:add','#','admin','2024-12-24 16:55:23','',NULL,''),(1051,'任务修改',110,3,'#','','','',1,0,'F','0','0','monitor:job:edit','#','admin','2024-12-24 16:55:23','',NULL,''),(1052,'任务删除',110,4,'#','','','',1,0,'F','0','0','monitor:job:remove','#','admin','2024-12-24 16:55:23','',NULL,''),(1053,'状态修改',110,5,'#','','','',1,0,'F','0','0','monitor:job:changeStatus','#','admin','2024-12-24 16:55:23','',NULL,''),(1054,'任务导出',110,6,'#','','','',1,0,'F','0','0','monitor:job:export','#','admin','2024-12-24 16:55:23','',NULL,''),(1055,'生成查询',116,1,'#','','','',1,0,'F','0','0','tool:gen:query','#','admin','2024-12-24 16:55:23','',NULL,''),(1056,'生成修改',116,2,'#','','','',1,0,'F','0','0','tool:gen:edit','#','admin','2024-12-24 16:55:23','',NULL,''),(1057,'生成删除',116,3,'#','','','',1,0,'F','0','0','tool:gen:remove','#','admin','2024-12-24 16:55:23','',NULL,''),(1058,'导入代码',116,4,'#','','','',1,0,'F','0','0','tool:gen:import','#','admin','2024-12-24 16:55:23','',NULL,''),(1059,'预览代码',116,5,'#','','','',1,0,'F','0','0','tool:gen:preview','#','admin','2024-12-24 16:55:23','',NULL,''),(1060,'生成代码',116,6,'#','','','',1,0,'F','0','0','tool:gen:code','#','admin','2024-12-24 16:55:23','',NULL,''),(2035,'课程管理',0,4,'course','course/index',NULL,'',1,0,'C','1','0','course:list','cascader','admin','2025-01-04 17:19:22','admin','2025-05-07 10:48:31','课程管理菜单'),(2036,'课程管理查询',2035,1,'#','',NULL,'',1,0,'F','0','0','system:course:query','#','admin','2025-01-04 17:19:22','',NULL,''),(2037,'课程管理新增',2035,2,'#','',NULL,'',1,0,'F','0','1','system:course:add','#','admin','2025-01-04 17:19:22','admin','2025-02-06 15:21:42',''),(2038,'课程管理修改',2035,3,'#','',NULL,'',1,0,'F','0','0','system:course:edit','#','admin','2025-01-04 17:19:22','',NULL,''),(2039,'课程管理删除',2035,4,'#','',NULL,'',1,0,'F','0','0','system:course:remove','#','admin','2025-01-04 17:19:22','',NULL,''),(2040,'课程管理导出',2035,5,'#','',NULL,'',1,0,'F','0','0','system:course:export','#','admin','2025-01-04 17:19:22','',NULL,''),(2041,'统计分析',0,4,'stasticss',NULL,NULL,'',1,0,'M','1','0','','excel','admin','2025-01-04 17:23:23','admin','2025-05-07 10:48:35',''),(2043,'客户统计',2041,1,'FSFDFSDF',NULL,NULL,'',1,0,'M','0','0','','404','admin','2025-01-04 17:28:01','admin','2025-01-07 20:26:54',''),(2044,'工厂沙盘AR资源',0,1,'arcontent',NULL,NULL,'',1,0,'M','0','0','','chart','admin','2025-01-09 12:12:12','admin','2025-01-20 15:04:04',''),(2099,'学生作品VR应用',0,2,'stuvr',NULL,NULL,'',1,0,'M','0','0','','dict','admin','2025-01-13 10:39:45','admin','2025-01-20 15:04:11',''),(2100,'校企合作应用',0,3,'schooluser',NULL,NULL,'',1,0,'M','0','0','','documentation','admin','2025-01-13 10:40:30','admin','2025-01-13 12:01:20',''),(2149,'运维记录',2044,5,'maintenance','ar/maintenance/index',NULL,'',1,0,'C','0','0','ar:maintenance:list','log','admin','2025-01-14 14:49:08','admin','2025-01-21 20:03:45','运维记录菜单'),(2150,'运维记录查询',2149,1,'#','',NULL,'',1,0,'F','0','0','ar:maintenance:query','#','admin','2025-01-14 14:49:08','',NULL,''),(2151,'运维记录新增',2149,2,'#','',NULL,'',1,0,'F','0','0','ar:maintenance:add','#','admin','2025-01-14 14:49:08','',NULL,''),(2152,'运维记录修改',2149,3,'#','',NULL,'',1,0,'F','0','0','ar:maintenance:edit','#','admin','2025-01-14 14:49:08','',NULL,''),(2153,'运维记录删除',2149,4,'#','',NULL,'',1,0,'F','0','0','ar:maintenance:remove','#','admin','2025-01-14 14:49:08','',NULL,''),(2154,'运维记录导出',2149,5,'#','',NULL,'',1,0,'F','0','0','ar:maintenance:export','#','admin','2025-01-14 14:49:08','',NULL,''),(2162,'库区管理',2044,8,'warehouse','ar/warehouse/index',NULL,'',1,0,'C','0','0','ar:warehouse:list','redis','admin','2025-01-14 17:10:04','admin','2025-01-21 20:04:08','库区菜单'),(2163,'库区查询',2162,1,'#','',NULL,'',1,0,'F','0','0','ar:warehouse:query','#','admin','2025-01-14 17:10:04','',NULL,''),(2164,'库区新增',2162,2,'#','',NULL,'',1,0,'F','0','0','ar:warehouse:add','#','admin','2025-01-14 17:10:04','',NULL,''),(2165,'库区修改',2162,3,'#','',NULL,'',1,0,'F','0','0','ar:warehouse:edit','#','admin','2025-01-14 17:10:04','',NULL,''),(2166,'库区删除',2162,4,'#','',NULL,'',1,0,'F','0','0','ar:warehouse:remove','#','admin','2025-01-14 17:10:04','',NULL,''),(2167,'库区导出',2162,5,'#','',NULL,'',1,0,'F','0','0','ar:warehouse:export','#','admin','2025-01-14 17:10:04','',NULL,''),(2180,'材料信息',2229,1,'material','ar/material/index',NULL,'',1,0,'C','0','0','ar:material:list','date-range','admin','2025-01-14 18:33:39','admin','2025-01-25 22:53:34','材料信息菜单'),(2181,'材料信息查询',2180,1,'#','',NULL,'',1,0,'F','0','0','ar:material:query','#','admin','2025-01-14 18:33:39','',NULL,''),(2182,'材料信息新增',2180,2,'#','',NULL,'',1,0,'F','0','0','ar:material:add','#','admin','2025-01-14 18:33:39','',NULL,''),(2183,'材料信息修改',2180,3,'#','',NULL,'',1,0,'F','0','0','ar:material:edit','#','admin','2025-01-14 18:33:39','',NULL,''),(2184,'材料信息删除',2180,4,'#','',NULL,'',1,0,'F','0','0','ar:material:remove','#','admin','2025-01-14 18:33:39','',NULL,''),(2185,'材料信息导出',2180,5,'#','',NULL,'',1,0,'F','0','0','ar:material:export','#','admin','2025-01-14 18:33:39','',NULL,''),(2186,'材料出入库单',2229,2,'materialTransaction','ar/materialTransaction/index',NULL,'',1,0,'C','0','0','ar:materialTransaction:list','druid','admin','2025-01-14 18:33:46','admin','2025-04-29 18:05:59','材料出入库单菜单'),(2187,'材料出入库单查询',2186,1,'#','',NULL,'',1,0,'F','0','0','ar:materialTransaction:query','#','admin','2025-01-14 18:33:46','',NULL,''),(2188,'材料出入库单新增',2186,2,'#','',NULL,'',1,0,'F','0','0','ar:materialTransaction:add','#','admin','2025-01-14 18:33:46','',NULL,''),(2189,'材料出入库单修改',2186,3,'#','',NULL,'',1,0,'F','0','0','ar:materialTransaction:edit','#','admin','2025-01-14 18:33:46','',NULL,''),(2190,'材料出入库单删除',2186,4,'#','',NULL,'',1,0,'F','0','0','ar:materialTransaction:remove','#','admin','2025-01-14 18:33:46','',NULL,''),(2191,'材料出入库单导出',2186,5,'#','',NULL,'',1,0,'F','0','0','ar:materialTransaction:export','#','admin','2025-01-14 18:33:46','',NULL,''),(2198,'供应批次',2229,4,'supplyBatch','ar/supplyBatch/index',NULL,'',1,0,'C','0','0','ar:supplyBatch:list','form','admin','2025-01-14 19:15:33','admin','2025-04-29 18:05:41','供应批次菜单'),(2199,'供应批次查询',2198,1,'#','',NULL,'',1,0,'F','0','0','ar:supplyBatch:query','#','admin','2025-01-14 19:15:33','',NULL,''),(2200,'供应批次新增',2198,2,'#','',NULL,'',1,0,'F','0','0','ar:supplyBatch:add','#','admin','2025-01-14 19:15:33','',NULL,''),(2201,'供应批次修改',2198,3,'#','',NULL,'',1,0,'F','0','0','ar:supplyBatch:edit','#','admin','2025-01-14 19:15:33','',NULL,''),(2202,'供应批次删除',2198,4,'#','',NULL,'',1,0,'F','0','0','ar:supplyBatch:remove','#','admin','2025-01-14 19:15:33','',NULL,''),(2203,'供应批次导出',2198,5,'#','',NULL,'',1,0,'F','0','0','ar:supplyBatch:export','#','admin','2025-01-14 19:15:33','',NULL,''),(2204,'产品信息',2216,1,'product','ar/product/index',NULL,'',1,0,'C','0','0','ar:product:list','log','admin','2025-01-14 19:48:05','admin','2025-01-25 22:54:44','产品信息菜单'),(2205,'产品信息查询',2204,1,'#','',NULL,'',1,0,'F','0','0','ar:product:query','#','admin','2025-01-14 19:48:05','',NULL,''),(2206,'产品信息新增',2204,2,'#','',NULL,'',1,0,'F','0','0','ar:product:add','#','admin','2025-01-14 19:48:05','',NULL,''),(2207,'产品信息修改',2204,3,'#','',NULL,'',1,0,'F','0','0','ar:product:edit','#','admin','2025-01-14 19:48:05','',NULL,''),(2208,'产品信息删除',2204,4,'#','',NULL,'',1,0,'F','0','0','ar:product:remove','#','admin','2025-01-14 19:48:05','',NULL,''),(2209,'产品信息导出',2204,5,'#','',NULL,'',1,0,'F','0','0','ar:product:export','#','admin','2025-01-14 19:48:05','',NULL,''),(2210,'产品出入库单',2216,2,'productTransaction','ar/productTransaction/index',NULL,'',1,0,'C','0','0','ar:productTransaction:list','build','admin','2025-01-14 19:48:12','admin','2025-04-29 18:06:58','产品出入库单菜单'),(2211,'产品出入库单查询',2210,1,'#','',NULL,'',1,0,'F','0','0','ar:productTransaction:query','#','admin','2025-01-14 19:48:12','',NULL,''),(2212,'产品出入库单新增',2210,2,'#','',NULL,'',1,0,'F','0','0','ar:productTransaction:add','#','admin','2025-01-14 19:48:12','',NULL,''),(2213,'产品出入库单修改',2210,3,'#','',NULL,'',1,0,'F','0','0','ar:productTransaction:edit','#','admin','2025-01-14 19:48:12','',NULL,''),(2214,'产品出入库单删除',2210,4,'#','',NULL,'',1,0,'F','0','0','ar:productTransaction:remove','#','admin','2025-01-14 19:48:12','',NULL,''),(2215,'产品出入库单导出',2210,5,'#','',NULL,'',1,0,'F','0','0','ar:productTransaction:export','#','admin','2025-01-14 19:48:12','',NULL,''),(2216,'产品管理',2044,10,'productManagement',NULL,NULL,'',1,0,'M','0','0','','component','admin','2025-01-14 20:14:06','admin','2025-01-25 18:21:22',''),(2229,'材料管理',2044,9,'materialManagement',NULL,NULL,'',1,0,'M','0','0','','table','admin','2025-01-14 20:38:57','admin','2025-01-25 18:21:18',''),(2254,'AR内容',2044,2,'content','ar/content/index',NULL,'',1,0,'C','0','0','ar:content:list','language','admin','2025-01-20 16:00:19','admin','2025-04-29 16:40:39','AR内容菜单'),(2255,'AR内容查询',2254,1,'#','',NULL,'',1,0,'F','0','0','ar:content:query','#','admin','2025-01-20 16:00:19','',NULL,''),(2256,'AR内容新增',2254,2,'#','',NULL,'',1,0,'F','0','0','ar:content:add','#','admin','2025-01-20 16:00:19','',NULL,''),(2257,'AR内容修改',2254,3,'#','',NULL,'',1,0,'F','0','0','ar:content:edit','#','admin','2025-01-20 16:00:19','',NULL,''),(2258,'AR内容删除',2254,4,'#','',NULL,'',1,0,'F','0','0','ar:content:remove','#','admin','2025-01-20 16:00:19','',NULL,''),(2259,'AR内容导出',2254,5,'#','',NULL,'',1,0,'F','0','0','ar:content:export','#','admin','2025-01-20 16:00:19','',NULL,''),(2290,'载体',2099,3,'carrier','vr/carrier/index',NULL,'',1,0,'C','0','0','vr:carrier:list','example','admin','2025-01-20 17:22:20','admin','2025-01-21 20:44:47','载体菜单'),(2291,'载体查询',2290,1,'#','',NULL,'',1,0,'F','0','0','vr:carrier:query','#','admin','2025-01-20 17:22:20','',NULL,''),(2292,'载体新增',2290,2,'#','',NULL,'',1,0,'F','0','0','vr:carrier:add','#','admin','2025-01-20 17:22:20','',NULL,''),(2293,'载体修改',2290,3,'#','',NULL,'',1,0,'F','0','0','vr:carrier:edit','#','admin','2025-01-20 17:22:20','',NULL,''),(2294,'载体删除',2290,4,'#','',NULL,'',1,0,'F','0','0','vr:carrier:remove','#','admin','2025-01-20 17:22:20','',NULL,''),(2295,'载体导出',2290,5,'#','',NULL,'',1,0,'F','0','0','vr:carrier:export','#','admin','2025-01-20 17:22:20','',NULL,''),(2296,'合作案例',2100,1,'case','school/case/index',NULL,'',1,0,'C','0','0','school:case:list','question','admin','2025-01-20 17:22:20','admin','2025-01-21 20:16:31','合作案例菜单'),(2298,'合作案例新增',2296,2,'#','',NULL,'',1,0,'F','0','0','school:case:add','#','admin','2025-01-20 17:22:20','',NULL,''),(2299,'合作案例修改',2296,3,'#','',NULL,'',1,0,'F','0','0','school:case:edit','#','admin','2025-01-20 17:22:20','',NULL,''),(2300,'合作案例删除',2296,4,'#','',NULL,'',1,0,'F','0','0','school:case:remove','#','admin','2025-01-20 17:22:20','',NULL,''),(2301,'合作案例导出',2296,5,'#','',NULL,'',1,0,'F','0','0','school:case:export','#','admin','2025-01-20 17:22:20','',NULL,''),(2302,'能耗清单',2044,7,'consumption','ar/consumption/index',NULL,'',1,0,'C','0','0','ar:consumption:list','education','admin','2025-01-20 17:22:20','admin','2025-01-21 20:14:34','能耗清单菜单'),(2303,'能耗清单查询',2302,1,'#','',NULL,'',1,0,'F','0','0','ar:consumption:query','#','admin','2025-01-20 17:22:20','',NULL,''),(2304,'能耗清单新增',2302,2,'#','',NULL,'',1,0,'F','0','0','ar:consumption:add','#','admin','2025-01-20 17:22:20','',NULL,''),(2305,'能耗清单修改',2302,3,'#','',NULL,'',1,0,'F','0','0','ar:consumption:edit','#','admin','2025-01-20 17:22:20','',NULL,''),(2306,'能耗清单删除',2302,4,'#','',NULL,'',1,0,'F','0','0','ar:consumption:remove','#','admin','2025-01-20 17:22:20','',NULL,''),(2307,'能耗清单导出',2302,5,'#','',NULL,'',1,0,'F','0','0','ar:consumption:export','#','admin','2025-01-20 17:22:20','',NULL,''),(2308,'VR展区',2099,2,'exhibitZone','vr/exhibitZone/index',NULL,'',1,0,'C','0','0','vr:exhibitZone:list','select','admin','2025-01-20 17:22:20','admin','2025-01-21 20:44:42','VR展区菜单'),(2309,'VR展区查询',2308,1,'#','',NULL,'',1,0,'F','0','0','vr:exhibitZone:query','#','admin','2025-01-20 17:22:20','',NULL,''),(2310,'VR展区新增',2308,2,'#','',NULL,'',1,0,'F','0','0','vr:exhibitZone:add','#','admin','2025-01-20 17:22:20','',NULL,''),(2311,'VR展区修改',2308,3,'#','',NULL,'',1,0,'F','0','0','vr:exhibitZone:edit','#','admin','2025-01-20 17:22:20','',NULL,''),(2312,'VR展区删除',2308,4,'#','',NULL,'',1,0,'F','0','0','vr:exhibitZone:remove','#','admin','2025-01-20 17:22:20','',NULL,''),(2313,'VR展区导出',2308,5,'#','',NULL,'',1,0,'F','0','0','vr:exhibitZone:export','#','admin','2025-01-20 17:22:20','',NULL,''),(2314,'工厂',2044,6,'factory','ar/factory/index',NULL,'',1,0,'C','0','0','ar:factory:list','link','admin','2025-01-20 17:22:20','admin','2025-01-21 20:14:27','工厂菜单'),(2315,'工厂查询',2314,1,'#','',NULL,'',1,0,'F','0','0','ar:factory:query','#','admin','2025-01-20 17:22:20','',NULL,''),(2316,'工厂新增',2314,2,'#','',NULL,'',1,0,'F','0','0','ar:factory:add','#','admin','2025-01-20 17:22:20','',NULL,''),(2317,'工厂修改',2314,3,'#','',NULL,'',1,0,'F','0','0','ar:factory:edit','#','admin','2025-01-20 17:22:20','',NULL,''),(2318,'工厂删除',2314,4,'#','',NULL,'',1,0,'F','0','0','ar:factory:remove','#','admin','2025-01-20 17:22:20','',NULL,''),(2319,'工厂导出',2314,5,'#','',NULL,'',1,0,'F','0','0','ar:factory:export','#','admin','2025-01-20 17:22:20','',NULL,''),(2320,'VR场景',2100,2,'scene','school/scene/index',NULL,'',1,0,'C','0','0','school:scene:list','textarea','admin','2025-01-20 17:22:20','admin','2025-01-21 20:45:18','VR场景菜单'),(2321,'VR场景查询',2320,1,'#','',NULL,'',1,0,'F','0','0','school:scene:query','#','admin','2025-01-20 17:22:20','',NULL,''),(2322,'VR场景新增',2320,2,'#','',NULL,'',1,0,'F','0','0','school:scene:add','#','admin','2025-01-20 17:22:20','',NULL,''),(2323,'VR场景修改',2320,3,'#','',NULL,'',1,0,'F','0','0','school:scene:edit','#','admin','2025-01-20 17:22:20','',NULL,''),(2324,'VR场景删除',2320,4,'#','',NULL,'',1,0,'F','0','0','school:scene:remove','#','admin','2025-01-20 17:22:20','',NULL,''),(2325,'VR场景导出',2320,5,'#','',NULL,'',1,0,'F','0','0','school:scene:export','#','admin','2025-01-20 17:22:20','',NULL,''),(2326,'VR展厅',2099,1,'showroom','vr/showroom/index',NULL,'',1,0,'C','0','0','vr:showroom:list','star','admin','2025-01-20 17:22:20','admin','2025-01-21 20:15:35','VR展厅菜单'),(2327,'VR展厅查询',2326,1,'#','',NULL,'',1,0,'F','0','0','vr:showroom:query','#','admin','2025-01-20 17:22:20','',NULL,''),(2328,'VR展厅新增',2326,2,'#','',NULL,'',1,0,'F','0','0','vr:showroom:add','#','admin','2025-01-20 17:22:20','',NULL,''),(2329,'VR展厅修改',2326,3,'#','',NULL,'',1,0,'F','0','0','vr:showroom:edit','#','admin','2025-01-20 17:22:20','',NULL,''),(2330,'VR展厅删除',2326,4,'#','',NULL,'',1,0,'F','0','0','vr:showroom:remove','#','admin','2025-01-20 17:22:20','',NULL,''),(2331,'VR展厅导出',2326,5,'#','',NULL,'',1,0,'F','0','0','vr:showroom:export','#','admin','2025-01-20 17:22:20','',NULL,''),(2332,'作品',2099,5,'work','vr/work/index',NULL,'',1,0,'C','0','0','vr:work:list','button','admin','2025-01-20 17:22:20','admin','2025-01-21 20:45:00','作品菜单'),(2333,'作品查询',2332,1,'#','',NULL,'',1,0,'F','0','0','vr:work:query','#','admin','2025-01-20 17:22:20','',NULL,''),(2334,'作品新增',2332,2,'#','',NULL,'',1,0,'F','0','0','vr:work:add','#','admin','2025-01-20 17:22:20','',NULL,''),(2335,'作品修改',2332,3,'#','',NULL,'',1,0,'F','0','0','vr:work:edit','#','admin','2025-01-20 17:22:20','',NULL,''),(2336,'作品删除',2332,4,'#','',NULL,'',1,0,'F','0','0','vr:work:remove','#','admin','2025-01-20 17:22:20','',NULL,''),(2337,'作品导出',2332,5,'#','',NULL,'',1,0,'F','0','0','vr:work:export','#','admin','2025-01-20 17:22:20','',NULL,''),(2338,'沙盘分区',2044,3,'zone','ar/zone/index',NULL,'',1,0,'C','0','0','ar:zone:list','cascader','admin','2025-01-20 17:22:20','admin','2025-04-29 16:28:00','沙盘分区菜单'),(2339,'沙盘分区查询',2338,1,'#','',NULL,'',1,0,'F','0','0','ar:zone:query','#','admin','2025-01-20 17:22:20','',NULL,''),(2340,'沙盘分区新增',2338,2,'#','',NULL,'',1,0,'F','0','0','ar:zone:add','#','admin','2025-01-20 17:22:20','',NULL,''),(2341,'沙盘分区修改',2338,3,'#','',NULL,'',1,0,'F','0','0','ar:zone:edit','#','admin','2025-01-20 17:22:20','',NULL,''),(2342,'沙盘分区删除',2338,4,'#','',NULL,'',1,0,'F','0','0','ar:zone:remove','#','admin','2025-01-20 17:22:20','',NULL,''),(2343,'沙盘分区导出',2338,5,'#','',NULL,'',1,0,'F','0','0','ar:zone:export','#','admin','2025-01-20 17:22:20','',NULL,''),(2344,'设备',2044,4,'device','ar/device/index',NULL,'',1,0,'C','0','0','ar:device:list','icon','admin','2025-01-20 17:25:22','admin','2025-01-21 20:14:10','设备菜单'),(2345,'设备查询',2344,1,'#','',NULL,'',1,0,'F','0','0','ar:device:query','#','admin','2025-01-20 17:25:22','',NULL,''),(2346,'设备新增',2344,2,'#','',NULL,'',1,0,'F','0','0','ar:device:add','#','admin','2025-01-20 17:25:22','',NULL,''),(2347,'设备修改',2344,3,'#','',NULL,'',1,0,'F','0','0','ar:device:edit','#','admin','2025-01-20 17:25:22','',NULL,''),(2348,'设备删除',2344,4,'#','',NULL,'',1,0,'F','0','0','ar:device:remove','#','admin','2025-01-20 17:25:22','',NULL,''),(2349,'设备导出',2344,5,'#','',NULL,'',1,0,'F','0','0','ar:device:export','#','admin','2025-01-20 17:25:22','',NULL,''),(2380,'产品清单明细',2216,3,'productTransactionDetail','ar/productTransactionDetail/index',NULL,'',1,0,'C','0','0','ar:productTransactionDetail:list','button','admin','2025-01-20 17:25:22','admin','2025-04-29 18:06:17','产品清单明细菜单'),(2381,'产品清单明细查询',2380,1,'#','',NULL,'',1,0,'F','0','0','ar:productTransactionDetail:query','#','admin','2025-01-20 17:25:22','',NULL,''),(2382,'产品清单明细新增',2380,2,'#','',NULL,'',1,0,'F','0','0','ar:productTransactionDetail:add','#','admin','2025-01-20 17:25:22','',NULL,''),(2383,'产品清单明细修改',2380,3,'#','',NULL,'',1,0,'F','0','0','ar:productTransactionDetail:edit','#','admin','2025-01-20 17:25:22','',NULL,''),(2384,'产品清单明细删除',2380,4,'#','',NULL,'',1,0,'F','0','0','ar:productTransactionDetail:remove','#','admin','2025-01-20 17:25:22','',NULL,''),(2385,'产品清单明细导出',2380,5,'#','',NULL,'',1,0,'F','0','0','ar:productTransactionDetail:export','#','admin','2025-01-20 17:25:22','',NULL,''),(2410,'二维码',2044,1,'code','ar/code/index',NULL,'',1,0,'C','0','0','ar:code:list','dashboard','admin','2025-01-20 17:25:43','admin','2025-04-29 16:40:34','二维码菜单'),(2411,'二维码查询',2410,1,'#','',NULL,'',1,0,'F','0','0','ar:code:query','#','admin','2025-01-20 17:25:44','',NULL,''),(2412,'二维码新增',2410,2,'#','',NULL,'',1,0,'F','0','0','ar:code:add','#','admin','2025-01-20 17:25:44','',NULL,''),(2413,'二维码修改',2410,3,'#','',NULL,'',1,0,'F','0','0','ar:code:edit','#','admin','2025-01-20 17:25:44','',NULL,''),(2414,'二维码删除',2410,4,'#','',NULL,'',1,0,'F','0','0','ar:code:remove','#','admin','2025-01-20 17:25:44','',NULL,''),(2415,'二维码导出',2410,5,'#','',NULL,'',1,0,'F','0','0','ar:code:export','#','admin','2025-01-20 17:25:44','',NULL,''),(2416,'VR内容',2099,4,'content','vr/content/index',NULL,'',1,0,'C','0','0','vr:content:list','language','admin','2025-01-20 17:25:44','admin','2025-01-21 20:44:54','VR内容菜单'),(2417,'VR内容查询',2416,1,'#','',NULL,'',1,0,'F','0','0','vr:content:query','#','admin','2025-01-20 17:25:44','',NULL,''),(2418,'VR内容新增',2416,2,'#','',NULL,'',1,0,'F','0','0','vr:content:add','#','admin','2025-01-20 17:25:44','',NULL,''),(2419,'VR内容修改',2416,3,'#','',NULL,'',1,0,'F','0','0','vr:content:edit','#','admin','2025-01-20 17:25:44','',NULL,''),(2420,'VR内容删除',2416,4,'#','',NULL,'',1,0,'F','0','0','vr:content:remove','#','admin','2025-01-20 17:25:44','',NULL,''),(2421,'VR内容导出',2416,5,'#','',NULL,'',1,0,'F','0','0','vr:content:export','#','admin','2025-01-20 17:25:44','',NULL,''),(2428,'材料清单明细',2229,3,'materialTransactionDetail','ar/materialTransactionDetail/index',NULL,'',1,0,'C','0','0','ar:materialTransactionDetail:list','edit','admin','2025-01-21 20:07:02','admin','2025-04-29 18:06:07','材料清单明细菜单'),(2429,'材料清单明细查询',2428,1,'#','',NULL,'',1,0,'F','0','0','ar:materialTransactionDetail:query','#','admin','2025-01-21 20:07:02','',NULL,''),(2430,'材料清单明细新增',2428,2,'#','',NULL,'',1,0,'F','0','0','ar:materialTransactionDetail:add','#','admin','2025-01-21 20:07:02','',NULL,''),(2431,'材料清单明细修改',2428,3,'#','',NULL,'',1,0,'F','0','0','ar:materialTransactionDetail:edit','#','admin','2025-01-21 20:07:02','',NULL,''),(2432,'材料清单明细删除',2428,4,'#','',NULL,'',1,0,'F','0','0','ar:materialTransactionDetail:remove','#','admin','2025-01-21 20:07:02','',NULL,''),(2433,'材料清单明细导出',2428,5,'#','',NULL,'',1,0,'F','0','0','ar:materialTransactionDetail:export','#','admin','2025-01-21 20:07:02','',NULL,''),(2434,'生产批次',2216,4,'batch','ar/batch/index',NULL,'',1,0,'C','0','0','ar:batch:list','date-range','admin','2025-01-21 20:07:08','admin','2025-04-29 18:05:24','生产批次菜单'),(2435,'生产批次查询',2434,1,'#','',NULL,'',1,0,'F','0','0','ar:batch:query','#','admin','2025-01-21 20:07:08','',NULL,''),(2436,'生产批次新增',2434,2,'#','',NULL,'',1,0,'F','0','0','ar:batch:add','#','admin','2025-01-21 20:07:08','',NULL,''),(2437,'生产批次修改',2434,3,'#','',NULL,'',1,0,'F','0','0','ar:batch:edit','#','admin','2025-01-21 20:07:08','',NULL,''),(2438,'生产批次删除',2434,4,'#','',NULL,'',1,0,'F','0','0','ar:batch:remove','#','admin','2025-01-21 20:07:08','',NULL,''),(2439,'生产批次导出',2434,5,'#','',NULL,'',1,0,'F','0','0','ar:batch:export','#','admin','2025-01-21 20:07:08','',NULL,''),(2452,'VR素材',2100,3,'material','school/material/index',NULL,'',1,0,'C','0','0','school:material:list','theme','admin','2025-01-21 20:49:05','admin','2025-01-21 20:51:52','VR素材菜单'),(2453,'VR素材查询',2452,1,'#','',NULL,'',1,0,'F','0','0','school:material:query','#','admin','2025-01-21 20:49:05','',NULL,''),(2454,'VR素材新增',2452,2,'#','',NULL,'',1,0,'F','0','0','school:material:add','#','admin','2025-01-21 20:49:05','',NULL,''),(2455,'VR素材修改',2452,3,'#','',NULL,'',1,0,'F','0','0','school:material:edit','#','admin','2025-01-21 20:49:05','',NULL,''),(2456,'VR素材删除',2452,4,'#','',NULL,'',1,0,'F','0','0','school:material:remove','#','admin','2025-01-21 20:49:05','',NULL,''),(2457,'VR素材导出',2452,5,'#','',NULL,'',1,0,'F','0','0','school:material:export','#','admin','2025-01-21 20:49:05','',NULL,''),(2497,'AR应用',2044,11,'applications','ar/applications/index',NULL,'',1,0,'C','0','0','ar:applications:list','eye','admin','2025-02-12 18:03:58','admin','2025-04-29 16:28:59','AR应用菜单'),(2498,'AR应用查询',2497,1,'#','',NULL,'',1,0,'F','0','0','ar:applications:query','#','admin','2025-02-12 18:03:58','',NULL,''),(2499,'AR应用新增',2497,2,'#','',NULL,'',1,0,'F','0','0','ar:applications:add','#','admin','2025-02-12 18:03:58','',NULL,''),(2500,'AR应用修改',2497,3,'#','',NULL,'',1,0,'F','0','0','ar:applications:edit','#','admin','2025-02-12 18:03:58','',NULL,''),(2501,'AR应用删除',2497,4,'#','',NULL,'',1,0,'F','0','0','ar:applications:remove','#','admin','2025-02-12 18:03:58','',NULL,''),(2502,'AR应用导出',2497,5,'#','',NULL,'',1,0,'F','0','0','ar:applications:export','#','admin','2025-02-12 18:03:58','',NULL,''),(2509,'出厂配置',2044,12,'configuration','ar/configuration/index',NULL,'',1,0,'C','0','0','ar:configuration:list','validCode','admin','2025-02-12 18:21:59','admin','2025-04-29 16:29:08','出厂配置菜单'),(2510,'出厂配置查询',2509,1,'#','',NULL,'',1,0,'F','0','0','ar:configuration:query','#','admin','2025-02-12 18:21:59','',NULL,''),(2511,'出厂配置新增',2509,2,'#','',NULL,'',1,0,'F','0','0','ar:configuration:add','#','admin','2025-02-12 18:21:59','',NULL,''),(2512,'出厂配置修改',2509,3,'#','',NULL,'',1,0,'F','0','0','ar:configuration:edit','#','admin','2025-02-12 18:21:59','',NULL,''),(2513,'出厂配置删除',2509,4,'#','',NULL,'',1,0,'F','0','0','ar:configuration:remove','#','admin','2025-02-12 18:21:59','',NULL,''),(2514,'出厂配置导出',2509,5,'#','',NULL,'',1,0,'F','0','0','ar:configuration:export','#','admin','2025-02-12 18:21:59','',NULL,''),(2515,'VR应用',2099,6,'applications','vr/applications/index',NULL,'',1,0,'C','0','0','vr:applications:list','#','admin','2025-02-24 10:34:54','admin','2025-04-30 10:31:50','VR应用菜单'),(2516,'VR应用查询',2515,1,'#','',NULL,'',1,0,'F','0','0','vr:applications:query','#','admin','2025-02-24 10:34:54','',NULL,''),(2517,'VR应用新增',2515,2,'#','',NULL,'',1,0,'F','0','0','vr:applications:add','#','admin','2025-02-24 10:34:54','',NULL,''),(2518,'VR应用修改',2515,3,'#','',NULL,'',1,0,'F','0','0','vr:applications:edit','#','admin','2025-02-24 10:34:54','',NULL,''),(2519,'VR应用删除',2515,4,'#','',NULL,'',1,0,'F','0','0','vr:applications:remove','#','admin','2025-02-24 10:34:54','',NULL,''),(2520,'VR应用导出',2515,5,'#','',NULL,'',1,0,'F','0','0','vr:applications:export','#','admin','2025-02-24 10:34:54','',NULL,''),(2521,'校企应用',2100,5,'applications','school/applications/index',NULL,'',1,0,'C','0','0','school:applications:list','#','admin','2025-02-24 10:44:54','admin','2025-04-30 10:32:09','校企应用菜单'),(2522,'校企应用查询',2521,1,'#','',NULL,'',1,0,'F','0','0','school:applications:query','#','admin','2025-02-24 10:44:54','',NULL,''),(2523,'校企应用新增',2521,2,'#','',NULL,'',1,0,'F','0','0','school:applications:add','#','admin','2025-02-24 10:44:54','',NULL,''),(2524,'校企应用修改',2521,3,'#','',NULL,'',1,0,'F','0','0','school:applications:edit','#','admin','2025-02-24 10:44:54','',NULL,''),(2525,'校企应用删除',2521,4,'#','',NULL,'',1,0,'F','0','0','school:applications:remove','#','admin','2025-02-24 10:44:54','',NULL,''),(2526,'校企应用导出',2521,5,'#','',NULL,'',1,0,'F','0','0','school:applications:export','#','admin','2025-02-24 10:44:54','',NULL,''),(2527,'二维码_AR内容关联',2044,2,'arAssociation','ar/arAssociation/index',NULL,'',1,0,'C','0','0','ar:arAssociation:list','#','admin','2025-02-25 21:15:02','admin','2025-04-29 16:40:20','AR内容关联菜单'),(2528,'AR内容关联查询',2527,1,'#','',NULL,'',1,0,'F','0','0','ar:arAssociation:query','#','admin','2025-02-25 21:15:02','',NULL,''),(2529,'AR内容关联新增',2527,2,'#','',NULL,'',1,0,'F','0','0','ar:arAssociation:add','#','admin','2025-02-25 21:15:02','',NULL,''),(2530,'AR内容关联修改',2527,3,'#','',NULL,'',1,0,'F','0','0','ar:arAssociation:edit','#','admin','2025-02-25 21:15:02','',NULL,''),(2531,'AR内容关联删除',2527,4,'#','',NULL,'',1,0,'F','0','0','ar:arAssociation:remove','#','admin','2025-02-25 21:15:02','',NULL,''),(2532,'AR内容关联导出',2527,5,'#','',NULL,'',1,0,'F','0','0','ar:arAssociation:export','#','admin','2025-02-25 21:15:02','',NULL,''),(2545,'二维码_沙盘分区关联',2044,3,'sandAssociation','ar/sandAssociation/index',NULL,'',1,0,'C','0','0','ar:sandAssociation:list','#','admin','2025-03-25 14:51:32','admin','2025-04-29 16:27:38','二维码_沙盘分区关联菜单'),(2546,'二维码_沙盘分区关联查询',2545,1,'#','',NULL,'',1,0,'F','0','0','ar:sandAssociation:query','#','admin','2025-03-25 14:51:32','',NULL,''),(2547,'二维码_沙盘分区关联新增',2545,2,'#','',NULL,'',1,0,'F','0','0','ar:sandAssociation:add','#','admin','2025-03-25 14:51:32','',NULL,''),(2548,'二维码_沙盘分区关联修改',2545,3,'#','',NULL,'',1,0,'F','0','0','ar:sandAssociation:edit','#','admin','2025-03-25 14:51:32','',NULL,''),(2549,'二维码_沙盘分区关联删除',2545,4,'#','',NULL,'',1,0,'F','0','0','ar:sandAssociation:remove','#','admin','2025-03-25 14:51:32','',NULL,''),(2550,'二维码_沙盘分区关联导出',2545,5,'#','',NULL,'',1,0,'F','0','0','ar:sandAssociation:export','#','admin','2025-03-25 14:51:32','',NULL,''),(2551,'二维码_设备关联',2044,4,'deviceAssociation','ar/deviceAssociation/index',NULL,'',1,0,'C','0','0','ar:deviceAssociation:list','#','admin','2025-03-25 16:34:21','admin','2025-04-29 16:40:54','设备关联菜单'),(2552,'设备关联查询',2551,1,'#','',NULL,'',1,0,'F','0','0','ar:deviceAssociation:query','#','admin','2025-03-25 16:34:21','',NULL,''),(2553,'设备关联新增',2551,2,'#','',NULL,'',1,0,'F','0','0','ar:deviceAssociation:add','#','admin','2025-03-25 16:34:21','',NULL,''),(2554,'设备关联修改',2551,3,'#','',NULL,'',1,0,'F','0','0','ar:deviceAssociation:edit','#','admin','2025-03-25 16:34:21','',NULL,''),(2555,'设备关联删除',2551,4,'#','',NULL,'',1,0,'F','0','0','ar:deviceAssociation:remove','#','admin','2025-03-25 16:34:21','',NULL,''),(2556,'设备关联导出',2551,5,'#','',NULL,'',1,0,'F','0','0','ar:deviceAssociation:export','#','admin','2025-03-25 16:34:21','',NULL,'');
/*!40000 ALTER TABLE `sys_menu` ENABLE KEYS */;
UNLOCK TABLES;

--
-- Table structure for table `sys_notice`
--

DROP TABLE IF EXISTS `sys_notice`;
/*!40101 SET @saved_cs_client     = @@character_set_client */;
/*!40101 SET character_set_client = utf8 */;
CREATE TABLE `sys_notice` (
  `notice_id` int NOT NULL AUTO_INCREMENT COMMENT '公告ID',
  `notice_title` varchar(50) CHARACTER SET utf8mb4 COLLATE utf8mb4_0900_ai_ci NOT NULL COMMENT '公告标题',
  `notice_type` char(1) CHARACTER SET utf8mb4 COLLATE utf8mb4_0900_ai_ci NOT NULL COMMENT '公告类型（1通知 2公告）',
  `notice_content` longblob COMMENT '公告内容',
  `status` char(1) CHARACTER SET utf8mb4 COLLATE utf8mb4_0900_ai_ci DEFAULT '0' COMMENT '公告状态（0正常 1关闭）',
  `create_by` varchar(64) CHARACTER SET utf8mb4 COLLATE utf8mb4_0900_ai_ci DEFAULT '' COMMENT '创建者',
  `create_time` datetime DEFAULT NULL COMMENT '创建时间',
  `update_by` varchar(64) CHARACTER SET utf8mb4 COLLATE utf8mb4_0900_ai_ci DEFAULT '' COMMENT '更新者',
  `update_time` datetime DEFAULT NULL COMMENT '更新时间',
  `remark` varchar(255) CHARACTER SET utf8mb4 COLLATE utf8mb4_0900_ai_ci DEFAULT NULL COMMENT '备注',
  PRIMARY KEY (`notice_id`) USING BTREE
) ENGINE=InnoDB AUTO_INCREMENT=11 DEFAULT CHARSET=utf8mb4 COLLATE=utf8mb4_0900_ai_ci ROW_FORMAT=DYNAMIC COMMENT='通知公告表';
/*!40101 SET character_set_client = @saved_cs_client */;

--
-- Dumping data for table `sys_notice`
--

LOCK TABLES `sys_notice` WRITE;
/*!40000 ALTER TABLE `sys_notice` DISABLE KEYS */;
INSERT INTO `sys_notice` VALUES (1,'温馨提醒：2018-07-01 若依新版本发布啦','2',_binary '新版本内容','0','admin','2024-12-24 16:55:24','',NULL,'管理员'),(2,'维护通知：2018-07-01 若依系统凌晨维护','1',_binary '维护内容','0','admin','2024-12-24 16:55:24','',NULL,'管理员'),(10,'春节放假通知','1',_binary '<p><strong>春节不放假</strong></p>','0','admin','2025-02-06 14:27:47','',NULL,NULL);
/*!40000 ALTER TABLE `sys_notice` ENABLE KEYS */;
UNLOCK TABLES;

--
-- Table structure for table `sys_oper_log`
--

DROP TABLE IF EXISTS `sys_oper_log`;
/*!40101 SET @saved_cs_client     = @@character_set_client */;
/*!40101 SET character_set_client = utf8 */;
CREATE TABLE `sys_oper_log` (
  `oper_id` bigint NOT NULL AUTO_INCREMENT COMMENT '日志主键',
  `title` varchar(50) CHARACTER SET utf8mb4 COLLATE utf8mb4_0900_ai_ci DEFAULT '' COMMENT '模块标题',
  `business_type` int DEFAULT '0' COMMENT '业务类型（0其它 1新增 2修改 3删除）',
  `method` varchar(200) CHARACTER SET utf8mb4 COLLATE utf8mb4_0900_ai_ci DEFAULT '' COMMENT '方法名称',
  `request_method` varchar(10) CHARACTER SET utf8mb4 COLLATE utf8mb4_0900_ai_ci DEFAULT '' COMMENT '请求方式',
  `operator_type` int DEFAULT '0' COMMENT '操作类别（0其它 1后台用户 2手机端用户）',
  `oper_name` varchar(50) CHARACTER SET utf8mb4 COLLATE utf8mb4_0900_ai_ci DEFAULT '' COMMENT '操作人员',
  `dept_name` varchar(50) CHARACTER SET utf8mb4 COLLATE utf8mb4_0900_ai_ci DEFAULT '' COMMENT '部门名称',
  `oper_url` varchar(255) CHARACTER SET utf8mb4 COLLATE utf8mb4_0900_ai_ci DEFAULT '' COMMENT '请求URL',
  `oper_ip` varchar(128) CHARACTER SET utf8mb4 COLLATE utf8mb4_0900_ai_ci DEFAULT '' COMMENT '主机地址',
  `oper_location` varchar(255) CHARACTER SET utf8mb4 COLLATE utf8mb4_0900_ai_ci DEFAULT '' COMMENT '操作地点',
  `oper_param` varchar(2000) CHARACTER SET utf8mb4 COLLATE utf8mb4_0900_ai_ci DEFAULT '' COMMENT '请求参数',
  `json_result` varchar(2000) CHARACTER SET utf8mb4 COLLATE utf8mb4_0900_ai_ci DEFAULT '' COMMENT '返回参数',
  `status` int DEFAULT '0' COMMENT '操作状态（0正常 1异常）',
  `error_msg` varchar(2000) CHARACTER SET utf8mb4 COLLATE utf8mb4_0900_ai_ci DEFAULT '' COMMENT '错误消息',
  `oper_time` datetime DEFAULT NULL COMMENT '操作时间',
  `cost_time` bigint DEFAULT '0' COMMENT '消耗时间',
  PRIMARY KEY (`oper_id`) USING BTREE,
  KEY `idx_sys_oper_log_bt` (`business_type`) USING BTREE,
  KEY `idx_sys_oper_log_s` (`status`) USING BTREE,
  KEY `idx_sys_oper_log_ot` (`oper_time`) USING BTREE
) ENGINE=InnoDB AUTO_INCREMENT=773 DEFAULT CHARSET=utf8mb4 COLLATE=utf8mb4_0900_ai_ci ROW_FORMAT=DYNAMIC COMMENT='操作日志记录';
/*!40101 SET character_set_client = @saved_cs_client */;

--
-- Dumping data for table `sys_oper_log`
--

LOCK TABLES `sys_oper_log` WRITE;
/*!40000 ALTER TABLE `sys_oper_log` DISABLE KEYS */;
INSERT INTO `sys_oper_log` VALUES (1,'操作日志',9,'com.ruoyi.web.controller.monitor.SysOperlogController.clean()','DELETE',1,'admin','研发部门','/monitor/operlog/clean','127.0.0.1','内网IP','','{\"msg\":\"操作成功\",\"code\":200}',0,NULL,'2025-02-06 14:28:15',59),(2,'账户解锁',0,'com.ruoyi.web.controller.monitor.SysLogininforController.unlock()','GET',1,'admin','研发部门','/monitor/logininfor/unlock/admin','127.0.0.1','内网IP','{}','{\"msg\":\"操作成功\",\"code\":200}',0,NULL,'2025-02-06 14:28:39',2),(3,'账户解锁',0,'com.ruoyi.web.controller.monitor.SysLogininforController.unlock()','GET',1,'admin','研发部门','/monitor/logininfor/unlock/admin','127.0.0.1','内网IP','{}','{\"msg\":\"操作成功\",\"code\":200}',0,NULL,'2025-02-06 14:28:45',2),(4,'定时任务',1,'com.ruoyi.quartz.controller.SysJobController.add()','POST',1,'admin','研发部门','/monitor/job','127.0.0.1','内网IP','{\"concurrent\":\"1\",\"createBy\":\"admin\",\"cronExpression\":\"0/5 * * * * ?\",\"invokeTarget\":\"mytask.mytask()\",\"jobGroup\":\"DEFAULT\",\"jobId\":100,\"jobName\":\"输出时间\",\"misfirePolicy\":\"1\",\"nextValidTime\":\"2025-02-06 14:51:40\",\"params\":{},\"status\":\"1\"}','{\"msg\":\"操作成功\",\"code\":200}',0,NULL,'2025-02-06 14:51:36',36),(5,'定时任务',2,'com.ruoyi.quartz.controller.SysJobController.changeStatus()','PUT',1,'admin','研发部门','/monitor/job/changeStatus','127.0.0.1','内网IP','{\"jobId\":100,\"misfirePolicy\":\"0\",\"params\":{},\"status\":\"0\"}','{\"msg\":\"操作成功\",\"code\":200}',0,NULL,'2025-02-06 14:51:39',18),(6,'定时任务',2,'com.ruoyi.quartz.controller.SysJobController.changeStatus()','PUT',1,'admin','研发部门','/monitor/job/changeStatus','127.0.0.1','内网IP','{\"jobId\":100,\"misfirePolicy\":\"0\",\"params\":{},\"status\":\"1\"}','{\"msg\":\"操作成功\",\"code\":200}',0,NULL,'2025-02-06 14:53:43',66),(7,'定时任务',1,'com.ruoyi.quartz.controller.SysJobController.add()','POST',1,'admin','研发部门','/monitor/job','127.0.0.1','内网IP','{\"concurrent\":\"1\",\"createBy\":\"admin\",\"cronExpression\":\"0/5 * * * * ?\",\"invokeTarget\":\"mytask.showTime()\",\"jobGroup\":\"DEFAULT\",\"jobId\":101,\"jobName\":\"showTime\",\"misfirePolicy\":\"1\",\"nextValidTime\":\"2025-02-06 14:54:45\",\"params\":{},\"status\":\"1\"}','{\"msg\":\"操作成功\",\"code\":200}',0,NULL,'2025-02-06 14:54:43',100),(8,'调度日志',9,'com.ruoyi.quartz.controller.SysJobLogController.clean()','DELETE',1,'admin','研发部门','/monitor/jobLog/clean','127.0.0.1','内网IP','','{\"msg\":\"操作成功\",\"code\":200}',0,NULL,'2025-02-06 14:54:51',29),(9,'定时任务',2,'com.ruoyi.quartz.controller.SysJobController.changeStatus()','PUT',1,'admin','研发部门','/monitor/job/changeStatus','127.0.0.1','内网IP','{\"jobId\":101,\"misfirePolicy\":\"0\",\"params\":{},\"status\":\"0\"}','{\"msg\":\"操作成功\",\"code\":200}',0,NULL,'2025-02-06 14:55:05',20),(10,'定时任务',3,'com.ruoyi.quartz.controller.SysJobController.remove()','DELETE',1,'admin','研发部门','/monitor/job/100','127.0.0.1','内网IP','[100]','{\"msg\":\"操作成功\",\"code\":200}',0,NULL,'2025-02-06 14:55:09',22),(11,'定时任务',2,'com.ruoyi.quartz.controller.SysJobController.changeStatus()','PUT',1,'admin','研发部门','/monitor/job/changeStatus','127.0.0.1','内网IP','{\"jobId\":101,\"misfirePolicy\":\"0\",\"params\":{},\"status\":\"1\"}','{\"msg\":\"操作成功\",\"code\":200}',0,NULL,'2025-02-06 14:55:52',19),(12,'菜单管理',1,'com.ruoyi.web.controller.system.SysMenuController.add()','POST',1,'admin','研发部门','/system/menu','127.0.0.1','内网IP','{\"children\":[],\"component\":\"add\",\"createBy\":\"admin\",\"isCache\":\"0\",\"isFrame\":\"1\",\"menuName\":\"添加课程\",\"menuType\":\"C\",\"orderNum\":1,\"params\":{},\"parentId\":0,\"path\":\"course/add\",\"status\":\"0\",\"visible\":\"0\"}','{\"msg\":\"操作成功\",\"code\":200}',0,NULL,'2025-02-06 15:13:56',28),(13,'菜单管理',2,'com.ruoyi.web.controller.system.SysMenuController.edit()','PUT',1,'admin','研发部门','/system/menu','127.0.0.1','内网IP','{\"children\":[],\"component\":\"course/add\",\"createTime\":\"2025-02-06 15:13:56\",\"icon\":\"#\",\"isCache\":\"0\",\"isFrame\":\"1\",\"menuId\":2482,\"menuName\":\"添加课程\",\"menuType\":\"C\",\"orderNum\":1,\"params\":{},\"parentId\":0,\"path\":\"course/add\",\"perms\":\"\",\"routeName\":\"\",\"status\":\"0\",\"updateBy\":\"admin\",\"visible\":\"0\"}','{\"msg\":\"操作成功\",\"code\":200}',0,NULL,'2025-02-06 15:14:30',13),(14,'菜单管理',2,'com.ruoyi.web.controller.system.SysMenuController.edit()','PUT',1,'admin','研发部门','/system/menu','127.0.0.1','内网IP','{\"children\":[],\"component\":\"course/add\",\"createTime\":\"2025-02-06 15:13:56\",\"icon\":\"#\",\"isCache\":\"0\",\"isFrame\":\"1\",\"menuId\":2482,\"menuName\":\"添加课程\",\"menuType\":\"C\",\"orderNum\":1,\"params\":{},\"parentId\":0,\"path\":\"course\",\"perms\":\"\",\"routeName\":\"\",\"status\":\"0\",\"updateBy\":\"admin\",\"visible\":\"0\"}','{\"msg\":\"操作成功\",\"code\":200}',0,NULL,'2025-02-06 15:15:16',23),(15,'菜单管理',2,'com.ruoyi.web.controller.system.SysMenuController.edit()','PUT',1,'admin','研发部门','/system/menu','127.0.0.1','内网IP','{\"children\":[],\"component\":\"course/index\",\"createTime\":\"2025-01-04 17:19:22\",\"icon\":\"cascader\",\"isCache\":\"0\",\"isFrame\":\"1\",\"menuId\":2035,\"menuName\":\"课程管理\",\"menuType\":\"C\",\"orderNum\":4,\"params\":{},\"parentId\":0,\"path\":\"course\",\"perms\":\"course:list\",\"routeName\":\"\",\"status\":\"0\",\"updateBy\":\"admin\",\"visible\":\"0\"}','{\"msg\":\"操作成功\",\"code\":200}',0,NULL,'2025-02-06 15:16:44',13),(16,'菜单管理',2,'com.ruoyi.web.controller.system.SysMenuController.edit()','PUT',1,'admin','研发部门','/system/menu','127.0.0.1','内网IP','{\"children\":[],\"component\":\"course/add\",\"createTime\":\"2025-02-06 15:13:56\",\"icon\":\"#\",\"isCache\":\"0\",\"isFrame\":\"1\",\"menuId\":2482,\"menuName\":\"添加课程\",\"menuType\":\"C\",\"orderNum\":1,\"params\":{},\"parentId\":0,\"path\":\"course\",\"perms\":\"course:add:list\",\"routeName\":\"\",\"status\":\"0\",\"updateBy\":\"admin\",\"visible\":\"0\"}','{\"msg\":\"操作成功\",\"code\":200}',0,NULL,'2025-02-06 15:17:07',22),(17,'菜单管理',2,'com.ruoyi.web.controller.system.SysMenuController.edit()','PUT',1,'admin','研发部门','/system/menu','127.0.0.1','内网IP','{\"children\":[],\"component\":\"course/add\",\"createTime\":\"2025-02-06 15:13:56\",\"icon\":\"#\",\"isCache\":\"0\",\"isFrame\":\"1\",\"menuId\":2482,\"menuName\":\"添加课程\",\"menuType\":\"C\",\"orderNum\":1,\"params\":{},\"parentId\":0,\"path\":\"course\",\"perms\":\"course:list\",\"routeName\":\"\",\"status\":\"0\",\"updateBy\":\"admin\",\"visible\":\"0\"}','{\"msg\":\"操作成功\",\"code\":200}',0,NULL,'2025-02-06 15:17:25',10),(18,'菜单管理',3,'com.ruoyi.web.controller.system.SysMenuController.remove()','DELETE',1,'admin','研发部门','/system/menu/2482','127.0.0.1','内网IP','2482','{\"msg\":\"操作成功\",\"code\":200}',0,NULL,'2025-02-06 15:20:52',18),(19,'菜单管理',3,'com.ruoyi.web.controller.system.SysMenuController.remove()','DELETE',1,'admin','研发部门','/system/menu/2040','127.0.0.1','内网IP','2040','{\"msg\":\"菜单已分配,不允许删除\",\"code\":601}',0,NULL,'2025-02-06 15:21:03',7),(20,'菜单管理',3,'com.ruoyi.web.controller.system.SysMenuController.remove()','DELETE',1,'admin','研发部门','/system/menu/2036','127.0.0.1','内网IP','2036','{\"msg\":\"菜单已分配,不允许删除\",\"code\":601}',0,NULL,'2025-02-06 15:21:06',7),(21,'菜单管理',3,'com.ruoyi.web.controller.system.SysMenuController.remove()','DELETE',1,'admin','研发部门','/system/menu/2036','127.0.0.1','内网IP','2036','{\"msg\":\"菜单已分配,不允许删除\",\"code\":601}',0,NULL,'2025-02-06 15:21:07',7),(22,'菜单管理',3,'com.ruoyi.web.controller.system.SysMenuController.remove()','DELETE',1,'admin','研发部门','/system/menu/2036','127.0.0.1','内网IP','2036','{\"msg\":\"菜单已分配,不允许删除\",\"code\":601}',0,NULL,'2025-02-06 15:21:08',13),(23,'菜单管理',3,'com.ruoyi.web.controller.system.SysMenuController.remove()','DELETE',1,'admin','研发部门','/system/menu/2036','127.0.0.1','内网IP','2036','{\"msg\":\"菜单已分配,不允许删除\",\"code\":601}',0,NULL,'2025-02-06 15:21:09',5),(24,'菜单管理',3,'com.ruoyi.web.controller.system.SysMenuController.remove()','DELETE',1,'admin','研发部门','/system/menu/2037','127.0.0.1','内网IP','2037','{\"msg\":\"菜单已分配,不允许删除\",\"code\":601}',0,NULL,'2025-02-06 15:21:10',4),(25,'菜单管理',3,'com.ruoyi.web.controller.system.SysMenuController.remove()','DELETE',1,'admin','研发部门','/system/menu/2037','127.0.0.1','内网IP','2037','{\"msg\":\"菜单已分配,不允许删除\",\"code\":601}',0,NULL,'2025-02-06 15:21:11',6),(26,'菜单管理',3,'com.ruoyi.web.controller.system.SysMenuController.remove()','DELETE',1,'admin','研发部门','/system/menu/2036','127.0.0.1','内网IP','2036','{\"msg\":\"菜单已分配,不允许删除\",\"code\":601}',0,NULL,'2025-02-06 15:21:14',10),(27,'菜单管理',3,'com.ruoyi.web.controller.system.SysMenuController.remove()','DELETE',1,'admin','研发部门','/system/menu/2036','127.0.0.1','内网IP','2036','{\"msg\":\"菜单已分配,不允许删除\",\"code\":601}',0,NULL,'2025-02-06 15:21:22',6),(28,'菜单管理',3,'com.ruoyi.web.controller.system.SysMenuController.remove()','DELETE',1,'admin','研发部门','/system/menu/2040','127.0.0.1','内网IP','2040','{\"msg\":\"菜单已分配,不允许删除\",\"code\":601}',0,NULL,'2025-02-06 15:21:29',9),(29,'菜单管理',3,'com.ruoyi.web.controller.system.SysMenuController.remove()','DELETE',1,'admin','研发部门','/system/menu/2037','127.0.0.1','内网IP','2037','{\"msg\":\"菜单已分配,不允许删除\",\"code\":601}',0,NULL,'2025-02-06 15:21:37',6),(30,'菜单管理',2,'com.ruoyi.web.controller.system.SysMenuController.edit()','PUT',1,'admin','研发部门','/system/menu','127.0.0.1','内网IP','{\"children\":[],\"component\":\"\",\"createTime\":\"2025-01-04 17:19:22\",\"icon\":\"#\",\"isCache\":\"0\",\"isFrame\":\"1\",\"menuId\":2037,\"menuName\":\"课程管理新增\",\"menuType\":\"F\",\"orderNum\":2,\"params\":{},\"parentId\":2035,\"path\":\"#\",\"perms\":\"system:course:add\",\"routeName\":\"\",\"status\":\"1\",\"updateBy\":\"admin\",\"visible\":\"0\"}','{\"msg\":\"操作成功\",\"code\":200}',0,NULL,'2025-02-06 15:21:42',8),(31,'菜单管理',3,'com.ruoyi.web.controller.system.SysMenuController.remove()','DELETE',1,'admin','研发部门','/system/menu/2037','127.0.0.1','内网IP','2037','{\"msg\":\"菜单已分配,不允许删除\",\"code\":601}',0,NULL,'2025-02-06 15:21:44',6),(32,'菜单管理',3,'com.ruoyi.web.controller.system.SysMenuController.remove()','DELETE',1,'admin','研发部门','/system/menu/2037','127.0.0.1','内网IP','2037','{\"msg\":\"菜单已分配,不允许删除\",\"code\":601}',0,NULL,'2025-02-06 15:21:46',4),(33,'菜单管理',3,'com.ruoyi.web.controller.system.SysMenuController.remove()','DELETE',1,'admin','研发部门','/system/menu/2037','127.0.0.1','内网IP','2037','{\"msg\":\"菜单已分配,不允许删除\",\"code\":601}',0,NULL,'2025-02-06 15:21:46',4),(34,'菜单管理',3,'com.ruoyi.web.controller.system.SysMenuController.remove()','DELETE',1,'admin','研发部门','/system/menu/2037','127.0.0.1','内网IP','2037','{\"msg\":\"菜单已分配,不允许删除\",\"code\":601}',0,NULL,'2025-02-06 15:21:47',7),(35,'菜单管理',3,'com.ruoyi.web.controller.system.SysMenuController.remove()','DELETE',1,'admin','研发部门','/system/menu/2037','127.0.0.1','内网IP','2037','{\"msg\":\"菜单已分配,不允许删除\",\"code\":601}',0,NULL,'2025-02-06 15:21:47',3),(36,'菜单管理',3,'com.ruoyi.web.controller.system.SysMenuController.remove()','DELETE',1,'admin','研发部门','/system/menu/2037','127.0.0.1','内网IP','2037','{\"msg\":\"菜单已分配,不允许删除\",\"code\":601}',0,NULL,'2025-02-06 15:21:47',8),(37,'菜单管理',3,'com.ruoyi.web.controller.system.SysMenuController.remove()','DELETE',1,'admin','研发部门','/system/menu/2037','127.0.0.1','内网IP','2037','{\"msg\":\"菜单已分配,不允许删除\",\"code\":601}',0,NULL,'2025-02-06 15:21:47',16),(38,'菜单管理',3,'com.ruoyi.web.controller.system.SysMenuController.remove()','DELETE',1,'admin','研发部门','/system/menu/2037','127.0.0.1','内网IP','2037','{\"msg\":\"菜单已分配,不允许删除\",\"code\":601}',0,NULL,'2025-02-06 15:21:47',6),(39,'菜单管理',3,'com.ruoyi.web.controller.system.SysMenuController.remove()','DELETE',1,'admin','研发部门','/system/menu/2037','127.0.0.1','内网IP','2037','{\"msg\":\"菜单已分配,不允许删除\",\"code\":601}',0,NULL,'2025-02-06 15:21:47',5),(40,'菜单管理',1,'com.ruoyi.web.controller.system.SysMenuController.add()','POST',1,'admin','研发部门','/system/menu','127.0.0.1','内网IP','{\"children\":[],\"component\":\"ar/batch/add\",\"createBy\":\"admin\",\"isCache\":\"0\",\"isFrame\":\"1\",\"menuName\":\"wwwww\",\"menuType\":\"C\",\"orderNum\":1,\"params\":{},\"parentId\":0,\"path\":\"ar/batch/add\",\"status\":\"0\",\"visible\":\"0\"}','{\"msg\":\"操作成功\",\"code\":200}',0,NULL,'2025-02-06 15:25:12',8),(41,'菜单管理',2,'com.ruoyi.web.controller.system.SysMenuController.edit()','PUT',1,'admin','研发部门','/system/menu','127.0.0.1','内网IP','{\"children\":[],\"component\":\"ar/batch/add\",\"createTime\":\"2025-02-06 15:25:12\",\"icon\":\"#\",\"isCache\":\"0\",\"isFrame\":\"1\",\"menuId\":2483,\"menuName\":\"wwwww\",\"menuType\":\"C\",\"orderNum\":1,\"params\":{},\"parentId\":2434,\"path\":\"batch\",\"perms\":\"\",\"routeName\":\"\",\"status\":\"0\",\"updateBy\":\"admin\",\"visible\":\"0\"}','{\"msg\":\"操作成功\",\"code\":200}',0,NULL,'2025-02-06 15:26:23',17),(42,'菜单管理',2,'com.ruoyi.web.controller.system.SysMenuController.edit()','PUT',1,'admin','研发部门','/system/menu','127.0.0.1','内网IP','{\"children\":[],\"component\":\"ar/batch/add\",\"createTime\":\"2025-02-06 15:25:12\",\"icon\":\"#\",\"isCache\":\"0\",\"isFrame\":\"1\",\"menuId\":2483,\"menuName\":\"wwwww\",\"menuType\":\"C\",\"orderNum\":1,\"params\":{},\"parentId\":2216,\"path\":\"batch\",\"perms\":\"\",\"routeName\":\"\",\"status\":\"0\",\"updateBy\":\"admin\",\"visible\":\"0\"}','{\"msg\":\"操作成功\",\"code\":200}',0,NULL,'2025-02-06 15:26:35',20),(43,'菜单管理',2,'com.ruoyi.web.controller.system.SysMenuController.edit()','PUT',1,'admin','研发部门','/system/menu','127.0.0.1','内网IP','{\"children\":[],\"component\":\"ar/batch/add\",\"createTime\":\"2025-02-06 15:25:12\",\"icon\":\"#\",\"isCache\":\"0\",\"isFrame\":\"1\",\"menuId\":2483,\"menuName\":\"wwwww\",\"menuType\":\"C\",\"orderNum\":1,\"params\":{},\"parentId\":2216,\"path\":\"batch\",\"perms\":\"\",\"query\":\"ar:batch:list\",\"routeName\":\"\",\"status\":\"0\",\"updateBy\":\"admin\",\"visible\":\"0\"}','{\"msg\":\"操作成功\",\"code\":200}',0,NULL,'2025-02-06 15:26:53',11),(44,'菜单管理',2,'com.ruoyi.web.controller.system.SysMenuController.edit()','PUT',1,'admin','研发部门','/system/menu','127.0.0.1','内网IP','{\"children\":[],\"component\":\"ar/batch/add\",\"createTime\":\"2025-02-06 15:25:12\",\"icon\":\"#\",\"isCache\":\"0\",\"isFrame\":\"1\",\"menuId\":2483,\"menuName\":\"wwwww\",\"menuType\":\"C\",\"orderNum\":1,\"params\":{},\"parentId\":2216,\"path\":\"batch\",\"perms\":\"ar:batch:list\",\"query\":\"\",\"routeName\":\"\",\"status\":\"0\",\"updateBy\":\"admin\",\"visible\":\"0\"}','{\"msg\":\"操作成功\",\"code\":200}',0,NULL,'2025-02-06 15:27:11',26),(45,'菜单管理',2,'com.ruoyi.web.controller.system.SysMenuController.edit()','PUT',1,'admin','研发部门','/system/menu','127.0.0.1','内网IP','{\"children\":[],\"component\":\"ar/batch/add\",\"createTime\":\"2025-02-06 15:25:12\",\"icon\":\"#\",\"isCache\":\"0\",\"isFrame\":\"1\",\"menuId\":2483,\"menuName\":\"wwwww\",\"menuType\":\"C\",\"orderNum\":1,\"params\":{},\"parentId\":2216,\"path\":\"batch\",\"perms\":\"\",\"query\":\"\",\"routeName\":\"\",\"status\":\"0\",\"updateBy\":\"admin\",\"visible\":\"0\"}','{\"msg\":\"操作成功\",\"code\":200}',0,NULL,'2025-02-06 15:28:39',12),(46,'菜单管理',2,'com.ruoyi.web.controller.system.SysMenuController.edit()','PUT',1,'admin','研发部门','/system/menu','127.0.0.1','内网IP','{\"children\":[],\"component\":\"ar/batch/add\",\"createTime\":\"2025-02-06 15:25:12\",\"icon\":\"#\",\"isCache\":\"0\",\"isFrame\":\"1\",\"menuId\":2483,\"menuName\":\"wwwww\",\"menuType\":\"C\",\"orderNum\":1,\"params\":{},\"parentId\":2216,\"path\":\"batch/batch\",\"perms\":\"\",\"query\":\"\",\"routeName\":\"\",\"status\":\"0\",\"updateBy\":\"admin\",\"visible\":\"0\"}','{\"msg\":\"操作成功\",\"code\":200}',0,NULL,'2025-02-06 15:29:33',21),(47,'菜单管理',2,'com.ruoyi.web.controller.system.SysMenuController.edit()','PUT',1,'admin','研发部门','/system/menu','127.0.0.1','内网IP','{\"children\":[],\"component\":\"ar/batch/add\",\"createTime\":\"2025-02-06 15:25:12\",\"icon\":\"#\",\"isCache\":\"0\",\"isFrame\":\"1\",\"menuId\":2483,\"menuName\":\"wwwww\",\"menuType\":\"C\",\"orderNum\":1,\"params\":{},\"parentId\":2216,\"path\":\"add\",\"perms\":\"\",\"query\":\"\",\"routeName\":\"\",\"status\":\"0\",\"updateBy\":\"admin\",\"visible\":\"0\"}','{\"msg\":\"操作成功\",\"code\":200}',0,NULL,'2025-02-06 15:30:31',29),(48,'菜单管理',2,'com.ruoyi.web.controller.system.SysMenuController.edit()','PUT',1,'admin','研发部门','/system/menu','127.0.0.1','内网IP','{\"children\":[],\"component\":\"ar/batch/index\",\"createTime\":\"2025-01-21 20:07:08\",\"icon\":\"date-range\",\"isCache\":\"0\",\"isFrame\":\"1\",\"menuId\":2434,\"menuName\":\"生产批次\",\"menuType\":\"C\",\"orderNum\":1,\"params\":{},\"parentId\":2216,\"path\":\"batch\",\"perms\":\"ar:batch:list\",\"routeName\":\"\",\"status\":\"0\",\"updateBy\":\"admin\",\"visible\":\"0\"}','{\"msg\":\"操作成功\",\"code\":200}',0,NULL,'2025-02-06 15:30:49',25),(49,'菜单管理',2,'com.ruoyi.web.controller.system.SysMenuController.edit()','PUT',1,'admin','研发部门','/system/menu','127.0.0.1','内网IP','{\"children\":[],\"component\":\"ar/batch/add\",\"createTime\":\"2025-02-06 15:25:12\",\"icon\":\"#\",\"isCache\":\"0\",\"isFrame\":\"1\",\"menuId\":2483,\"menuName\":\"wwwww\",\"menuType\":\"C\",\"orderNum\":1,\"params\":{},\"parentId\":2216,\"path\":\"batch/add\",\"perms\":\"\",\"query\":\"\",\"routeName\":\"\",\"status\":\"0\",\"updateBy\":\"admin\",\"visible\":\"0\"}','{\"msg\":\"操作成功\",\"code\":200}',0,NULL,'2025-02-06 15:31:57',9),(50,'菜单管理',2,'com.ruoyi.web.controller.system.SysMenuController.edit()','PUT',1,'admin','研发部门','/system/menu','127.0.0.1','内网IP','{\"children\":[],\"component\":\"ar/batch/add\",\"createTime\":\"2025-02-06 15:25:12\",\"icon\":\"#\",\"isCache\":\"0\",\"isFrame\":\"1\",\"menuId\":2483,\"menuName\":\"wwwww\",\"menuType\":\"C\",\"orderNum\":1,\"params\":{},\"parentId\":2216,\"path\":\"add\",\"perms\":\"\",\"query\":\"\",\"routeName\":\"\",\"status\":\"0\",\"updateBy\":\"admin\",\"visible\":\"0\"}','{\"msg\":\"操作成功\",\"code\":200}',0,NULL,'2025-02-06 15:35:33',6),(51,'菜单管理',2,'com.ruoyi.web.controller.system.SysMenuController.edit()','PUT',1,'admin','研发部门','/system/menu','127.0.0.1','内网IP','{\"children\":[],\"component\":\"ar/add/add\",\"createTime\":\"2025-02-06 15:25:12\",\"icon\":\"#\",\"isCache\":\"0\",\"isFrame\":\"1\",\"menuId\":2483,\"menuName\":\"wwwww\",\"menuType\":\"C\",\"orderNum\":1,\"params\":{},\"parentId\":2216,\"path\":\"add\",\"perms\":\"\",\"query\":\"\",\"routeName\":\"\",\"status\":\"0\",\"updateBy\":\"admin\",\"visible\":\"0\"}','{\"msg\":\"操作成功\",\"code\":200}',0,NULL,'2025-02-06 15:35:43',12),(52,'菜单管理',3,'com.ruoyi.web.controller.system.SysMenuController.remove()','DELETE',1,'admin','研发部门','/system/menu/2483','127.0.0.1','内网IP','2483','{\"msg\":\"操作成功\",\"code\":200}',0,NULL,'2025-02-06 15:37:09',7),(53,'菜单管理',1,'com.ruoyi.web.controller.system.SysMenuController.add()','POST',1,'admin','研发部门','/system/menu','127.0.0.1','内网IP','{\"children\":[],\"component\":\"ar/add/add\",\"createBy\":\"admin\",\"isCache\":\"0\",\"isFrame\":\"1\",\"menuName\":\"111111111\",\"menuType\":\"C\",\"orderNum\":1,\"params\":{},\"parentId\":0,\"path\":\"add\",\"query\":\"ar:add:list\",\"status\":\"0\",\"visible\":\"0\"}','{\"msg\":\"操作成功\",\"code\":200}',0,NULL,'2025-02-06 15:37:53',16),(54,'菜单管理',2,'com.ruoyi.web.controller.system.SysMenuController.edit()','PUT',1,'admin','研发部门','/system/menu','127.0.0.1','内网IP','{\"children\":[],\"component\":\"ar/add/add\",\"createTime\":\"2025-02-06 15:37:53\",\"icon\":\"#\",\"isCache\":\"0\",\"isFrame\":\"1\",\"menuId\":2484,\"menuName\":\"111111111\",\"menuType\":\"C\",\"orderNum\":1,\"params\":{},\"parentId\":0,\"path\":\"add\",\"perms\":\"ar:add:list\",\"query\":\"\",\"routeName\":\"\",\"status\":\"0\",\"updateBy\":\"admin\",\"visible\":\"0\"}','{\"msg\":\"操作成功\",\"code\":200}',0,NULL,'2025-02-06 15:38:08',8),(55,'菜单管理',2,'com.ruoyi.web.controller.system.SysMenuController.edit()','PUT',1,'admin','研发部门','/system/menu','127.0.0.1','内网IP','{\"children\":[],\"component\":\"ar/add/index\",\"createTime\":\"2025-02-06 15:37:53\",\"icon\":\"#\",\"isCache\":\"0\",\"isFrame\":\"1\",\"menuId\":2484,\"menuName\":\"111111111\",\"menuType\":\"C\",\"orderNum\":1,\"params\":{},\"parentId\":0,\"path\":\"add\",\"perms\":\"ar:add:list\",\"query\":\"\",\"routeName\":\"\",\"status\":\"0\",\"updateBy\":\"admin\",\"visible\":\"0\"}','{\"msg\":\"操作成功\",\"code\":200}',0,NULL,'2025-02-06 15:39:18',13),(56,'菜单管理',2,'com.ruoyi.web.controller.system.SysMenuController.edit()','PUT',1,'admin','研发部门','/system/menu','127.0.0.1','内网IP','{\"children\":[],\"component\":\"ar/add/index\",\"createTime\":\"2025-02-06 15:37:53\",\"icon\":\"#\",\"isCache\":\"0\",\"isFrame\":\"1\",\"menuId\":2484,\"menuName\":\"111111111\",\"menuType\":\"C\",\"orderNum\":1,\"params\":{},\"parentId\":0,\"path\":\"add\",\"perms\":\"ar:add:list\",\"query\":\"\",\"routeName\":\"\",\"status\":\"0\",\"updateBy\":\"admin\",\"visible\":\"0\"}','{\"msg\":\"操作成功\",\"code\":200}',0,NULL,'2025-02-06 15:39:52',10),(57,'菜单管理',3,'com.ruoyi.web.controller.system.SysMenuController.remove()','DELETE',1,'admin','研发部门','/system/menu/2484','127.0.0.1','内网IP','2484','{\"msg\":\"操作成功\",\"code\":200}',0,NULL,'2025-02-06 15:41:03',12),(58,'菜单管理',3,'com.ruoyi.web.controller.system.SysMenuController.remove()','DELETE',1,'admin','研发部门','/system/menu/2040','127.0.0.1','内网IP','2040','{\"msg\":\"菜单已分配,不允许删除\",\"code\":601}',0,NULL,'2025-02-06 16:05:15',9),(59,'二维码',3,'com.ruoyi.ar.controller.QrCodeController.remove()','DELETE',1,'admin','研发部门','/ar/code/1','127.0.0.1','内网IP','[1]',NULL,1,'\r\n### Error updating database.  Cause: java.sql.SQLIntegrityConstraintViolationException: Cannot delete or update a parent row: a foreign key constraint fails (`ry-vue`.`ar_content`, CONSTRAINT `ar_content_ibfk_1` FOREIGN KEY (`qr_code_id`) REFERENCES `qr_code` (`qr_code_id`) ON DELETE RESTRICT ON UPDATE RESTRICT)\r\n### The error may exist in file [D:\\Project\\Java\\IdeaProjects\\22222\\ruoyi-admin\\target\\classes\\mapper\\ar\\QrCodeMapper.xml]\r\n### The error may involve com.ruoyi.ar.mapper.QrCodeMapper.deleteQrCodeByQrCodeIds-Inline\r\n### The error occurred while setting parameters\r\n### SQL: delete from qr_code where qr_code_id in           (               ?          )\r\n### Cause: java.sql.SQLIntegrityConstraintViolationException: Cannot delete or update a parent row: a foreign key constraint fails (`ry-vue`.`ar_content`, CONSTRAINT `ar_content_ibfk_1` FOREIGN KEY (`qr_code_id`) REFERENCES `qr_code` (`qr_code_id`) ON DELETE RESTRICT ON UPDATE RESTRICT)\n; Cannot delete or update a parent row: a foreign key constraint fails (`ry-vue`.`ar_content`, CONSTRAINT `ar_content_ibfk_1` FOREIGN KEY (`qr_code_id`) REFERENCES `qr_code` (`qr_code_id`) ON DELETE RESTRICT ON UPDATE RESTRICT); nested exception is java.sql.SQLIntegrityConstraintViolationException: Cannot delete or update a parent row: a foreign key constraint fails (`ry-vue`.`ar_content`, CONSTRAINT `ar_content_ibfk_1` FOREIGN KEY (`qr_code_id`) REFERENCES `qr_code` (`qr_code_id`) ON DELETE RESTRICT ON UPDATE RESTRICT)','2025-02-07 11:52:48',176),(60,'二维码',1,'com.ruoyi.ar.controller.QrCodeController.add()','POST',1,'admin','研发部门','/ar/code','127.0.0.1','内网IP','{\"params\":{},\"qrCode\":\"https://schoolworkweb.oss-cn-beijing.aliyuncs.com/school-images/2025/02/07/67a58431555494c5a76e8775.png\",\"qrCodeId\":3,\"qrCodeName\":\"1\",\"usageStatus\":\"1\"}','{\"msg\":\"操作成功\",\"code\":200}',0,NULL,'2025-02-07 11:55:35',119),(61,'二维码',1,'com.ruoyi.ar.controller.QrCodeController.add()','POST',1,'admin','研发部门','/ar/code','127.0.0.1','内网IP','{\"params\":{},\"qrCode\":\"https://schoolworkweb.oss-cn-beijing.aliyuncs.com/school-images/2025/02/07/67a58442555494c5a76e8776.png\",\"qrCodeId\":4,\"qrCodeName\":\"2\",\"usageStatus\":\"1\"}','{\"msg\":\"操作成功\",\"code\":200}',0,NULL,'2025-02-07 11:55:50',8),(62,'载体',1,'com.ruoyi.vr.controller.VrCarrierController.add()','POST',1,'admin','研发部门','/vr/carrier','127.0.0.1','内网IP','{\"carrierName\":\"1\",\"carrierType\":0,\"exhibitZoneId\":2,\"params\":{},\"specifications\":\"100cm*250cm\"}','{\"msg\":\"操作成功\",\"code\":200}',0,NULL,'2025-02-07 14:31:36',47),(63,'VR内容',3,'com.ruoyi.vr.controller.VrContentController.remove()','DELETE',1,'admin','研发部门','/vr/content/7','127.0.0.1','内网IP','[7]','{\"msg\":\"操作成功\",\"code\":200}',0,NULL,'2025-02-07 14:33:20',26),(64,'VR内容',2,'com.ruoyi.vr.controller.VrContentController.edit()','PUT',1,'admin','研发部门','/vr/content','127.0.0.1','内网IP','{\"carrierId\":5,\"category\":\"eee\",\"createdAt\":\"2025-01-24 17:34:45\",\"description\":\"dd\",\"fileUrl\":\"sadf\",\"name\":\"asdfa\",\"params\":{},\"updatedAt\":\"2025-01-24 17:34:45\",\"usageStatus\":\"1\",\"vrContentId\":16}','{\"msg\":\"操作成功\",\"code\":200}',0,NULL,'2025-02-07 14:48:12',55),(65,'VR内容',3,'com.ruoyi.vr.controller.VrContentController.remove()','DELETE',1,'admin','研发部门','/vr/content/16','127.0.0.1','内网IP','[16]','{\"msg\":\"操作成功\",\"code\":200}',0,NULL,'2025-02-07 14:49:30',48),(66,'VR内容',3,'com.ruoyi.vr.controller.VrContentController.remove()','DELETE',1,'admin','研发部门','/vr/content/19','127.0.0.1','内网IP','[19]','{\"msg\":\"操作成功\",\"code\":200}',0,NULL,'2025-02-07 14:51:22',35),(67,'VR内容',3,'com.ruoyi.vr.controller.VrContentController.remove()','DELETE',1,'admin','研发部门','/vr/content/18','127.0.0.1','内网IP','[18]','{\"msg\":\"操作成功\",\"code\":200}',0,NULL,'2025-02-07 14:51:58',12),(68,'VR内容',3,'com.ruoyi.vr.controller.VrContentController.remove()','DELETE',1,'admin','研发部门','/vr/content/17,15','127.0.0.1','内网IP','[17,15]','{\"msg\":\"操作成功\",\"code\":200}',0,NULL,'2025-02-07 14:52:52',29),(69,'VR内容',3,'com.ruoyi.vr.controller.VrContentController.remove()','DELETE',1,'admin','研发部门','/vr/content/4','127.0.0.1','内网IP','[4]','{\"msg\":\"操作成功\",\"code\":200}',0,NULL,'2025-02-07 14:54:40',67890),(70,'VR内容',3,'com.ruoyi.vr.controller.VrContentController.remove()','DELETE',1,'admin','研发部门','/vr/content/4','127.0.0.1','内网IP','[4]','{\"msg\":\"操作失败\",\"code\":500}',0,NULL,'2025-02-07 14:54:42',4629),(71,'VR内容',3,'com.ruoyi.vr.controller.VrContentController.remove()','DELETE',1,'admin','研发部门','/vr/content/5','127.0.0.1','内网IP','[5]','{\"msg\":\"操作成功\",\"code\":200}',0,NULL,'2025-02-07 14:56:57',128133),(72,'VR内容',3,'com.ruoyi.vr.controller.VrContentController.remove()','DELETE',1,'admin','研发部门','/vr/content/8','127.0.0.1','内网IP','[8]','{\"msg\":\"操作成功\",\"code\":200}',0,NULL,'2025-02-07 14:58:58',91866),(73,'VR内容',3,'com.ruoyi.vr.controller.VrContentController.remove()','DELETE',1,'admin','研发部门','/vr/content/6','127.0.0.1','内网IP','[6]','{\"msg\":\"操作成功\",\"code\":200}',0,NULL,'2025-02-07 15:00:03',9850),(74,'VR内容',3,'com.ruoyi.vr.controller.VrContentController.remove()','DELETE',1,'admin','研发部门','/vr/content/8','127.0.0.1','内网IP','[8]',NULL,1,'Cannot invoke \"com.ruoyi.vr.domain.VrContent.getUsageStatus()\" because \"vrContent\" is null','2025-02-07 15:01:13',6976),(75,'VR内容',3,'com.ruoyi.vr.controller.VrContentController.remove()','DELETE',1,'admin','研发部门','/vr/content/6','127.0.0.1','内网IP','[6]',NULL,1,'Cannot invoke \"com.ruoyi.vr.domain.VrContent.getUsageStatus()\" because \"vrContent\" is null','2025-02-07 15:01:45',3397),(76,'VR内容',3,'com.ruoyi.vr.controller.VrContentController.remove()','DELETE',1,'admin','研发部门','/vr/content/9','127.0.0.1','内网IP','[9]','{\"msg\":\"操作成功\",\"code\":200}',0,NULL,'2025-02-07 15:02:20',42),(77,'VR内容',2,'com.ruoyi.vr.controller.VrContentController.edit()','PUT',1,'admin','研发部门','/vr/content','127.0.0.1','内网IP','{\"category\":\"ccc\",\"createdAt\":\"2025-01-24 17:27:06\",\"description\":\"啊啊啊啊啊啊啊啊啊\",\"fileUrl\":\"啊啊啊啊啊啊啊啊啊\",\"name\":\"阿是莱肯囧啊零分\",\"params\":{},\"updatedAt\":\"2025-01-24 17:27:06\",\"usageStatus\":\"1\",\"vrContentId\":13}','{\"msg\":\"操作成功\",\"code\":200}',0,NULL,'2025-02-07 15:02:36',20),(78,'VR内容',3,'com.ruoyi.vr.controller.VrContentController.remove()','DELETE',1,'admin','研发部门','/vr/content/13','127.0.0.1','内网IP','[13]','{\"msg\":\"存在正在使用的VR内容，无法删除\",\"code\":500}',0,NULL,'2025-02-07 15:02:39',12),(79,'VR内容',3,'com.ruoyi.vr.controller.VrContentController.remove()','DELETE',1,'admin','研发部门','/vr/content/13','127.0.0.1','内网IP','[13]','{\"msg\":\"操作成功\",\"code\":200}',0,NULL,'2025-02-07 15:14:26',28),(80,'VR内容',2,'com.ruoyi.vr.controller.VrContentController.edit()','PUT',1,'admin','研发部门','/vr/content','127.0.0.1','内网IP','{\"carrierId\":5,\"category\":\"ddd\",\"createdAt\":\"2025-01-24 17:32:11\",\"description\":\"sdaf\",\"fileUrl\":\"asdfasdf\",\"name\":\"www\",\"params\":{},\"updatedAt\":\"2025-01-24 17:32:11\",\"usageStatus\":\"1\",\"vrContentId\":14,\"workId\":1}','{\"msg\":\"操作成功\",\"code\":200}',0,NULL,'2025-02-07 15:16:28',18),(81,'VR内容',3,'com.ruoyi.vr.controller.VrContentController.remove()','DELETE',1,'admin','研发部门','/vr/content/14','127.0.0.1','内网IP','[14]','{\"msg\":\"存在正在使用的VR内容，无法删除\",\"code\":500}',0,NULL,'2025-02-07 15:16:30',8),(82,'AR内容',3,'com.ruoyi.ar.controller.ArContentController.remove()','DELETE',1,'admin','研发部门','/ar/content/1','127.0.0.1','内网IP','[1]','{\"msg\":\"存在正在使用的AR内容，无法删除\",\"code\":500}',0,NULL,'2025-02-07 15:39:50',9),(83,'VR内容',3,'com.ruoyi.vr.controller.VrContentController.remove()','DELETE',1,'admin','研发部门','/vr/content/14','127.0.0.1','内网IP','[14]','{\"msg\":\"存在正在使用的VR内容，无法删除\",\"code\":500}',0,NULL,'2025-02-07 15:39:57',10),(84,'VR内容',3,'com.ruoyi.vr.controller.VrContentController.remove()','DELETE',1,'admin','研发部门','/vr/content/14','127.0.0.1','内网IP','[14]','{\"msg\":\"存在正在使用的VR内容，无法删除\",\"code\":500}',0,NULL,'2025-02-07 15:42:15',20),(85,'AR内容',3,'com.ruoyi.ar.controller.ArContentController.remove()','DELETE',1,'admin','研发部门','/ar/content/1','127.0.0.1','内网IP','[1]','{\"msg\":\"存在正在使用的AR内容，无法删除\",\"code\":500}',0,NULL,'2025-02-07 15:42:27',5),(86,'二维码',3,'com.ruoyi.ar.controller.QrCodeController.remove()','DELETE',1,'admin','研发部门','/ar/code/3','127.0.0.1','内网IP','[3]','{\"msg\":\"操作成功\",\"code\":200}',0,NULL,'2025-02-07 15:48:36',42),(87,'二维码',1,'com.ruoyi.ar.controller.QrCodeController.add()','POST',1,'admin','研发部门','/ar/code','127.0.0.1','内网IP','{\"params\":{},\"qrCode\":\"https://schoolworkweb.oss-cn-beijing.aliyuncs.com/school-images/2025/02/07/67a5bb28555497ab2a1d23a8.png\",\"qrCodeId\":5,\"qrCodeName\":\"1\",\"usageStatus\":\"1\"}','{\"msg\":\"操作成功\",\"code\":200}',0,NULL,'2025-02-07 15:50:07',27),(88,'二维码',3,'com.ruoyi.ar.controller.QrCodeController.remove()','DELETE',1,'admin','研发部门','/ar/code/5','127.0.0.1','内网IP','[5]','{\"msg\":\"存在正在使用的二维码，无法删除\",\"code\":500}',0,NULL,'2025-02-07 15:50:12',11),(89,'沙盘分区',1,'com.ruoyi.ar.controller.SandboxZoneController.add()','POST',1,'admin','研发部门','/ar/zone','127.0.0.1','内网IP','{\"description\":\"啊\",\"factoryId\":1,\"name\":\"大\",\"params\":{}}','{\"msg\":\"操作成功\",\"code\":200}',0,NULL,'2025-02-07 16:39:53',167),(90,'材料出入库单',2,'com.ruoyi.ar.controller.MaterialTransactionController.edit()','PUT',1,'admin','研发部门','/ar/materialTransaction','127.0.0.1','内网IP','{\"materialTransactionDetailList\":[{\"materialId\":1,\"params\":{},\"quantity\":1,\"transactionDate\":\"2025-02-25\",\"transactionId\":1},{\"materialId\":2,\"params\":{},\"quantity\":1,\"transactionDate\":\"2025-02-25\",\"transactionId\":1}],\"operatorName\":\"张三\",\"params\":{},\"transactionId\":1,\"transactionType\":1,\"warehouseAdminName\":\"李五\"}',NULL,1,'\r\n### Error updating database.  Cause: java.sql.SQLIntegrityConstraintViolationException: Cannot add or update a child row: a foreign key constraint fails (`ry-vue`.`material_transaction_detail`, CONSTRAINT `material_transaction_detail_ibfk_1` FOREIGN KEY (`material_id`) REFERENCES `material` (`material_id`) ON DELETE CASCADE ON UPDATE CASCADE)\r\n### The error may exist in file [D:\\Project\\Java\\IdeaProjects\\22222\\ruoyi-admin\\target\\classes\\mapper\\ar\\MaterialTransactionMapper.xml]\r\n### The error may involve defaultParameterMap\r\n### The error occurred while setting parameters\r\n### SQL: insert into material_transaction_detail( material_id, transaction_id, quantity, transaction_date) values                        ( ?, ?, ?, ?)          ,              ( ?, ?, ?, ?)\r\n### Cause: java.sql.SQLIntegrityConstraintViolationException: Cannot add or update a child row: a foreign key constraint fails (`ry-vue`.`material_transaction_detail`, CONSTRAINT `material_transaction_detail_ibfk_1` FOREIGN KEY (`material_id`) REFERENCES `material` (`material_id`) ON DELETE CASCADE ON UPDATE CASCADE)\n; Cannot add or update a child row: a foreign key constraint fails (`ry-vue`.`material_transaction_detail`, CONSTRAINT `material_transaction_detail_ibfk_1` FOREIGN KEY (`material_id`) REFERENCES `material` (`material_id`) ON DELETE CASCADE ON UPDATE CASCADE); nested exception is java.sql.SQLIntegrityConstraintViolationException: Cannot add or update a child row: a foreign key constraint fails (`ry-vue`.`material_transaction_detail`, CONSTRAINT `material_transaction_detail_ibfk_1` FOREIGN KEY (`material_id`) REFERENCES `material` (`material_id`) ON DELETE CASCADE ON UPDATE CASCADE)','2025-02-07 16:41:03',155),(91,'材料出入库单',2,'com.ruoyi.ar.controller.MaterialTransactionController.edit()','PUT',1,'admin','研发部门','/ar/materialTransaction','127.0.0.1','内网IP','{\"materialTransactionDetailList\":[{\"materialId\":1,\"params\":{},\"quantity\":1,\"transactionDate\":\"2025-02-25\",\"transactionId\":1},{\"materialId\":2,\"params\":{},\"quantity\":1,\"transactionDate\":\"2025-02-25\",\"transactionId\":1}],\"operatorName\":\"张三\",\"params\":{},\"transactionId\":1,\"transactionType\":1,\"warehouseAdminName\":\"李五\"}',NULL,1,'\r\n### Error updating database.  Cause: java.sql.SQLIntegrityConstraintViolationException: Cannot add or update a child row: a foreign key constraint fails (`ry-vue`.`material_transaction_detail`, CONSTRAINT `material_transaction_detail_ibfk_1` FOREIGN KEY (`material_id`) REFERENCES `material` (`material_id`) ON DELETE CASCADE ON UPDATE CASCADE)\r\n### The error may exist in file [D:\\Project\\Java\\IdeaProjects\\22222\\ruoyi-admin\\target\\classes\\mapper\\ar\\MaterialTransactionMapper.xml]\r\n### The error may involve defaultParameterMap\r\n### The error occurred while setting parameters\r\n### SQL: insert into material_transaction_detail( material_id, transaction_id, quantity, transaction_date) values                        ( ?, ?, ?, ?)          ,              ( ?, ?, ?, ?)\r\n### Cause: java.sql.SQLIntegrityConstraintViolationException: Cannot add or update a child row: a foreign key constraint fails (`ry-vue`.`material_transaction_detail`, CONSTRAINT `material_transaction_detail_ibfk_1` FOREIGN KEY (`material_id`) REFERENCES `material` (`material_id`) ON DELETE CASCADE ON UPDATE CASCADE)\n; Cannot add or update a child row: a foreign key constraint fails (`ry-vue`.`material_transaction_detail`, CONSTRAINT `material_transaction_detail_ibfk_1` FOREIGN KEY (`material_id`) REFERENCES `material` (`material_id`) ON DELETE CASCADE ON UPDATE CASCADE); nested exception is java.sql.SQLIntegrityConstraintViolationException: Cannot add or update a child row: a foreign key constraint fails (`ry-vue`.`material_transaction_detail`, CONSTRAINT `material_transaction_detail_ibfk_1` FOREIGN KEY (`material_id`) REFERENCES `material` (`material_id`) ON DELETE CASCADE ON UPDATE CASCADE)','2025-02-07 16:41:09',11),(92,'材料出入库单',2,'com.ruoyi.ar.controller.MaterialTransactionController.edit()','PUT',1,'admin','研发部门','/ar/materialTransaction','127.0.0.1','内网IP','{\"materialTransactionDetailList\":[{\"materialId\":1,\"params\":{},\"quantity\":1,\"transactionDate\":\"2025-02-25\",\"transactionId\":1},{\"materialId\":2,\"params\":{},\"quantity\":1,\"transactionDate\":\"2025-02-25\",\"transactionId\":1}],\"operatorName\":\"张三\",\"params\":{},\"transactionId\":1,\"transactionType\":1,\"warehouseAdminName\":\"李五\"}',NULL,1,'\r\n### Error updating database.  Cause: java.sql.SQLIntegrityConstraintViolationException: Cannot add or update a child row: a foreign key constraint fails (`ry-vue`.`material_transaction_detail`, CONSTRAINT `material_transaction_detail_ibfk_1` FOREIGN KEY (`material_id`) REFERENCES `material` (`material_id`) ON DELETE CASCADE ON UPDATE CASCADE)\r\n### The error may exist in file [D:\\Project\\Java\\IdeaProjects\\22222\\ruoyi-admin\\target\\classes\\mapper\\ar\\MaterialTransactionMapper.xml]\r\n### The error may involve defaultParameterMap\r\n### The error occurred while setting parameters\r\n### SQL: insert into material_transaction_detail( material_id, transaction_id, quantity, transaction_date) values                        ( ?, ?, ?, ?)          ,              ( ?, ?, ?, ?)\r\n### Cause: java.sql.SQLIntegrityConstraintViolationException: Cannot add or update a child row: a foreign key constraint fails (`ry-vue`.`material_transaction_detail`, CONSTRAINT `material_transaction_detail_ibfk_1` FOREIGN KEY (`material_id`) REFERENCES `material` (`material_id`) ON DELETE CASCADE ON UPDATE CASCADE)\n; Cannot add or update a child row: a foreign key constraint fails (`ry-vue`.`material_transaction_detail`, CONSTRAINT `material_transaction_detail_ibfk_1` FOREIGN KEY (`material_id`) REFERENCES `material` (`material_id`) ON DELETE CASCADE ON UPDATE CASCADE); nested exception is java.sql.SQLIntegrityConstraintViolationException: Cannot add or update a child row: a foreign key constraint fails (`ry-vue`.`material_transaction_detail`, CONSTRAINT `material_transaction_detail_ibfk_1` FOREIGN KEY (`material_id`) REFERENCES `material` (`material_id`) ON DELETE CASCADE ON UPDATE CASCADE)','2025-02-07 16:41:20',12),(93,'材料出入库单',2,'com.ruoyi.ar.controller.MaterialTransactionController.edit()','PUT',1,'admin','研发部门','/ar/materialTransaction','127.0.0.1','内网IP','{\"materialTransactionDetailList\":[{\"materialId\":1,\"params\":{},\"quantity\":1,\"transactionDate\":\"2025-02-25\",\"transactionId\":1},{\"materialId\":2,\"params\":{},\"quantity\":1,\"transactionDate\":\"2025-02-25\",\"transactionId\":1}],\"operatorName\":\"张三\",\"params\":{},\"transactionId\":1,\"transactionType\":1,\"warehouseAdminName\":\"李五\"}',NULL,1,'\r\n### Error updating database.  Cause: java.sql.SQLIntegrityConstraintViolationException: Cannot add or update a child row: a foreign key constraint fails (`ry-vue`.`material_transaction_detail`, CONSTRAINT `material_transaction_detail_ibfk_1` FOREIGN KEY (`material_id`) REFERENCES `material` (`material_id`) ON DELETE CASCADE ON UPDATE CASCADE)\r\n### The error may exist in file [D:\\Project\\Java\\IdeaProjects\\22222\\ruoyi-admin\\target\\classes\\mapper\\ar\\MaterialTransactionMapper.xml]\r\n### The error may involve defaultParameterMap\r\n### The error occurred while setting parameters\r\n### SQL: insert into material_transaction_detail( material_id, transaction_id, quantity, transaction_date) values                        ( ?, ?, ?, ?)          ,              ( ?, ?, ?, ?)\r\n### Cause: java.sql.SQLIntegrityConstraintViolationException: Cannot add or update a child row: a foreign key constraint fails (`ry-vue`.`material_transaction_detail`, CONSTRAINT `material_transaction_detail_ibfk_1` FOREIGN KEY (`material_id`) REFERENCES `material` (`material_id`) ON DELETE CASCADE ON UPDATE CASCADE)\n; Cannot add or update a child row: a foreign key constraint fails (`ry-vue`.`material_transaction_detail`, CONSTRAINT `material_transaction_detail_ibfk_1` FOREIGN KEY (`material_id`) REFERENCES `material` (`material_id`) ON DELETE CASCADE ON UPDATE CASCADE); nested exception is java.sql.SQLIntegrityConstraintViolationException: Cannot add or update a child row: a foreign key constraint fails (`ry-vue`.`material_transaction_detail`, CONSTRAINT `material_transaction_detail_ibfk_1` FOREIGN KEY (`material_id`) REFERENCES `material` (`material_id`) ON DELETE CASCADE ON UPDATE CASCADE)','2025-02-07 16:41:22',9),(94,'材料清单明细',2,'com.ruoyi.ar.controller.MaterialTransactionDetailController.edit()','PUT',1,'admin','研发部门','/ar/materialTransactionDetail','127.0.0.1','内网IP','{\"materialId\":1,\"params\":{},\"quantity\":1,\"transactionDate\":\"2025-02-02\",\"transactionId\":1}','{\"msg\":\"操作失败\",\"code\":500}',0,NULL,'2025-02-07 16:41:32',20),(95,'材料出入库单',2,'com.ruoyi.ar.controller.MaterialTransactionController.edit()','PUT',1,'admin','研发部门','/ar/materialTransaction','127.0.0.1','内网IP','{\"materialTransactionDetailList\":[{\"materialId\":1,\"params\":{},\"quantity\":1,\"transactionDate\":\"2025-02-23\",\"transactionId\":1},{\"params\":{},\"transactionId\":1}],\"operatorName\":\"张三\",\"params\":{},\"transactionId\":1,\"transactionType\":1,\"warehouseAdminName\":\"李五\"}',NULL,1,'\r\n### Error updating database.  Cause: java.sql.SQLIntegrityConstraintViolationException: Cannot add or update a child row: a foreign key constraint fails (`ry-vue`.`material_transaction_detail`, CONSTRAINT `material_transaction_detail_ibfk_1` FOREIGN KEY (`material_id`) REFERENCES `material` (`material_id`) ON DELETE CASCADE ON UPDATE CASCADE)\r\n### The error may exist in file [D:\\Project\\Java\\IdeaProjects\\22222\\ruoyi-admin\\target\\classes\\mapper\\ar\\MaterialTransactionMapper.xml]\r\n### The error may involve defaultParameterMap\r\n### The error occurred while setting parameters\r\n### SQL: insert into material_transaction_detail( material_id, transaction_id, quantity, transaction_date) values                        ( ?, ?, ?, ?)          ,              ( ?, ?, ?, ?)\r\n### Cause: java.sql.SQLIntegrityConstraintViolationException: Cannot add or update a child row: a foreign key constraint fails (`ry-vue`.`material_transaction_detail`, CONSTRAINT `material_transaction_detail_ibfk_1` FOREIGN KEY (`material_id`) REFERENCES `material` (`material_id`) ON DELETE CASCADE ON UPDATE CASCADE)\n; Cannot add or update a child row: a foreign key constraint fails (`ry-vue`.`material_transaction_detail`, CONSTRAINT `material_transaction_detail_ibfk_1` FOREIGN KEY (`material_id`) REFERENCES `material` (`material_id`) ON DELETE CASCADE ON UPDATE CASCADE); nested exception is java.sql.SQLIntegrityConstraintViolationException: Cannot add or update a child row: a foreign key constraint fails (`ry-vue`.`material_transaction_detail`, CONSTRAINT `material_transaction_detail_ibfk_1` FOREIGN KEY (`material_id`) REFERENCES `material` (`material_id`) ON DELETE CASCADE ON UPDATE CASCADE)','2025-02-07 16:41:50',19),(96,'材料出入库单',2,'com.ruoyi.ar.controller.MaterialTransactionController.edit()','PUT',1,'admin','研发部门','/ar/materialTransaction','127.0.0.1','内网IP','{\"materialTransactionDetailList\":[{\"materialId\":1,\"params\":{},\"quantity\":1,\"transactionDate\":\"2025-02-23\",\"transactionId\":1},{\"params\":{},\"transactionId\":1}],\"operatorName\":\"张三\",\"params\":{},\"transactionId\":1,\"transactionType\":1,\"warehouseAdminName\":\"李五\"}',NULL,1,'\r\n### Error updating database.  Cause: java.sql.SQLIntegrityConstraintViolationException: Cannot add or update a child row: a foreign key constraint fails (`ry-vue`.`material_transaction_detail`, CONSTRAINT `material_transaction_detail_ibfk_1` FOREIGN KEY (`material_id`) REFERENCES `material` (`material_id`) ON DELETE CASCADE ON UPDATE CASCADE)\r\n### The error may exist in file [D:\\Project\\Java\\IdeaProjects\\22222\\ruoyi-admin\\target\\classes\\mapper\\ar\\MaterialTransactionMapper.xml]\r\n### The error may involve defaultParameterMap\r\n### The error occurred while setting parameters\r\n### SQL: insert into material_transaction_detail( material_id, transaction_id, quantity, transaction_date) values                        ( ?, ?, ?, ?)          ,              ( ?, ?, ?, ?)\r\n### Cause: java.sql.SQLIntegrityConstraintViolationException: Cannot add or update a child row: a foreign key constraint fails (`ry-vue`.`material_transaction_detail`, CONSTRAINT `material_transaction_detail_ibfk_1` FOREIGN KEY (`material_id`) REFERENCES `material` (`material_id`) ON DELETE CASCADE ON UPDATE CASCADE)\n; Cannot add or update a child row: a foreign key constraint fails (`ry-vue`.`material_transaction_detail`, CONSTRAINT `material_transaction_detail_ibfk_1` FOREIGN KEY (`material_id`) REFERENCES `material` (`material_id`) ON DELETE CASCADE ON UPDATE CASCADE); nested exception is java.sql.SQLIntegrityConstraintViolationException: Cannot add or update a child row: a foreign key constraint fails (`ry-vue`.`material_transaction_detail`, CONSTRAINT `material_transaction_detail_ibfk_1` FOREIGN KEY (`material_id`) REFERENCES `material` (`material_id`) ON DELETE CASCADE ON UPDATE CASCADE)','2025-02-07 16:41:53',9),(97,'材料出入库单',2,'com.ruoyi.ar.controller.MaterialTransactionController.edit()','PUT',1,'admin','研发部门','/ar/materialTransaction','127.0.0.1','内网IP','{\"materialTransactionDetailList\":[{\"materialId\":1,\"params\":{},\"quantity\":1,\"transactionDate\":\"2025-02-23\",\"transactionId\":1},{\"params\":{},\"transactionId\":1}],\"operatorName\":\"张三\",\"params\":{},\"transactionId\":1,\"transactionType\":1,\"warehouseAdminName\":\"李五\"}',NULL,1,'\r\n### Error updating database.  Cause: java.sql.SQLIntegrityConstraintViolationException: Cannot add or update a child row: a foreign key constraint fails (`ry-vue`.`material_transaction_detail`, CONSTRAINT `material_transaction_detail_ibfk_1` FOREIGN KEY (`material_id`) REFERENCES `material` (`material_id`) ON DELETE CASCADE ON UPDATE CASCADE)\r\n### The error may exist in file [D:\\Project\\Java\\IdeaProjects\\22222\\ruoyi-admin\\target\\classes\\mapper\\ar\\MaterialTransactionMapper.xml]\r\n### The error may involve defaultParameterMap\r\n### The error occurred while setting parameters\r\n### SQL: insert into material_transaction_detail( material_id, transaction_id, quantity, transaction_date) values                        ( ?, ?, ?, ?)          ,              ( ?, ?, ?, ?)\r\n### Cause: java.sql.SQLIntegrityConstraintViolationException: Cannot add or update a child row: a foreign key constraint fails (`ry-vue`.`material_transaction_detail`, CONSTRAINT `material_transaction_detail_ibfk_1` FOREIGN KEY (`material_id`) REFERENCES `material` (`material_id`) ON DELETE CASCADE ON UPDATE CASCADE)\n; Cannot add or update a child row: a foreign key constraint fails (`ry-vue`.`material_transaction_detail`, CONSTRAINT `material_transaction_detail_ibfk_1` FOREIGN KEY (`material_id`) REFERENCES `material` (`material_id`) ON DELETE CASCADE ON UPDATE CASCADE); nested exception is java.sql.SQLIntegrityConstraintViolationException: Cannot add or update a child row: a foreign key constraint fails (`ry-vue`.`material_transaction_detail`, CONSTRAINT `material_transaction_detail_ibfk_1` FOREIGN KEY (`material_id`) REFERENCES `material` (`material_id`) ON DELETE CASCADE ON UPDATE CASCADE)','2025-02-07 16:42:11',17),(98,'产品清单明细',2,'com.ruoyi.ar.controller.ProductTransactionDetailController.edit()','PUT',1,'admin','研发部门','/ar/productTransactionDetail','127.0.0.1','内网IP','{\"params\":{},\"productId\":1,\"quantity\":1,\"transactionDate\":\"2025-01-27\",\"transactionId\":1}','{\"msg\":\"操作失败\",\"code\":500}',0,NULL,'2025-02-07 16:43:32',9),(99,'产品出入库单',2,'com.ruoyi.ar.controller.ProductTransactionController.edit()','PUT',1,'admin','研发部门','/ar/productTransaction','127.0.0.1','内网IP','{\"operatorName\":\"李二\",\"params\":{},\"productTransactionDetailList\":[{\"params\":{},\"productId\":1,\"quantity\":1,\"transactionDate\":\"2025-02-24\",\"transactionId\":1}],\"transactionId\":1,\"transactionType\":1,\"warehouseAdminName\":\"王五\"}',NULL,1,'\r\n### Error updating database.  Cause: java.sql.SQLIntegrityConstraintViolationException: Cannot add or update a child row: a foreign key constraint fails (`ry-vue`.`product_transaction_detail`, CONSTRAINT `product_transaction_detail_ibfk_1` FOREIGN KEY (`product_id`) REFERENCES `product` (`product_id`) ON DELETE CASCADE ON UPDATE CASCADE)\r\n### The error may exist in file [D:\\Project\\Java\\IdeaProjects\\22222\\ruoyi-admin\\target\\classes\\mapper\\ar\\ProductTransactionMapper.xml]\r\n### The error may involve defaultParameterMap\r\n### The error occurred while setting parameters\r\n### SQL: insert into product_transaction_detail( product_id, transaction_id, quantity, transaction_date) values                        ( ?, ?, ?, ?)\r\n### Cause: java.sql.SQLIntegrityConstraintViolationException: Cannot add or update a child row: a foreign key constraint fails (`ry-vue`.`product_transaction_detail`, CONSTRAINT `product_transaction_detail_ibfk_1` FOREIGN KEY (`product_id`) REFERENCES `product` (`product_id`) ON DELETE CASCADE ON UPDATE CASCADE)\n; Cannot add or update a child row: a foreign key constraint fails (`ry-vue`.`product_transaction_detail`, CONSTRAINT `product_transaction_detail_ibfk_1` FOREIGN KEY (`product_id`) REFERENCES `product` (`product_id`) ON DELETE CASCADE ON UPDATE CASCADE); nested exception is java.sql.SQLIntegrityConstraintViolationException: Cannot add or update a child row: a foreign key constraint fails (`ry-vue`.`product_transaction_detail`, CONSTRAINT `product_transaction_detail_ibfk_1` FOREIGN KEY (`product_id`) REFERENCES `product` (`product_id`) ON DELETE CASCADE ON UPDATE CASCADE)','2025-02-07 16:43:43',12),(100,'AR内容',3,'com.ruoyi.ar.controller.ArContentController.remove()','DELETE',1,'admin','研发部门','/ar/content/5','127.0.0.1','内网IP','[5]','{\"msg\":\"操作成功\",\"code\":200}',0,NULL,'2025-02-07 16:48:02',21),(101,'AR内容',2,'com.ruoyi.ar.controller.ArContentController.edit()','PUT',1,'admin','研发部门','/ar/content','127.0.0.1','内网IP','{\"arContentId\":7,\"category\":\"科技\",\"description\":\"一个沉浸式虚拟现实体验平台。\",\"fileUrl\":\"http://example.com/vr_experience\",\"name\":\"虚拟现实体验\",\"params\":{},\"usageStatus\":\"0\"}','{\"msg\":\"操作成功\",\"code\":200}',0,NULL,'2025-02-07 16:53:33',13),(102,'AR内容',3,'com.ruoyi.ar.controller.ArContentController.remove()','DELETE',1,'admin','研发部门','/ar/content/6','127.0.0.1','内网IP','[6]','{\"msg\":\"操作成功\",\"code\":200}',0,NULL,'2025-02-07 16:53:40',16),(103,'AR内容',3,'com.ruoyi.ar.controller.ArContentController.remove()','DELETE',1,'admin','研发部门','/ar/content/1','127.0.0.1','内网IP','[1]','{\"msg\":\"存在正在使用的AR内容，无法删除\",\"code\":500}',0,NULL,'2025-02-07 16:53:42',5),(104,'AR内容',2,'com.ruoyi.ar.controller.ArContentController.edit()','PUT',1,'admin','研发部门','/ar/content','127.0.0.1','内网IP','{\"arContentId\":1,\"category\":\"图片\",\"description\":\"s\",\"fileUrl\":\"s\",\"name\":\"s\",\"params\":{},\"qrCodeId\":2,\"usageStatus\":\"0\"}','{\"msg\":\"操作成功\",\"code\":200}',0,NULL,'2025-02-07 16:53:46',8),(105,'AR内容',2,'com.ruoyi.ar.controller.ArContentController.edit()','PUT',1,'admin','研发部门','/ar/content','127.0.0.1','内网IP','{\"arContentId\":7,\"category\":\"纯文本\",\"description\":\"一个沉浸式虚拟现实体验平台。\",\"fileUrl\":\"http://example.com/vr_experience\",\"name\":\"虚拟现实体验\",\"params\":{},\"usageStatus\":\"0\"}','{\"msg\":\"操作成功\",\"code\":200}',0,NULL,'2025-02-07 16:53:58',6),(106,'AR内容',2,'com.ruoyi.ar.controller.ArContentController.edit()','PUT',1,'admin','研发部门','/ar/content','127.0.0.1','内网IP','{\"arContentId\":8,\"category\":\"视频\",\"description\":\"基于AR技术的互动教育应用。\",\"fileUrl\":\"http://example.com/ar_education\",\"name\":\"增强现实教育\",\"params\":{},\"usageStatus\":\"待发布\"}','{\"msg\":\"操作成功\",\"code\":200}',0,NULL,'2025-02-07 16:54:03',11),(107,'AR内容',3,'com.ruoyi.ar.controller.ArContentController.remove()','DELETE',1,'admin','研发部门','/ar/content/1','127.0.0.1','内网IP','[1]','{\"msg\":\"操作成功\",\"code\":200}',0,NULL,'2025-02-07 16:54:08',6),(108,'AR内容',3,'com.ruoyi.ar.controller.ArContentController.remove()','DELETE',1,'admin','研发部门','/ar/content/2','127.0.0.1','内网IP','[2]','{\"msg\":\"操作成功\",\"code\":200}',0,NULL,'2025-02-07 16:54:09',7),(109,'AR内容',3,'com.ruoyi.ar.controller.ArContentController.remove()','DELETE',1,'admin','研发部门','/ar/content/4','127.0.0.1','内网IP','[4]','{\"msg\":\"操作成功\",\"code\":200}',0,NULL,'2025-02-07 16:54:10',6),(110,'AR内容',2,'com.ruoyi.ar.controller.ArContentController.edit()','PUT',1,'admin','研发部门','/ar/content','127.0.0.1','内网IP','{\"arContentId\":8,\"category\":\"纯文本\",\"description\":\"基于AR技术的互动教育应用。\",\"fileUrl\":\"http://example.com/ar_education\",\"name\":\"增强现实教育\",\"params\":{},\"usageStatus\":\"待发布\"}','{\"msg\":\"操作成功\",\"code\":200}',0,NULL,'2025-02-07 16:54:15',6),(111,'AR内容',2,'com.ruoyi.ar.controller.ArContentController.edit()','PUT',1,'admin','研发部门','/ar/content','127.0.0.1','内网IP','{\"arContentId\":8,\"category\":\"纯文本\",\"description\":\"基于AR技术的互动教育应用。\",\"fileUrl\":\"http://example.com/ar_education\",\"name\":\"增强现实教育\",\"params\":{},\"usageStatus\":\"0\"}','{\"msg\":\"操作成功\",\"code\":200}',0,NULL,'2025-02-07 16:54:19',5),(112,'AR内容',2,'com.ruoyi.ar.controller.ArContentController.edit()','PUT',1,'admin','研发部门','/ar/content','127.0.0.1','内网IP','{\"arContentId\":9,\"category\":\"纯文本\",\"description\":\"用于创建3D模型的专业软件。\",\"fileUrl\":\"http://example.com/3d_modeling\",\"name\":\"3D建模软件\",\"params\":{},\"usageStatus\":\"0\"}','{\"msg\":\"操作成功\",\"code\":200}',0,NULL,'2025-02-07 16:54:25',4),(113,'AR内容',2,'com.ruoyi.ar.controller.ArContentController.edit()','PUT',1,'admin','研发部门','/ar/content','127.0.0.1','内网IP','{\"arContentId\":9,\"category\":\"图文\",\"description\":\"用于创建3D模型的专业软件。\",\"fileUrl\":\"http://example.com/3d_modeling\",\"name\":\"3D建模软件\",\"params\":{},\"usageStatus\":\"0\"}','{\"msg\":\"操作成功\",\"code\":200}',0,NULL,'2025-02-07 16:54:31',3),(114,'AR内容',2,'com.ruoyi.ar.controller.ArContentController.edit()','PUT',1,'admin','研发部门','/ar/content','127.0.0.1','内网IP','{\"arContentId\":8,\"category\":\"视频\",\"description\":\"基于AR技术的互动教育应用。\",\"fileUrl\":\"http://example.com/ar_education\",\"name\":\"增强现实教育\",\"params\":{},\"usageStatus\":\"0\"}','{\"msg\":\"操作成功\",\"code\":200}',0,NULL,'2025-02-07 16:54:35',3),(115,'AR内容',2,'com.ruoyi.ar.controller.ArContentController.edit()','PUT',1,'admin','研发部门','/ar/content','127.0.0.1','内网IP','{\"arContentId\":10,\"category\":\"游戏\",\"description\":\"带你环游世界的虚拟旅游应用。\",\"fileUrl\":\"http://example.com/virtual_tour\",\"name\":\"虚拟旅游\",\"params\":{},\"usageStatus\":\"0\"}','{\"msg\":\"操作成功\",\"code\":200}',0,NULL,'2025-02-07 16:54:41',4),(116,'AR内容',2,'com.ruoyi.ar.controller.ArContentController.edit()','PUT',1,'admin','研发部门','/ar/content','127.0.0.1','内网IP','{\"arContentId\":11,\"category\":\"游戏\",\"description\":\"一款支持增强现实的互动游戏。\",\"fileUrl\":\"http://example.com/ar_game\",\"name\":\"增强现实游戏\",\"params\":{},\"usageStatus\":\"待发布\"}','{\"msg\":\"操作成功\",\"code\":200}',0,NULL,'2025-02-07 16:54:47',2),(117,'AR内容',2,'com.ruoyi.ar.controller.ArContentController.edit()','PUT',1,'admin','研发部门','/ar/content','127.0.0.1','内网IP','{\"arContentId\":10,\"category\":\"3D场景\",\"description\":\"带你环游世界的虚拟旅游应用。\",\"fileUrl\":\"http://example.com/virtual_tour\",\"name\":\"虚拟旅游\",\"params\":{},\"usageStatus\":\"0\"}','{\"msg\":\"操作成功\",\"code\":200}',0,NULL,'2025-02-07 16:54:51',10),(118,'AR内容',2,'com.ruoyi.ar.controller.ArContentController.edit()','PUT',1,'admin','研发部门','/ar/content','127.0.0.1','内网IP','{\"arContentId\":11,\"category\":\"游戏\",\"description\":\"一款支持增强现实的互动游戏。\",\"fileUrl\":\"http://example.com/ar_game\",\"name\":\"增强现实游戏\",\"params\":{},\"usageStatus\":\"0\"}','{\"msg\":\"操作成功\",\"code\":200}',0,NULL,'2025-02-07 16:54:58',16),(119,'AR内容',2,'com.ruoyi.ar.controller.ArContentController.edit()','PUT',1,'admin','研发部门','/ar/content','127.0.0.1','内网IP','{\"arContentId\":7,\"category\":\"纯文本\",\"description\":\"一个沉浸式虚拟现实体验平台。\",\"fileUrl\":\"http://example.com/vr_experience\",\"name\":\"虚拟现实体验\",\"params\":{},\"usageStatus\":\"1\"}','{\"msg\":\"操作成功\",\"code\":200}',0,NULL,'2025-02-07 16:55:05',15),(120,'二维码',3,'com.ruoyi.ar.controller.QrCodeController.remove()','DELETE',1,'admin','研发部门','/ar/code/1','127.0.0.1','内网IP','[1]',NULL,1,'\r\n### Error updating database.  Cause: java.sql.SQLIntegrityConstraintViolationException: Cannot delete or update a parent row: a foreign key constraint fails (`ry-vue`.`device`, CONSTRAINT `device_ibfk_1` FOREIGN KEY (`qr_code_number`) REFERENCES `qr_code` (`qr_code_id`) ON DELETE RESTRICT ON UPDATE RESTRICT)\r\n### The error may exist in file [D:\\Project\\Java\\IdeaProjects\\22222\\ruoyi-admin\\target\\classes\\mapper\\ar\\QrCodeMapper.xml]\r\n### The error may involve com.ruoyi.ar.mapper.QrCodeMapper.deleteQrCodeByQrCodeIds-Inline\r\n### The error occurred while setting parameters\r\n### SQL: delete from qr_code where qr_code_id in           (               ?          )\r\n### Cause: java.sql.SQLIntegrityConstraintViolationException: Cannot delete or update a parent row: a foreign key constraint fails (`ry-vue`.`device`, CONSTRAINT `device_ibfk_1` FOREIGN KEY (`qr_code_number`) REFERENCES `qr_code` (`qr_code_id`) ON DELETE RESTRICT ON UPDATE RESTRICT)\n; Cannot delete or update a parent row: a foreign key constraint fails (`ry-vue`.`device`, CONSTRAINT `device_ibfk_1` FOREIGN KEY (`qr_code_number`) REFERENCES `qr_code` (`qr_code_id`) ON DELETE RESTRICT ON UPDATE RESTRICT); nested exception is java.sql.SQLIntegrityConstraintViolationException: Cannot delete or update a parent row: a foreign key constraint fails (`ry-vue`.`device`, CONSTRAINT `device_ibfk_1` FOREIGN KEY (`qr_code_number`) REFERENCES `qr_code` (`qr_code_id`) ON DELETE RESTRICT ON UPDATE RESTRICT)','2025-02-07 16:57:01',31),(121,'二维码',3,'com.ruoyi.ar.controller.QrCodeController.remove()','DELETE',1,'admin','研发部门','/ar/code/1','127.0.0.1','内网IP','[1]',NULL,1,'\r\n### Error updating database.  Cause: java.sql.SQLIntegrityConstraintViolationException: Cannot delete or update a parent row: a foreign key constraint fails (`ry-vue`.`device`, CONSTRAINT `device_ibfk_1` FOREIGN KEY (`qr_code_number`) REFERENCES `qr_code` (`qr_code_id`) ON DELETE RESTRICT ON UPDATE RESTRICT)\r\n### The error may exist in file [D:\\Project\\Java\\IdeaProjects\\22222\\ruoyi-admin\\target\\classes\\mapper\\ar\\QrCodeMapper.xml]\r\n### The error may involve com.ruoyi.ar.mapper.QrCodeMapper.deleteQrCodeByQrCodeIds-Inline\r\n### The error occurred while setting parameters\r\n### SQL: delete from qr_code where qr_code_id in           (               ?          )\r\n### Cause: java.sql.SQLIntegrityConstraintViolationException: Cannot delete or update a parent row: a foreign key constraint fails (`ry-vue`.`device`, CONSTRAINT `device_ibfk_1` FOREIGN KEY (`qr_code_number`) REFERENCES `qr_code` (`qr_code_id`) ON DELETE RESTRICT ON UPDATE RESTRICT)\n; Cannot delete or update a parent row: a foreign key constraint fails (`ry-vue`.`device`, CONSTRAINT `device_ibfk_1` FOREIGN KEY (`qr_code_number`) REFERENCES `qr_code` (`qr_code_id`) ON DELETE RESTRICT ON UPDATE RESTRICT); nested exception is java.sql.SQLIntegrityConstraintViolationException: Cannot delete or update a parent row: a foreign key constraint fails (`ry-vue`.`device`, CONSTRAINT `device_ibfk_1` FOREIGN KEY (`qr_code_number`) REFERENCES `qr_code` (`qr_code_id`) ON DELETE RESTRICT ON UPDATE RESTRICT)','2025-02-07 16:57:18',8),(122,'沙盘分区',3,'com.ruoyi.ar.controller.SandboxZoneController.remove()','DELETE',1,'admin','研发部门','/ar/zone/3','127.0.0.1','内网IP','[3]','{\"msg\":\"操作成功\",\"code\":200}',0,NULL,'2025-02-07 16:59:27',11),(123,'沙盘分区',3,'com.ruoyi.ar.controller.SandboxZoneController.remove()','DELETE',1,'admin','研发部门','/ar/zone/2','127.0.0.1','内网IP','[2]','{\"msg\":\"操作成功\",\"code\":200}',0,NULL,'2025-02-07 16:59:28',8),(124,'沙盘分区',3,'com.ruoyi.ar.controller.SandboxZoneController.remove()','DELETE',1,'admin','研发部门','/ar/zone/1','127.0.0.1','内网IP','[1]','{\"msg\":\"操作成功\",\"code\":200}',0,NULL,'2025-02-07 16:59:30',8),(125,'沙盘分区',3,'com.ruoyi.ar.controller.SandboxZoneController.remove()','DELETE',1,'admin','研发部门','/ar/zone/4','127.0.0.1','内网IP','[4]','{\"msg\":\"操作成功\",\"code\":200}',0,NULL,'2025-02-07 16:59:32',7),(126,'设备',3,'com.ruoyi.ar.controller.DeviceController.remove()','DELETE',1,'admin','研发部门','/ar/device/5','127.0.0.1','内网IP','[5]','{\"msg\":\"操作成功\",\"code\":200}',0,NULL,'2025-02-07 16:59:41',10),(127,'设备',3,'com.ruoyi.ar.controller.DeviceController.remove()','DELETE',1,'admin','研发部门','/ar/device/11','127.0.0.1','内网IP','[11]','{\"msg\":\"操作成功\",\"code\":200}',0,NULL,'2025-02-07 16:59:45',7),(128,'设备',3,'com.ruoyi.ar.controller.DeviceController.remove()','DELETE',1,'admin','研发部门','/ar/device/9','127.0.0.1','内网IP','[9]','{\"msg\":\"操作成功\",\"code\":200}',0,NULL,'2025-02-07 16:59:46',10),(129,'二维码',3,'com.ruoyi.ar.controller.QrCodeController.remove()','DELETE',1,'admin','研发部门','/ar/code/2','127.0.0.1','内网IP','[2]','{\"msg\":\"存在正在使用的二维码，无法删除\",\"code\":500}',0,NULL,'2025-02-07 16:59:50',10),(130,'二维码',3,'com.ruoyi.ar.controller.QrCodeController.remove()','DELETE',1,'admin','研发部门','/ar/code/1','127.0.0.1','内网IP','[1]','{\"msg\":\"操作成功\",\"code\":200}',0,NULL,'2025-02-07 16:59:54',18),(131,'二维码',3,'com.ruoyi.ar.controller.QrCodeController.remove()','DELETE',1,'admin','研发部门','/ar/code/2','127.0.0.1','内网IP','[2]','{\"msg\":\"存在正在使用的二维码，无法删除\",\"code\":500}',0,NULL,'2025-02-07 16:59:59',3),(132,'二维码',2,'com.ruoyi.ar.controller.QrCodeController.edit()','PUT',1,'admin','研发部门','/ar/code','127.0.0.1','内网IP','{\"params\":{},\"qrCode\":\"/profile/upload/2025/01/22/Snipaste_2025-01-22_21-08-01_20250122211034A002.png\",\"qrCodeId\":2,\"qrCodeName\":\"bbb\",\"usageStatus\":\"0\"}','{\"msg\":\"操作成功\",\"code\":200}',0,NULL,'2025-02-07 17:00:13',11),(133,'二维码',3,'com.ruoyi.ar.controller.QrCodeController.remove()','DELETE',1,'admin','研发部门','/ar/code/2','127.0.0.1','内网IP','[2]','{\"msg\":\"操作成功\",\"code\":200}',0,NULL,'2025-02-07 17:00:16',17),(134,'二维码',2,'com.ruoyi.ar.controller.QrCodeController.edit()','PUT',1,'admin','研发部门','/ar/code','127.0.0.1','内网IP','{\"params\":{},\"qrCode\":\"https://schoolworkweb.oss-cn-beijing.aliyuncs.com/school-images/2025/02/07/67a58442555494c5a76e8776.png\",\"qrCodeId\":4,\"qrCodeName\":\"建模\",\"usageStatus\":\"1\"}','{\"msg\":\"操作成功\",\"code\":200}',0,NULL,'2025-02-07 17:01:37',31),(135,'二维码',2,'com.ruoyi.ar.controller.QrCodeController.edit()','PUT',1,'admin','研发部门','/ar/code','127.0.0.1','内网IP','{\"params\":{},\"qrCode\":\"https://schoolworkweb.oss-cn-beijing.aliyuncs.com/school-images/2025/02/07/67a5bb28555497ab2a1d23a8.png\",\"qrCodeId\":5,\"qrCodeName\":\"游戏\",\"usageStatus\":\"1\"}','{\"msg\":\"操作成功\",\"code\":200}',0,NULL,'2025-02-07 17:01:43',10),(136,'工厂',3,'com.ruoyi.ar.controller.FactoryController.remove()','DELETE',1,'admin','研发部门','/ar/factory/6','127.0.0.1','内网IP','[6]','{\"msg\":\"操作成功\",\"code\":200}',0,NULL,'2025-02-07 17:09:30',15),(137,'沙盘分区',1,'com.ruoyi.ar.controller.SandboxZoneController.add()','POST',1,'admin','研发部门','/ar/zone','127.0.0.1','内网IP','{\"description\":\"这是一个用于模拟和测试各种工业过程的沙盘分区。通过这个沙盘，我们可以更好地理解和优化生产流程，提高生产效率。\",\"factoryId\":1,\"name\":\"生产\",\"params\":{},\"qrCodeId\":4}','{\"msg\":\"操作成功\",\"code\":200}',0,NULL,'2025-02-07 17:11:55',8),(138,'沙盘分区',2,'com.ruoyi.ar.controller.SandboxZoneController.edit()','PUT',1,'admin','研发部门','/ar/zone','127.0.0.1','内网IP','{\"description\":\"这是一个用于模拟和测试各种工业过程的沙盘分区。通过这个沙盘，我们可以更好地理解和优化生产流程，提高生产效率。\",\"factoryId\":1,\"name\":\"生产沙盘\",\"params\":{},\"qrCodeId\":4,\"zoneId\":5}','{\"msg\":\"操作成功\",\"code\":200}',0,NULL,'2025-02-07 17:12:02',9),(139,'设备',3,'com.ruoyi.ar.controller.DeviceController.remove()','DELETE',1,'admin','研发部门','/ar/device/14','127.0.0.1','内网IP','[14]','{\"msg\":\"操作成功\",\"code\":200}',0,NULL,'2025-02-07 17:12:12',8),(140,'设备',3,'com.ruoyi.ar.controller.DeviceController.remove()','DELETE',1,'admin','研发部门','/ar/device/3','127.0.0.1','内网IP','[3]','{\"msg\":\"操作成功\",\"code\":200}',0,NULL,'2025-02-07 17:12:18',11),(141,'设备',3,'com.ruoyi.ar.controller.DeviceController.remove()','DELETE',1,'admin','研发部门','/ar/device/2','127.0.0.1','内网IP','[2]','{\"msg\":\"操作成功\",\"code\":200}',0,NULL,'2025-02-07 17:12:40',9),(142,'设备',3,'com.ruoyi.ar.controller.DeviceController.remove()','DELETE',1,'admin','研发部门','/ar/device/4','127.0.0.1','内网IP','[4]','{\"msg\":\"操作成功\",\"code\":200}',0,NULL,'2025-02-07 17:12:41',12),(143,'设备',1,'com.ruoyi.ar.controller.DeviceController.add()','POST',1,'admin','研发部门','/ar/device','127.0.0.1','内网IP','{\"description\":\"高效离心泵是一种用于液体输送的设备，广泛应用于化工、制药和食品加工等行业。它具有高效、节能、运行稳定等特点。\",\"deviceNumber\":15,\"factoryNumber\":\"2\",\"name\":\"高效离心泵\",\"params\":{},\"qrCodeNumber\":\"4\",\"status\":\"1\"}','{\"msg\":\"操作成功\",\"code\":200}',0,NULL,'2025-02-07 17:13:51',54),(144,'设备',1,'com.ruoyi.ar.controller.DeviceController.add()','POST',1,'admin','研发部门','/ar/device','127.0.0.1','内网IP','{\"description\":\"自动化装配线是一种用于大规模生产的设备，能够自动完成产品的组装、检测和包装等工序。它具有高效、精准、稳定等特点。\",\"deviceNumber\":16,\"factoryNumber\":\"5\",\"name\":\"自动化装配线\",\"params\":{},\"qrCodeNumber\":\"5\",\"status\":\"0\"}','{\"msg\":\"操作成功\",\"code\":200}',0,NULL,'2025-02-07 17:14:24',6),(145,'运维记录',2,'com.ruoyi.ar.controller.MaintenanceRecordController.edit()','PUT',1,'admin','研发部门','/ar/maintenance','127.0.0.1','内网IP','{\"date\":\"2025-01-14\",\"equipmentId\":15,\"maintainerName\":\"a师傅\",\"maintenanceLog\":\"中午维修\",\"params\":{},\"recordId\":1}','{\"msg\":\"操作成功\",\"code\":200}',0,NULL,'2025-02-07 17:14:47',35),(146,'运维记录',2,'com.ruoyi.ar.controller.MaintenanceRecordController.edit()','PUT',1,'admin','研发部门','/ar/maintenance','127.0.0.1','内网IP','{\"date\":\"2025-01-14\",\"equipmentId\":15,\"maintainerName\":\"a师傅\",\"maintenanceLog\":\"对高效离心泵进行了常规检查，确认各项参数正常，无异常振动或噪音。更换了润滑油和过滤器，确保设备运行顺畅。\",\"params\":{},\"recordId\":1}','{\"msg\":\"操作成功\",\"code\":200}',0,NULL,'2025-02-07 17:16:58',14),(147,'运维记录',2,'com.ruoyi.ar.controller.MaintenanceRecordController.edit()','PUT',1,'admin','研发部门','/ar/maintenance','127.0.0.1','内网IP','{\"date\":\"2025-01-13\",\"equipmentId\":15,\"maintainerName\":\"李四\",\"maintenanceLog\":\"对高效离心泵进行了深度维护，包括更换磨损的密封件和检查电机状态。调整了泵的运行参数，以确保其在最佳工况下运行。清理了泵体周围的环境，确保通风良好。\",\"params\":{},\"recordId\":3}','{\"msg\":\"操作成功\",\"code\":200}',0,NULL,'2025-02-07 17:17:39',8),(148,'运维记录',2,'com.ruoyi.ar.controller.MaintenanceRecordController.edit()','PUT',1,'admin','研发部门','/ar/maintenance','127.0.0.1','内网IP','{\"date\":\"2025-01-14\",\"equipmentId\":15,\"maintainerName\":\"张三\",\"maintenanceLog\":\"对高效离心泵进行了常规检查，确认各项参数正常，无异常振动或噪音。更换了润滑油和过滤器，确保设备运行顺畅。\",\"params\":{},\"recordId\":1}','{\"msg\":\"操作成功\",\"code\":200}',0,NULL,'2025-02-07 17:17:46',15),(149,'能耗清单',3,'com.ruoyi.ar.controller.EnergyConsumptionController.remove()','DELETE',1,'admin','研发部门','/ar/consumption/1','127.0.0.1','内网IP','[1]','{\"msg\":\"操作成功\",\"code\":200}',0,NULL,'2025-02-07 17:18:06',6),(150,'能耗清单',3,'com.ruoyi.ar.controller.EnergyConsumptionController.remove()','DELETE',1,'admin','研发部门','/ar/consumption/2','127.0.0.1','内网IP','[2]','{\"msg\":\"操作成功\",\"code\":200}',0,NULL,'2025-02-07 17:18:08',6),(151,'能耗清单',1,'com.ruoyi.ar.controller.EnergyConsumptionController.add()','POST',1,'admin','研发部门','/ar/consumption','127.0.0.1','内网IP','{\"energyConsumed\":5000,\"factoryId\":\"4\",\"id\":3,\"month\":5,\"params\":{},\"type\":\"1\",\"unit\":\"kWh\",\"year\":2025}','{\"msg\":\"操作成功\",\"code\":200}',0,NULL,'2025-02-07 17:18:42',27),(152,'能耗清单',1,'com.ruoyi.ar.controller.EnergyConsumptionController.add()','POST',1,'admin','研发部门','/ar/consumption','127.0.0.1','内网IP','{\"energyConsumed\":3000,\"factoryId\":\"3\",\"id\":4,\"month\":1,\"params\":{},\"type\":\"0\",\"unit\":\"m³\",\"year\":2024}','{\"msg\":\"操作成功\",\"code\":200}',0,NULL,'2025-02-07 17:19:22',7),(153,'能耗清单',2,'com.ruoyi.ar.controller.EnergyConsumptionController.edit()','PUT',1,'admin','研发部门','/ar/consumption','127.0.0.1','内网IP','{\"energyConsumed\":3000,\"factoryId\":\"3\",\"id\":4,\"month\":1,\"params\":{},\"type\":\"2\",\"unit\":\"m³\",\"year\":2024}','{\"msg\":\"操作成功\",\"code\":200}',0,NULL,'2025-02-07 17:19:33',8),(154,'能耗清单',1,'com.ruoyi.ar.controller.EnergyConsumptionController.add()','POST',1,'admin','研发部门','/ar/consumption','127.0.0.1','内网IP','{\"energyConsumed\":10000,\"factoryId\":\"5\",\"id\":5,\"month\":1,\"params\":{},\"type\":\"0\",\"unit\":\"t\",\"year\":2025}','{\"msg\":\"操作成功\",\"code\":200}',0,NULL,'2025-02-07 17:20:03',11),(155,'库区',3,'com.ruoyi.ar.controller.WarehouseZoneController.remove()','DELETE',1,'admin','研发部门','/ar/warehouse/4','127.0.0.1','内网IP','[4]','{\"msg\":\"操作成功\",\"code\":200}',0,NULL,'2025-02-07 17:20:20',10),(156,'库区',3,'com.ruoyi.ar.controller.WarehouseZoneController.remove()','DELETE',1,'admin','研发部门','/ar/warehouse/5','127.0.0.1','内网IP','[5]',NULL,1,'\r\n### Error updating database.  Cause: java.sql.SQLIntegrityConstraintViolationException: Cannot delete or update a parent row: a foreign key constraint fails (`ry-vue`.`material`, CONSTRAINT `material_ibfk_1` FOREIGN KEY (`warehouse_zone_id`) REFERENCES `warehouse_zone` (`zone_id`) ON DELETE RESTRICT ON UPDATE RESTRICT)\r\n### The error may exist in file [D:\\Project\\Java\\IdeaProjects\\22222\\ruoyi-admin\\target\\classes\\mapper\\ar\\WarehouseZoneMapper.xml]\r\n### The error may involve com.ruoyi.ar.mapper.WarehouseZoneMapper.deleteWarehouseZoneByZoneIds-Inline\r\n### The error occurred while setting parameters\r\n### SQL: delete from warehouse_zone where zone_id in           (               ?          )\r\n### Cause: java.sql.SQLIntegrityConstraintViolationException: Cannot delete or update a parent row: a foreign key constraint fails (`ry-vue`.`material`, CONSTRAINT `material_ibfk_1` FOREIGN KEY (`warehouse_zone_id`) REFERENCES `warehouse_zone` (`zone_id`) ON DELETE RESTRICT ON UPDATE RESTRICT)\n; Cannot delete or update a parent row: a foreign key constraint fails (`ry-vue`.`material`, CONSTRAINT `material_ibfk_1` FOREIGN KEY (`warehouse_zone_id`) REFERENCES `warehouse_zone` (`zone_id`) ON DELETE RESTRICT ON UPDATE RESTRICT); nested exception is java.sql.SQLIntegrityConstraintViolationException: Cannot delete or update a parent row: a foreign key constraint fails (`ry-vue`.`material`, CONSTRAINT `material_ibfk_1` FOREIGN KEY (`warehouse_zone_id`) REFERENCES `warehouse_zone` (`zone_id`) ON DELETE RESTRICT ON UPDATE RESTRICT)','2025-02-07 17:20:22',9),(157,'库区',3,'com.ruoyi.ar.controller.WarehouseZoneController.remove()','DELETE',1,'admin','研发部门','/ar/warehouse/5','127.0.0.1','内网IP','[5]',NULL,1,'\r\n### Error updating database.  Cause: java.sql.SQLIntegrityConstraintViolationException: Cannot delete or update a parent row: a foreign key constraint fails (`ry-vue`.`material`, CONSTRAINT `material_ibfk_1` FOREIGN KEY (`warehouse_zone_id`) REFERENCES `warehouse_zone` (`zone_id`) ON DELETE RESTRICT ON UPDATE RESTRICT)\r\n### The error may exist in file [D:\\Project\\Java\\IdeaProjects\\22222\\ruoyi-admin\\target\\classes\\mapper\\ar\\WarehouseZoneMapper.xml]\r\n### The error may involve com.ruoyi.ar.mapper.WarehouseZoneMapper.deleteWarehouseZoneByZoneIds-Inline\r\n### The error occurred while setting parameters\r\n### SQL: delete from warehouse_zone where zone_id in           (               ?          )\r\n### Cause: java.sql.SQLIntegrityConstraintViolationException: Cannot delete or update a parent row: a foreign key constraint fails (`ry-vue`.`material`, CONSTRAINT `material_ibfk_1` FOREIGN KEY (`warehouse_zone_id`) REFERENCES `warehouse_zone` (`zone_id`) ON DELETE RESTRICT ON UPDATE RESTRICT)\n; Cannot delete or update a parent row: a foreign key constraint fails (`ry-vue`.`material`, CONSTRAINT `material_ibfk_1` FOREIGN KEY (`warehouse_zone_id`) REFERENCES `warehouse_zone` (`zone_id`) ON DELETE RESTRICT ON UPDATE RESTRICT); nested exception is java.sql.SQLIntegrityConstraintViolationException: Cannot delete or update a parent row: a foreign key constraint fails (`ry-vue`.`material`, CONSTRAINT `material_ibfk_1` FOREIGN KEY (`warehouse_zone_id`) REFERENCES `warehouse_zone` (`zone_id`) ON DELETE RESTRICT ON UPDATE RESTRICT)','2025-02-07 17:20:29',7),(158,'库区',2,'com.ruoyi.ar.controller.WarehouseZoneController.edit()','PUT',1,'admin','研发部门','/ar/warehouse','127.0.0.1','内网IP','{\"description\":\"原料仓库A区主要用于存放生产所需的主要原材料，包括化学品、生物制剂等。该区域配备有温湿度控制系统，确保材料质量稳定。\",\"factoryId\":4,\"name\":\"原料仓库A区\",\"params\":{},\"zoneId\":5}','{\"msg\":\"操作成功\",\"code\":200}',0,NULL,'2025-02-07 17:22:06',15),(159,'库区',2,'com.ruoyi.ar.controller.WarehouseZoneController.edit()','PUT',1,'admin','研发部门','/ar/warehouse','127.0.0.1','内网IP','{\"description\":\"成品仓库B区主要用于存放生产完成后的产品，包括包装好的药品、试剂盒等。该区域同样配备有温湿度控制系统，确保产品质量不受影响。\",\"factoryId\":1,\"name\":\"成品仓库B区\",\"params\":{},\"zoneId\":6}','{\"msg\":\"操作成功\",\"code\":200}',0,NULL,'2025-02-07 17:22:31',17),(160,'材料信息',3,'com.ruoyi.ar.controller.MaterialController.remove()','DELETE',1,'admin','研发部门','/ar/material/3','127.0.0.1','内网IP','[3]','{\"msg\":\"操作成功\",\"code\":200}',0,NULL,'2025-02-07 17:22:43',20),(161,'材料信息',3,'com.ruoyi.ar.controller.MaterialController.remove()','DELETE',1,'admin','研发部门','/ar/material/6','127.0.0.1','内网IP','[6]','{\"msg\":\"操作成功\",\"code\":200}',0,NULL,'2025-02-07 17:22:44',11),(162,'材料信息',3,'com.ruoyi.ar.controller.MaterialController.remove()','DELETE',1,'admin','研发部门','/ar/material/7','127.0.0.1','内网IP','[7]','{\"msg\":\"操作成功\",\"code\":200}',0,NULL,'2025-02-07 17:22:45',7),(163,'材料信息',3,'com.ruoyi.ar.controller.MaterialController.remove()','DELETE',1,'admin','研发部门','/ar/material/9','127.0.0.1','内网IP','[9]','{\"msg\":\"操作成功\",\"code\":200}',0,NULL,'2025-02-07 17:22:46',6),(164,'VR展厅',3,'com.ruoyi.vr.controller.VrShowroomController.remove()','DELETE',1,'admin','研发部门','/vr/showroom/1','127.0.0.1','内网IP','[1]',NULL,1,'\r\n### Error updating database.  Cause: java.sql.SQLIntegrityConstraintViolationException: Cannot delete or update a parent row: a foreign key constraint fails (`ry-vue`.`vr_exhibit_zone`, CONSTRAINT `vr_exhibit_zone_ibfk_1` FOREIGN KEY (`showroom_id`) REFERENCES `vr_showroom` (`showroom_id`) ON DELETE RESTRICT ON UPDATE RESTRICT)\r\n### The error may exist in file [D:\\Project\\Java\\IdeaProjects\\22222\\ruoyi-admin\\target\\classes\\mapper\\vr\\VrShowroomMapper.xml]\r\n### The error may involve com.ruoyi.vr.mapper.VrShowroomMapper.deleteVrShowroomByShowroomIds-Inline\r\n### The error occurred while setting parameters\r\n### SQL: delete from vr_showroom where showroom_id in           (               ?          )\r\n### Cause: java.sql.SQLIntegrityConstraintViolationException: Cannot delete or update a parent row: a foreign key constraint fails (`ry-vue`.`vr_exhibit_zone`, CONSTRAINT `vr_exhibit_zone_ibfk_1` FOREIGN KEY (`showroom_id`) REFERENCES `vr_showroom` (`showroom_id`) ON DELETE RESTRICT ON UPDATE RESTRICT)\n; Cannot delete or update a parent row: a foreign key constraint fails (`ry-vue`.`vr_exhibit_zone`, CONSTRAINT `vr_exhibit_zone_ibfk_1` FOREIGN KEY (`showroom_id`) REFERENCES `vr_showroom` (`showroom_id`) ON DELETE RESTRICT ON UPDATE RESTRICT); nested exception is java.sql.SQLIntegrityConstraintViolationException: Cannot delete or update a parent row: a foreign key constraint fails (`ry-vue`.`vr_exhibit_zone`, CONSTRAINT `vr_exhibit_zone_ibfk_1` FOREIGN KEY (`showroom_id`) REFERENCES `vr_showroom` (`showroom_id`) ON DELETE RESTRICT ON UPDATE RESTRICT)','2025-02-07 17:23:00',13),(165,'VR展厅',2,'com.ruoyi.vr.controller.VrShowroomController.edit()','PUT',1,'admin','研发部门','/vr/showroom','127.0.0.1','内网IP','{\"description\":\"虚拟现实体验中心提供了多种VR设备和互动体验，让参观者能够身临其境地感受虚拟世界的魅力。该展厅设有多个主题区域，包括游戏区、教育区和创意区，每个区域都有独特的VR内容供参观者探索。\",\"params\":{},\"showroomId\":1,\"showroomName\":\"虚拟现实体验中心\"}','{\"msg\":\"操作成功\",\"code\":200}',0,NULL,'2025-02-07 17:23:42',14),(166,'VR展厅',3,'com.ruoyi.vr.controller.VrShowroomController.remove()','DELETE',1,'admin','研发部门','/vr/showroom/4','127.0.0.1','内网IP','[4]',NULL,1,'\r\n### Error updating database.  Cause: java.sql.SQLIntegrityConstraintViolationException: Cannot delete or update a parent row: a foreign key constraint fails (`ry-vue`.`vr_exhibit_zone`, CONSTRAINT `vr_exhibit_zone_ibfk_1` FOREIGN KEY (`showroom_id`) REFERENCES `vr_showroom` (`showroom_id`) ON DELETE RESTRICT ON UPDATE RESTRICT)\r\n### The error may exist in file [D:\\Project\\Java\\IdeaProjects\\22222\\ruoyi-admin\\target\\classes\\mapper\\vr\\VrShowroomMapper.xml]\r\n### The error may involve com.ruoyi.vr.mapper.VrShowroomMapper.deleteVrShowroomByShowroomIds-Inline\r\n### The error occurred while setting parameters\r\n### SQL: delete from vr_showroom where showroom_id in           (               ?          )\r\n### Cause: java.sql.SQLIntegrityConstraintViolationException: Cannot delete or update a parent row: a foreign key constraint fails (`ry-vue`.`vr_exhibit_zone`, CONSTRAINT `vr_exhibit_zone_ibfk_1` FOREIGN KEY (`showroom_id`) REFERENCES `vr_showroom` (`showroom_id`) ON DELETE RESTRICT ON UPDATE RESTRICT)\n; Cannot delete or update a parent row: a foreign key constraint fails (`ry-vue`.`vr_exhibit_zone`, CONSTRAINT `vr_exhibit_zone_ibfk_1` FOREIGN KEY (`showroom_id`) REFERENCES `vr_showroom` (`showroom_id`) ON DELETE RESTRICT ON UPDATE RESTRICT); nested exception is java.sql.SQLIntegrityConstraintViolationException: Cannot delete or update a parent row: a foreign key constraint fails (`ry-vue`.`vr_exhibit_zone`, CONSTRAINT `vr_exhibit_zone_ibfk_1` FOREIGN KEY (`showroom_id`) REFERENCES `vr_showroom` (`showroom_id`) ON DELETE RESTRICT ON UPDATE RESTRICT)','2025-02-07 17:24:05',9),(167,'VR展厅',3,'com.ruoyi.vr.controller.VrShowroomController.remove()','DELETE',1,'admin','研发部门','/vr/showroom/3','127.0.0.1','内网IP','[3]','{\"msg\":\"操作成功\",\"code\":200}',0,NULL,'2025-02-07 17:24:07',12),(168,'VR展厅',3,'com.ruoyi.vr.controller.VrShowroomController.remove()','DELETE',1,'admin','研发部门','/vr/showroom/2','127.0.0.1','内网IP','[2]',NULL,1,'\r\n### Error updating database.  Cause: java.sql.SQLIntegrityConstraintViolationException: Cannot delete or update a parent row: a foreign key constraint fails (`ry-vue`.`vr_exhibit_zone`, CONSTRAINT `vr_exhibit_zone_ibfk_1` FOREIGN KEY (`showroom_id`) REFERENCES `vr_showroom` (`showroom_id`) ON DELETE RESTRICT ON UPDATE RESTRICT)\r\n### The error may exist in file [D:\\Project\\Java\\IdeaProjects\\22222\\ruoyi-admin\\target\\classes\\mapper\\vr\\VrShowroomMapper.xml]\r\n### The error may involve com.ruoyi.vr.mapper.VrShowroomMapper.deleteVrShowroomByShowroomIds-Inline\r\n### The error occurred while setting parameters\r\n### SQL: delete from vr_showroom where showroom_id in           (               ?          )\r\n### Cause: java.sql.SQLIntegrityConstraintViolationException: Cannot delete or update a parent row: a foreign key constraint fails (`ry-vue`.`vr_exhibit_zone`, CONSTRAINT `vr_exhibit_zone_ibfk_1` FOREIGN KEY (`showroom_id`) REFERENCES `vr_showroom` (`showroom_id`) ON DELETE RESTRICT ON UPDATE RESTRICT)\n; Cannot delete or update a parent row: a foreign key constraint fails (`ry-vue`.`vr_exhibit_zone`, CONSTRAINT `vr_exhibit_zone_ibfk_1` FOREIGN KEY (`showroom_id`) REFERENCES `vr_showroom` (`showroom_id`) ON DELETE RESTRICT ON UPDATE RESTRICT); nested exception is java.sql.SQLIntegrityConstraintViolationException: Cannot delete or update a parent row: a foreign key constraint fails (`ry-vue`.`vr_exhibit_zone`, CONSTRAINT `vr_exhibit_zone_ibfk_1` FOREIGN KEY (`showroom_id`) REFERENCES `vr_showroom` (`showroom_id`) ON DELETE RESTRICT ON UPDATE RESTRICT)','2025-02-07 17:24:09',11),(169,'VR展厅',2,'com.ruoyi.vr.controller.VrShowroomController.edit()','PUT',1,'admin','研发部门','/vr/showroom','127.0.0.1','内网IP','{\"description\":\"互动VR乐园是一个以家庭娱乐为主题的VR展览空间。这里提供了多种适合所有年龄段人群的VR游戏和互动体验，让参观者能够在轻松愉快的氛围中享受虚拟现实的乐趣。\",\"params\":{},\"showroomId\":2,\"showroomName\":\"互动VR乐园\"}','{\"msg\":\"操作成功\",\"code\":200}',0,NULL,'2025-02-07 17:24:23',12),(170,'VR展厅',2,'com.ruoyi.vr.controller.VrShowroomController.edit()','PUT',1,'admin','研发部门','/vr/showroom','127.0.0.1','内网IP','{\"description\":\"VR未来实验室是一个专注于虚拟现实技术研发和应用的展览空间。这里汇聚了来自全球的最新VR技术和产品，让参观者能够亲身体验到虚拟现实技术的无限可能。\",\"params\":{},\"showroomId\":4,\"showroomName\":\"VR未来实验室\"}','{\"msg\":\"操作成功\",\"code\":200}',0,NULL,'2025-02-07 17:24:36',5),(171,'VR展区',2,'com.ruoyi.vr.controller.VrExhibitZoneController.edit()','PUT',1,'admin','研发部门','/vr/exhibitZone','127.0.0.1','内网IP','{\"description\":\"未来科技互动区是虚拟现实体验中心内的一个特色展区，它展示了最新的VR技术和互动体验设备。参观者可以在这里体验到前沿的虚拟现实游戏、教育应用以及创意作品，感受科技带来的无限可能。\",\"exhibitZoneId\":2,\"exhibitZoneName\":\"未来科技互动区\",\"params\":{},\"showroomId\":1}','{\"msg\":\"操作成功\",\"code\":200}',0,NULL,'2025-02-07 17:25:55',11),(172,'VR展区',3,'com.ruoyi.vr.controller.VrExhibitZoneController.remove()','DELETE',1,'admin','研发部门','/vr/exhibitZone/3','127.0.0.1','内网IP','[3]',NULL,1,'\r\n### Error updating database.  Cause: java.sql.SQLIntegrityConstraintViolationException: Cannot delete or update a parent row: a foreign key constraint fails (`ry-vue`.`vr_carrier`, CONSTRAINT `vr_carrier_ibfk_1` FOREIGN KEY (`exhibit_zone_id`) REFERENCES `vr_exhibit_zone` (`exhibit_zone_id`) ON DELETE RESTRICT ON UPDATE RESTRICT)\r\n### The error may exist in file [D:\\Project\\Java\\IdeaProjects\\22222\\ruoyi-admin\\target\\classes\\mapper\\vr\\VrExhibitZoneMapper.xml]\r\n### The error may involve com.ruoyi.vr.mapper.VrExhibitZoneMapper.deleteVrExhibitZoneByExhibitZoneIds-Inline\r\n### The error occurred while setting parameters\r\n### SQL: delete from vr_exhibit_zone where exhibit_zone_id in           (               ?          )\r\n### Cause: java.sql.SQLIntegrityConstraintViolationException: Cannot delete or update a parent row: a foreign key constraint fails (`ry-vue`.`vr_carrier`, CONSTRAINT `vr_carrier_ibfk_1` FOREIGN KEY (`exhibit_zone_id`) REFERENCES `vr_exhibit_zone` (`exhibit_zone_id`) ON DELETE RESTRICT ON UPDATE RESTRICT)\n; Cannot delete or update a parent row: a foreign key constraint fails (`ry-vue`.`vr_carrier`, CONSTRAINT `vr_carrier_ibfk_1` FOREIGN KEY (`exhibit_zone_id`) REFERENCES `vr_exhibit_zone` (`exhibit_zone_id`) ON DELETE RESTRICT ON UPDATE RESTRICT); nested exception is java.sql.SQLIntegrityConstraintViolationException: Cannot delete or update a parent row: a foreign key constraint fails (`ry-vue`.`vr_carrier`, CONSTRAINT `vr_carrier_ibfk_1` FOREIGN KEY (`exhibit_zone_id`) REFERENCES `vr_exhibit_zone` (`exhibit_zone_id`) ON DELETE RESTRICT ON UPDATE RESTRICT)','2025-02-07 17:26:05',8),(173,'载体',3,'com.ruoyi.vr.controller.VrCarrierController.remove()','DELETE',1,'admin','研发部门','/vr/carrier/7','127.0.0.1','内网IP','[7]','{\"msg\":\"操作成功\",\"code\":200}',0,NULL,'2025-02-07 17:26:16',14),(174,'载体',3,'com.ruoyi.vr.controller.VrCarrierController.remove()','DELETE',1,'admin','研发部门','/vr/carrier/8','127.0.0.1','内网IP','[8]','{\"msg\":\"操作成功\",\"code\":200}',0,NULL,'2025-02-07 17:26:18',5),(175,'载体',3,'com.ruoyi.vr.controller.VrCarrierController.remove()','DELETE',1,'admin','研发部门','/vr/carrier/10','127.0.0.1','内网IP','[10]','{\"msg\":\"操作成功\",\"code\":200}',0,NULL,'2025-02-07 17:26:20',7),(176,'VR展区',2,'com.ruoyi.vr.controller.VrExhibitZoneController.edit()','PUT',1,'admin','研发部门','/vr/exhibitZone','127.0.0.1','内网IP','{\"description\":\"智能生活体验区是科技创新展示厅内的一个亮点展区，它聚焦于智能家居、可穿戴设备、人工智能等前沿科技在日常生活中的应用。参观者可以在这里亲身体验智能化带来的便捷与舒适，感受未来生活的无限可能。\",\"exhibitZoneId\":3,\"exhibitZoneName\":\"智能生活体验区\",\"params\":{},\"showroomId\":1}','{\"msg\":\"操作成功\",\"code\":200}',0,NULL,'2025-02-07 17:26:56',13),(177,'VR展区',2,'com.ruoyi.vr.controller.VrExhibitZoneController.edit()','PUT',1,'admin','研发部门','/vr/exhibitZone','127.0.0.1','内网IP','{\"description\":\"智能生活体验区是科技创新展示厅内的一个亮点展区，它聚焦于智能家居、可穿戴设备、人工智能等前沿科技在日常生活中的应用。参观者可以在这里亲身体验智能化带来的便捷与舒适，感受未来生活的无限可能。\",\"exhibitZoneId\":3,\"exhibitZoneName\":\"智能生活体验区\",\"params\":{},\"showroomId\":1}','{\"msg\":\"操作成功\",\"code\":200}',0,NULL,'2025-02-07 17:27:04',5),(178,'VR展区',2,'com.ruoyi.vr.controller.VrExhibitZoneController.edit()','PUT',1,'admin','研发部门','/vr/exhibitZone','127.0.0.1','内网IP','{\"description\":\"未来科技互动区是虚拟现实体验中心内的一个特色展区，它展示了最新的VR技术和互动体验设备。参观者可以在这里体验到前沿的虚拟现实游戏、教育应用以及创意作品，感受科技带来的无限可能。\",\"exhibitZoneId\":2,\"exhibitZoneName\":\"未来科技互动区\",\"params\":{},\"showroomId\":4}','{\"msg\":\"操作成功\",\"code\":200}',0,NULL,'2025-02-07 17:27:09',16),(179,'VR展区',3,'com.ruoyi.vr.controller.VrExhibitZoneController.remove()','DELETE',1,'admin','研发部门','/vr/exhibitZone/6','127.0.0.1','内网IP','[6]','{\"msg\":\"操作成功\",\"code\":200}',0,NULL,'2025-02-07 17:27:27',10),(180,'VR展区',3,'com.ruoyi.vr.controller.VrExhibitZoneController.remove()','DELETE',1,'admin','研发部门','/vr/exhibitZone/7','127.0.0.1','内网IP','[7]','{\"msg\":\"操作成功\",\"code\":200}',0,NULL,'2025-02-07 17:27:29',8),(181,'载体',2,'com.ruoyi.vr.controller.VrCarrierController.edit()','PUT',1,'admin','研发部门','/vr/carrier','127.0.0.1','内网IP','{\"carrierId\":5,\"carrierName\":\"a\",\"carrierType\":1,\"exhibitZoneId\":3,\"params\":{},\"specifications\":\"eee\",\"status\":\"0\"}','{\"msg\":\"操作成功\",\"code\":200}',0,NULL,'2025-02-07 17:27:42',14),(182,'载体',2,'com.ruoyi.vr.controller.VrCarrierController.edit()','PUT',1,'admin','研发部门','/vr/carrier','127.0.0.1','内网IP','{\"carrierId\":6,\"carrierName\":\"aa\",\"carrierType\":1,\"exhibitZoneId\":2,\"params\":{},\"specifications\":\"300cm*200cm\",\"status\":\"0\"}','{\"msg\":\"操作成功\",\"code\":200}',0,NULL,'2025-02-07 17:27:54',18),(183,'载体',2,'com.ruoyi.vr.controller.VrCarrierController.edit()','PUT',1,'admin','研发部门','/vr/carrier','127.0.0.1','内网IP','{\"carrierId\":5,\"carrierName\":\"a\",\"carrierType\":1,\"exhibitZoneId\":3,\"params\":{},\"specifications\":\"300cm*200cm\",\"status\":\"0\"}','{\"msg\":\"操作成功\",\"code\":200}',0,NULL,'2025-02-07 17:28:00',7),(184,'载体',2,'com.ruoyi.vr.controller.VrCarrierController.edit()','PUT',1,'admin','研发部门','/vr/carrier','127.0.0.1','内网IP','{\"carrierId\":5,\"carrierName\":\"环保主题\",\"carrierType\":1,\"exhibitZoneId\":3,\"params\":{},\"specifications\":\"300cm*200cm\",\"status\":\"0\"}','{\"msg\":\"操作成功\",\"code\":200}',0,NULL,'2025-02-07 17:28:40',22),(185,'载体',2,'com.ruoyi.vr.controller.VrCarrierController.edit()','PUT',1,'admin','研发部门','/vr/carrier','127.0.0.1','内网IP','{\"carrierId\":6,\"carrierName\":\"科技主题\",\"carrierType\":1,\"exhibitZoneId\":2,\"params\":{},\"specifications\":\"300cm*200cm\",\"status\":\"0\"}','{\"msg\":\"操作成功\",\"code\":200}',0,NULL,'2025-02-07 17:28:48',4),(186,'载体',2,'com.ruoyi.vr.controller.VrCarrierController.edit()','PUT',1,'admin','研发部门','/vr/carrier','127.0.0.1','内网IP','{\"carrierId\":11,\"carrierName\":\"未来主题\",\"carrierType\":0,\"exhibitZoneId\":2,\"params\":{},\"specifications\":\"100cm*250cm\",\"status\":\"0\"}','{\"msg\":\"操作成功\",\"code\":200}',0,NULL,'2025-02-07 17:28:58',6),(187,'VR内容',3,'com.ruoyi.vr.controller.VrContentController.remove()','DELETE',1,'admin','研发部门','/vr/content/10','127.0.0.1','内网IP','[10]','{\"msg\":\"操作成功\",\"code\":200}',0,NULL,'2025-02-07 17:29:05',16),(188,'VR内容',3,'com.ruoyi.vr.controller.VrContentController.remove()','DELETE',1,'admin','研发部门','/vr/content/11','127.0.0.1','内网IP','[11]','{\"msg\":\"操作成功\",\"code\":200}',0,NULL,'2025-02-07 17:29:06',12),(189,'VR内容',3,'com.ruoyi.vr.controller.VrContentController.remove()','DELETE',1,'admin','研发部门','/vr/content/12','127.0.0.1','内网IP','[12]','{\"msg\":\"操作成功\",\"code\":200}',0,NULL,'2025-02-07 17:29:07',6),(190,'作品',2,'com.ruoyi.vr.controller.WorkController.edit()','PUT',1,'admin','研发部门','/vr/work','127.0.0.1','内网IP','{\"authors\":\"张三, 李四, 王五\",\"awardInfo\":\"获得校级科技创新大赛一等奖\",\"description\":\"本作品探讨了绿色能源的发展趋势，通过实验和数据分析，提出了一种新型的能源转换方案。\",\"instructor\":\"赵六\",\"params\":{},\"title\":\"《绿色能源的未来》\",\"workId\":1}','{\"msg\":\"操作成功\",\"code\":200}',0,NULL,'2025-02-07 17:30:24',24),(191,'作品',2,'com.ruoyi.vr.controller.WorkController.edit()','PUT',1,'admin','研发部门','/vr/work','127.0.0.1','内网IP','{\"authors\":\"张三, 李四, 王五\",\"awardInfo\":\"获得校级科技创新大赛一等奖\",\"description\":\"本作品探讨了绿色能源的发展趋势，通过实验和数据分析，提出了一种新型的能源转换方案。\",\"instructor\":\"赵六\",\"params\":{},\"title\":\"《绿色能源的未来》\",\"workId\":1}','{\"msg\":\"操作成功\",\"code\":200}',0,NULL,'2025-02-07 17:30:31',5),(192,'作品',2,'com.ruoyi.vr.controller.WorkController.edit()','PUT',1,'admin','研发部门','/vr/work','127.0.0.1','内网IP','{\"authors\":\"陈小明, 李大华, 王小丽\",\"awardInfo\":\"荣获全国大学生创新设计竞赛二等奖\",\"description\":\"本作品旨在解决城市交通拥堵问题，通过引入智能算法和物联网技术，实现了交通流的优化调度。作品经过多次实验验证，证明能有效减少交通延误，提高道路通行效率。同时，该方案还考虑了环保因素，有助于降低城市碳排放。\",\"instructor\":\"张教授\",\"params\":{},\"title\":\"《智能城市交通解决方案》\",\"workId\":2}','{\"msg\":\"操作成功\",\"code\":200}',0,NULL,'2025-02-07 17:31:19',16),(193,'代码生成',2,'com.ruoyi.generator.controller.GenController.editSave()','PUT',1,'admin','研发部门','/tool/gen','127.0.0.1','内网IP','{\"businessName\":\"content\",\"className\":\"VrContent\",\"columns\":[{\"capJavaField\":\"VrContentId\",\"columnComment\":\"VR内容编号\",\"columnId\":217,\"columnName\":\"vr_content_id\",\"columnType\":\"int\",\"createBy\":\"admin\",\"createTime\":\"2025-01-20 14:45:59\",\"dictType\":\"\",\"edit\":false,\"htmlType\":\"input\",\"increment\":true,\"insert\":false,\"isIncrement\":\"1\",\"isInsert\":\"0\",\"isPk\":\"1\",\"isRequired\":\"0\",\"javaField\":\"vrContentId\",\"javaType\":\"Long\",\"list\":false,\"params\":{},\"pk\":true,\"query\":false,\"queryType\":\"EQ\",\"required\":false,\"sort\":1,\"superColumn\":false,\"tableId\":36,\"updateBy\":\"\",\"updateTime\":\"2025-01-24 14:53:50\",\"usableColumn\":false},{\"capJavaField\":\"Name\",\"columnComment\":\"名称\",\"columnId\":218,\"columnName\":\"name\",\"columnType\":\"varchar(255)\",\"createBy\":\"admin\",\"createTime\":\"2025-01-20 14:45:59\",\"dictType\":\"\",\"edit\":true,\"htmlType\":\"input\",\"increment\":false,\"insert\":true,\"isEdit\":\"1\",\"isIncrement\":\"0\",\"isInsert\":\"1\",\"isList\":\"1\",\"isPk\":\"0\",\"isQuery\":\"1\",\"isRequired\":\"1\",\"javaField\":\"name\",\"javaType\":\"String\",\"list\":true,\"params\":{},\"pk\":false,\"query\":true,\"queryType\":\"LIKE\",\"required\":true,\"sort\":2,\"superColumn\":false,\"tableId\":36,\"updateBy\":\"\",\"updateTime\":\"2025-01-24 14:53:50\",\"usableColumn\":false},{\"capJavaField\":\"Category\",\"columnComment\":\"类别\",\"columnId\":219,\"columnName\":\"category\",\"columnType\":\"enum(\'文本\',\'图片\',\'动画\',\'声音和视频\',\'3D模型\',\'VR场景\')\",\"createBy\":\"admin\",\"createTime\":\"2025-01-20 14:45:59\",\"dictType\":\"vr_content_category\",\"edit\":true,\"htmlType\":\"select\",\"increment\":false,\"insert\":true,\"isEdit\":\"1\",\"isIncrement\":\"0\",\"isInsert\":\"1\",\"isList\":\"1\",\"isPk\":\"0\",\"isQuery\":\"1\",\"isRequired\":\"1\",\"javaField\":\"category\",\"javaType\":\"String\",\"list\":true,\"params\":{},\"pk\":false,\"query\":true,\"queryType\":\"EQ\",\"required\":true,\"sort\":3,\"superColumn\":false,\"tableId\":36,\"updateBy\":\"\",\"updateTime\":\"2025-01-24 14:53:50\",\"usableColumn\":false},{\"capJavaField\":\"FileUrl\",\"columnComment\":\"文件URL\",\"columnId\":220,\"columnName\":\"file_url\",\"columnType\":\"varchar(500)\",\"createBy\":\"admin\",\"createTime\":\"2025-01-20 14:45:59\",\"dictType','{\"msg\":\"操作成功\",\"code\":200}',0,NULL,'2025-02-07 17:33:06',74),(194,'VR内容',2,'com.ruoyi.vr.controller.VrContentController.edit()','PUT',1,'admin','研发部门','/vr/content','127.0.0.1','内网IP','{\"carrierId\":5,\"category\":\"声音和视频\",\"createdAt\":\"2025-01-24 17:32:11\",\"description\":\"本VR内容带领用户穿梭于2050年的未来城市，体验高科技与自然环境的完美融合。从智能建筑到绿色能源，感受未来生活的无限可能。\",\"fileUrl\":\"http://example.com/vr_content.mp4\",\"name\":\"未来城市漫游\",\"params\":{},\"updatedAt\":\"2025-01-24 17:32:11\",\"usageStatus\":\"1\",\"vrContentId\":14,\"workId\":1}','{\"msg\":\"操作成功\",\"code\":200}',0,NULL,'2025-02-07 17:35:58',22),(195,'合作案例',3,'com.ruoyi.school.controller.CooperationCaseController.remove()','DELETE',1,'admin','研发部门','/school/case/1','127.0.0.1','内网IP','[1]',NULL,1,'\r\n### Error updating database.  Cause: java.sql.SQLIntegrityConstraintViolationException: Cannot delete or update a parent row: a foreign key constraint fails (`ry-vue`.`vr_scene`, CONSTRAINT `vr_scene_ibfk_1` FOREIGN KEY (`case_id`) REFERENCES `cooperation_case` (`case_id`) ON DELETE RESTRICT ON UPDATE RESTRICT)\r\n### The error may exist in file [D:\\Project\\Java\\IdeaProjects\\22222\\ruoyi-admin\\target\\classes\\mapper\\school\\CooperationCaseMapper.xml]\r\n### The error may involve com.ruoyi.school.mapper.CooperationCaseMapper.deleteCooperationCaseByCaseIds-Inline\r\n### The error occurred while setting parameters\r\n### SQL: delete from cooperation_case where case_id in           (               ?          )\r\n### Cause: java.sql.SQLIntegrityConstraintViolationException: Cannot delete or update a parent row: a foreign key constraint fails (`ry-vue`.`vr_scene`, CONSTRAINT `vr_scene_ibfk_1` FOREIGN KEY (`case_id`) REFERENCES `cooperation_case` (`case_id`) ON DELETE RESTRICT ON UPDATE RESTRICT)\n; Cannot delete or update a parent row: a foreign key constraint fails (`ry-vue`.`vr_scene`, CONSTRAINT `vr_scene_ibfk_1` FOREIGN KEY (`case_id`) REFERENCES `cooperation_case` (`case_id`) ON DELETE RESTRICT ON UPDATE RESTRICT); nested exception is java.sql.SQLIntegrityConstraintViolationException: Cannot delete or update a parent row: a foreign key constraint fails (`ry-vue`.`vr_scene`, CONSTRAINT `vr_scene_ibfk_1` FOREIGN KEY (`case_id`) REFERENCES `cooperation_case` (`case_id`) ON DELETE RESTRICT ON UPDATE RESTRICT)','2025-02-07 17:36:07',13),(196,'合作案例',2,'com.ruoyi.school.controller.CooperationCaseController.edit()','PUT',1,'admin','研发部门','/school/case','127.0.0.1','内网IP','{\"caseId\":1,\"caseName\":\"智慧医疗平台合作\",\"cooperationUnit\":\"绿色能源科技有限公司\",\"description\":\"本案例展示了与绿色能源科技有限公司的合作，共同推进环保能源项目。我们联合研发了高效太阳能发电技术，该技术不仅提高了能源转换效率，还降低了生产成本。通过此次合作，我们成功推动了可再生能源的发展，为环境保护做出了积极贡献。\",\"params\":{}}','{\"msg\":\"操作成功\",\"code\":200}',0,NULL,'2025-02-07 17:37:13',12),(197,'合作案例',2,'com.ruoyi.school.controller.CooperationCaseController.edit()','PUT',1,'admin','研发部门','/school/case','127.0.0.1','内网IP','{\"caseId\":2,\"caseName\":\"智慧城市交通解决方案合作\",\"cooperationUnit\":\"未来交通科技有限公司\",\"description\":\"本案例展示了与未来交通科技有限公司的合作，共同开发智慧城市交通解决方案。通过引入先进的传感技术和数据分析系统，我们成功缓解了城市交通拥堵问题，提高了道路通行效率，为市民提供了更加便捷、安全的出行环境。\",\"params\":{}}','{\"msg\":\"操作成功\",\"code\":200}',0,NULL,'2025-02-07 17:37:35',8),(198,'合作案例',3,'com.ruoyi.school.controller.CooperationCaseController.remove()','DELETE',1,'admin','研发部门','/school/case/4','127.0.0.1','内网IP','[4]','{\"msg\":\"操作成功\",\"code\":200}',0,NULL,'2025-02-07 17:37:41',4),(199,'合作案例',3,'com.ruoyi.school.controller.CooperationCaseController.remove()','DELETE',1,'admin','研发部门','/school/case/5','127.0.0.1','内网IP','[5]','{\"msg\":\"操作成功\",\"code\":200}',0,NULL,'2025-02-07 17:37:43',9),(200,'VR场景',2,'com.ruoyi.school.controller.VrSceneController.edit()','PUT',1,'admin','研发部门','/school/scene','127.0.0.1','内网IP','{\"caseId\":1,\"description\":\"本VR场景为用户呈现了一个高度仿真的虚拟手术室环境，通过佩戴VR设备，医学生和实习生可以在虚拟环境中进行手术操作练习，感受真实的手术氛围。场景中包含了各种手术器械和模拟患者，帮助用户熟悉手术流程，提高手术技能。\",\"fileUrl\":\"http://example.com/vr_scene.zip\",\"params\":{},\"sceneId\":1,\"sceneName\":\"虚拟手术室体验\"}','{\"msg\":\"操作成功\",\"code\":200}',0,NULL,'2025-02-07 17:38:31',15),(201,'VR场景',2,'com.ruoyi.school.controller.VrSceneController.edit()','PUT',1,'admin','研发部门','/school/scene','127.0.0.1','内网IP','{\"caseId\":2,\"description\":\"本VR场景带您走进未来智慧城市的交通管控中心，感受高科技如何助力城市交通管理。通过虚拟现实技术，您可以亲身体验智能交通系统的运作，包括实时交通监控、数据分析和自动调度等功能，展现科技如何让城市交通更加高效、安全和便捷。\",\"fileUrl\":\"http://example.com/vr_scene_traffic.zip\",\"params\":{},\"sceneId\":2,\"sceneName\":\"智能交通管控中心体验\"}','{\"msg\":\"操作成功\",\"code\":200}',0,NULL,'2025-02-07 17:39:13',7),(202,'代码生成',2,'com.ruoyi.generator.controller.GenController.editSave()','PUT',1,'admin','研发部门','/tool/gen','127.0.0.1','内网IP','{\"businessName\":\"material\",\"className\":\"VrMaterial\",\"columns\":[{\"capJavaField\":\"VrMaterialId\",\"columnComment\":\"VR素材编号\",\"columnId\":243,\"columnName\":\"vr_material_id\",\"columnType\":\"int\",\"createBy\":\"admin\",\"createTime\":\"2025-01-20 15:10:26\",\"dictType\":\"\",\"edit\":false,\"htmlType\":\"input\",\"increment\":true,\"insert\":true,\"isIncrement\":\"1\",\"isInsert\":\"1\",\"isPk\":\"1\",\"isRequired\":\"0\",\"javaField\":\"vrMaterialId\",\"javaType\":\"Long\",\"list\":false,\"params\":{},\"pk\":true,\"query\":false,\"queryType\":\"EQ\",\"required\":false,\"sort\":1,\"superColumn\":false,\"tableId\":40,\"updateBy\":\"\",\"updateTime\":\"2025-01-21 20:52:59\",\"usableColumn\":false},{\"capJavaField\":\"Name\",\"columnComment\":\"素材名称\",\"columnId\":244,\"columnName\":\"name\",\"columnType\":\"varchar(255)\",\"createBy\":\"admin\",\"createTime\":\"2025-01-20 15:10:26\",\"dictType\":\"\",\"edit\":true,\"htmlType\":\"input\",\"increment\":false,\"insert\":true,\"isEdit\":\"1\",\"isIncrement\":\"0\",\"isInsert\":\"1\",\"isList\":\"1\",\"isPk\":\"0\",\"isQuery\":\"1\",\"isRequired\":\"1\",\"javaField\":\"name\",\"javaType\":\"String\",\"list\":true,\"params\":{},\"pk\":false,\"query\":true,\"queryType\":\"LIKE\",\"required\":true,\"sort\":2,\"superColumn\":false,\"tableId\":40,\"updateBy\":\"\",\"updateTime\":\"2025-01-21 20:52:59\",\"usableColumn\":false},{\"capJavaField\":\"Category\",\"columnComment\":\"类别\",\"columnId\":245,\"columnName\":\"category\",\"columnType\":\"enum(\'文本\',\'图片\',\'动画\',\'声音和视频\',\'3D模型\',\'VR场景\')\",\"createBy\":\"admin\",\"createTime\":\"2025-01-20 15:10:26\",\"dictType\":\"\",\"edit\":true,\"increment\":false,\"insert\":true,\"isEdit\":\"1\",\"isIncrement\":\"0\",\"isInsert\":\"1\",\"isList\":\"1\",\"isPk\":\"0\",\"isQuery\":\"1\",\"isRequired\":\"1\",\"javaField\":\"category\",\"javaType\":\"String\",\"list\":true,\"params\":{},\"pk\":false,\"query\":true,\"queryType\":\"EQ\",\"required\":true,\"sort\":3,\"superColumn\":false,\"tableId\":40,\"updateBy\":\"\",\"updateTime\":\"2025-01-21 20:52:59\",\"usableColumn\":false},{\"capJavaField\":\"FileUrl\",\"columnComment\":\"文件URL\",\"columnId\":246,\"columnName\":\"file_url\",\"columnType\":\"varchar(500)\",\"createBy\":\"admin\",\"createTime\":\"2025-01-20 15:10:26\",\"dictType\":\"\",\"edit\":true,\"htmlType\":\"text','{\"msg\":\"操作成功\",\"code\":200}',0,NULL,'2025-02-07 17:40:03',23),(203,'代码生成',2,'com.ruoyi.generator.controller.GenController.editSave()','PUT',1,'admin','研发部门','/tool/gen','127.0.0.1','内网IP','{\"businessName\":\"material\",\"className\":\"VrMaterial\",\"columns\":[{\"capJavaField\":\"VrMaterialId\",\"columnComment\":\"VR素材编号\",\"columnId\":243,\"columnName\":\"vr_material_id\",\"columnType\":\"int\",\"createBy\":\"admin\",\"createTime\":\"2025-01-20 15:10:26\",\"dictType\":\"\",\"edit\":false,\"htmlType\":\"input\",\"increment\":true,\"insert\":true,\"isIncrement\":\"1\",\"isInsert\":\"1\",\"isPk\":\"1\",\"isRequired\":\"0\",\"javaField\":\"vrMaterialId\",\"javaType\":\"Long\",\"list\":false,\"params\":{},\"pk\":true,\"query\":false,\"queryType\":\"EQ\",\"required\":false,\"sort\":1,\"superColumn\":false,\"tableId\":40,\"updateBy\":\"\",\"updateTime\":\"2025-02-07 17:40:03\",\"usableColumn\":false},{\"capJavaField\":\"Name\",\"columnComment\":\"素材名称\",\"columnId\":244,\"columnName\":\"name\",\"columnType\":\"varchar(255)\",\"createBy\":\"admin\",\"createTime\":\"2025-01-20 15:10:26\",\"dictType\":\"\",\"edit\":true,\"htmlType\":\"input\",\"increment\":false,\"insert\":true,\"isEdit\":\"1\",\"isIncrement\":\"0\",\"isInsert\":\"1\",\"isList\":\"1\",\"isPk\":\"0\",\"isQuery\":\"1\",\"isRequired\":\"1\",\"javaField\":\"name\",\"javaType\":\"String\",\"list\":true,\"params\":{},\"pk\":false,\"query\":true,\"queryType\":\"LIKE\",\"required\":true,\"sort\":2,\"superColumn\":false,\"tableId\":40,\"updateBy\":\"\",\"updateTime\":\"2025-02-07 17:40:03\",\"usableColumn\":false},{\"capJavaField\":\"Category\",\"columnComment\":\"类别\",\"columnId\":245,\"columnName\":\"category\",\"columnType\":\"enum(\'文本\',\'图片\',\'动画\',\'声音和视频\',\'3D模型\',\'VR场景\')\",\"createBy\":\"admin\",\"createTime\":\"2025-01-20 15:10:26\",\"dictType\":\"\",\"edit\":true,\"htmlType\":\"input\",\"increment\":false,\"insert\":true,\"isEdit\":\"1\",\"isIncrement\":\"0\",\"isInsert\":\"1\",\"isList\":\"1\",\"isPk\":\"0\",\"isQuery\":\"1\",\"isRequired\":\"1\",\"javaField\":\"category\",\"javaType\":\"String\",\"list\":true,\"params\":{},\"pk\":false,\"query\":true,\"queryType\":\"EQ\",\"required\":true,\"sort\":3,\"superColumn\":false,\"tableId\":40,\"updateBy\":\"\",\"updateTime\":\"2025-02-07 17:40:03\",\"usableColumn\":false},{\"capJavaField\":\"FileUrl\",\"columnComment\":\"文件URL\",\"columnId\":246,\"columnName\":\"file_url\",\"columnType\":\"varchar(500)\",\"createBy\":\"admin\",\"createTime\":\"2025-01-20 15:10:26\",\"dictType\":\"\",\"edit\":tr','{\"msg\":\"操作成功\",\"code\":200}',0,NULL,'2025-02-07 17:42:31',36),(204,'VR素材',2,'com.ruoyi.school.controller.VrMaterialController.edit()','PUT',1,'admin','研发部门','/school/material','127.0.0.1','内网IP','{\"category\":\"文本\",\"description\":\"本VR素材包含高精度的手术器械模型，适用于虚拟手术室场景。这些模型细节丰富，质感逼真，能够为用户提供近乎真实的手术操作体验。通过集成到VR环境中，医学生和实习医生可以在安全的环境中练习手术技巧，熟悉各种手术器械的使用。\",\"fileUrl\":\"http://example.com/vr_materials_surgery.zip\",\"name\":\"手术器械模型\",\"params\":{},\"sceneId\":1,\"vrMaterialId\":1}','{\"msg\":\"操作成功\",\"code\":200}',0,NULL,'2025-02-07 17:47:01',13),(205,'VR素材',2,'com.ruoyi.school.controller.VrMaterialController.edit()','PUT',1,'admin','研发部门','/school/material','127.0.0.1','内网IP','{\"category\":\"文本\",\"description\":\"本VR素材精心设计了一套智能交通管控中心的监控大屏界面，为用户提供沉浸式的虚拟现实体验。界面中包含了实时交通流量图、事故报警点、路况信息等关键数据展示，帮助用户更好地理解和学习智能交通系统的运作原理和功能布局。通过与VR场景的结合，使用户仿佛置身于真实的交通管控中心之中。\",\"fileUrl\":\"http://example.com/vr_materials_traffic_monitor.zip\",\"name\":\"交通监控大屏界面\",\"params\":{},\"sceneId\":2,\"vrMaterialId\":2}','{\"msg\":\"操作成功\",\"code\":200}',0,NULL,'2025-02-07 17:47:55',7),(206,'AR内容',2,'com.ruoyi.ar.controller.ArContentController.edit()','PUT',1,'admin','研发部门','/ar/content','127.0.0.1','内网IP','{\"arContentId\":8,\"category\":\"视频\",\"description\":\"基于AR技术的互动教育应用。\",\"fileUrl\":\"http://example.com/ar_education\",\"name\":\"增强现实教育\",\"params\":{},\"qrCodeId\":5,\"usageStatus\":\"1\"}','{\"msg\":\"操作成功\",\"code\":200}',0,NULL,'2025-02-07 17:51:03',13),(207,'AR内容',3,'com.ruoyi.ar.controller.ArContentController.remove()','DELETE',1,'admin','研发部门','/ar/content/8','127.0.0.1','内网IP','[8]','{\"msg\":\"存在正在使用的AR内容，无法删除\",\"code\":500}',0,NULL,'2025-02-07 17:51:07',2),(208,'AR内容',1,'com.ruoyi.ar.controller.ArContentController.add()','POST',1,'admin','研发部门','/ar/content','127.0.0.1','内网IP','{\"arContentId\":12,\"category\":\"纯文本\",\"description\":\"test\",\"fileUrl\":\"1\",\"name\":\"test\",\"params\":{}}','{\"msg\":\"操作成功\",\"code\":200}',0,NULL,'2025-02-07 17:51:25',12),(209,'AR内容',3,'com.ruoyi.ar.controller.ArContentController.remove()','DELETE',1,'admin','研发部门','/ar/content/12','127.0.0.1','内网IP','[12]','{\"msg\":\"操作成功\",\"code\":200}',0,NULL,'2025-02-07 17:51:33',6),(210,'二维码',3,'com.ruoyi.ar.controller.QrCodeController.remove()','DELETE',1,'admin','研发部门','/ar/code/4','127.0.0.1','内网IP','[4]','{\"msg\":\"存在正在使用的二维码，无法删除\",\"code\":500}',0,NULL,'2025-02-07 17:51:40',3),(211,'沙盘分区',2,'com.ruoyi.ar.controller.SandboxZoneController.edit()','PUT',1,'admin','研发部门','/ar/zone','127.0.0.1','内网IP','{\"description\":\"这是一个用于模拟和测试各种工业过程的沙盘分区。通过这个沙盘，我们可以更好地理解和优化生产流程，提高生产效率。\",\"factoryId\":1,\"name\":\"生产沙盘\",\"params\":{},\"qrCodeId\":4,\"zoneId\":5}','{\"msg\":\"操作成功\",\"code\":200}',0,NULL,'2025-02-07 17:52:35',4),(212,'设备',2,'com.ruoyi.ar.controller.DeviceController.edit()','PUT',1,'admin','研发部门','/ar/device','127.0.0.1','内网IP','{\"description\":\"高效离心泵是一种用于液体输送的设备，广泛应用于化工、制药和食品加工等行业。它具有高效、节能、运行稳定等特点。\",\"deviceNumber\":15,\"factoryNumber\":\"2\",\"name\":\"高效离心泵\",\"params\":{},\"qrCodeNumber\":\"4\",\"status\":\"1\"}','{\"msg\":\"操作成功\",\"code\":200}',0,NULL,'2025-02-07 17:52:53',4),(213,'设备',2,'com.ruoyi.ar.controller.DeviceController.edit()','PUT',1,'admin','研发部门','/ar/device','127.0.0.1','内网IP','{\"description\":\"高效离心泵是一种用于液体输送的设备，广泛应用于化工、制药和食品加工等行业。它具有高效、节能、运行稳定等特点。\",\"deviceNumber\":15,\"factoryNumber\":\"2\",\"name\":\"高效离心泵\",\"params\":{},\"qrCodeNumber\":\"4\",\"status\":\"1\"}','{\"msg\":\"操作成功\",\"code\":200}',0,NULL,'2025-02-07 17:52:59',3),(214,'设备',2,'com.ruoyi.ar.controller.DeviceController.edit()','PUT',1,'admin','研发部门','/ar/device','127.0.0.1','内网IP','{\"description\":\"自动化装配线是一种用于大规模生产的设备，能够自动完成产品的组装、检测和包装等工序。它具有高效、精准、稳定等特点。\",\"deviceNumber\":16,\"factoryNumber\":\"5\",\"name\":\"自动化装配线\",\"params\":{},\"qrCodeNumber\":\"5\",\"status\":\"0\"}','{\"msg\":\"操作成功\",\"code\":200}',0,NULL,'2025-02-07 17:53:04',4),(215,'设备',2,'com.ruoyi.ar.controller.DeviceController.edit()','PUT',1,'admin','研发部门','/ar/device','127.0.0.1','内网IP','{\"description\":\"高效离心泵是一种用于液体输送的设备，广泛应用于化工、制药和食品加工等行业。它具有高效、节能、运行稳定等特点。\",\"deviceNumber\":15,\"factoryNumber\":\"2\",\"name\":\"高效离心泵\",\"params\":{},\"qrCodeNumber\":\"5\",\"status\":\"1\"}','{\"msg\":\"操作成功\",\"code\":200}',0,NULL,'2025-02-07 17:53:18',14),(216,'设备',2,'com.ruoyi.ar.controller.DeviceController.edit()','PUT',1,'admin','研发部门','/ar/device','127.0.0.1','内网IP','{\"description\":\"高效离心泵是一种用于液体输送的设备，广泛应用于化工、制药和食品加工等行业。它具有高效、节能、运行稳定等特点。\",\"deviceNumber\":15,\"factoryNumber\":\"2\",\"name\":\"高效离心泵\",\"params\":{},\"qrCodeNumber\":\"5\",\"status\":\"1\"}','{\"msg\":\"操作成功\",\"code\":200}',0,NULL,'2025-02-07 17:53:23',2),(217,'设备',2,'com.ruoyi.ar.controller.DeviceController.edit()','PUT',1,'admin','研发部门','/ar/device','127.0.0.1','内网IP','{\"description\":\"高效离心泵是一种用于液体输送的设备，广泛应用于化工、制药和食品加工等行业。它具有高效、节能、运行稳定等特点。\",\"deviceNumber\":15,\"factoryNumber\":\"2\",\"name\":\"高效离心泵\",\"params\":{},\"qrCodeNumber\":\"4\",\"status\":\"1\"}','{\"msg\":\"操作成功\",\"code\":200}',0,NULL,'2025-02-07 17:54:32',11),(218,'设备',2,'com.ruoyi.ar.controller.DeviceController.edit()','PUT',1,'admin','研发部门','/ar/device','127.0.0.1','内网IP','{\"description\":\"高效离心泵是一种用于液体输送的设备，广泛应用于化工、制药和食品加工等行业。它具有高效、节能、运行稳定等特点。\",\"deviceNumber\":15,\"factoryNumber\":\"2\",\"name\":\"高效离心泵\",\"params\":{},\"qrCodeNumber\":\"4\",\"status\":\"1\"}','{\"msg\":\"操作成功\",\"code\":200}',0,NULL,'2025-02-07 17:54:39',5),(219,'二维码',2,'com.ruoyi.ar.controller.QrCodeController.edit()','PUT',1,'admin','研发部门','/ar/code','127.0.0.1','内网IP','{\"params\":{},\"qrCode\":\"https://schoolworkweb.oss-cn-beijing.aliyuncs.com/school-images/2025/02/07/67a58442555494c5a76e8776.png\",\"qrCodeId\":4,\"qrCodeName\":\"建模\",\"usageStatus\":\"0\"}','{\"msg\":\"操作成功\",\"code\":200}',0,NULL,'2025-02-07 17:54:57',7),(220,'二维码',2,'com.ruoyi.ar.controller.QrCodeController.edit()','PUT',1,'admin','研发部门','/ar/code','127.0.0.1','内网IP','{\"params\":{},\"qrCode\":\"https://schoolworkweb.oss-cn-beijing.aliyuncs.com/school-images/2025/02/07/67a5bb28555497ab2a1d23a8.png\",\"qrCodeId\":5,\"qrCodeName\":\"游戏\",\"usageStatus\":\"0\"}','{\"msg\":\"操作成功\",\"code\":200}',0,NULL,'2025-02-07 17:55:01',5),(221,'二维码',3,'com.ruoyi.ar.controller.QrCodeController.remove()','DELETE',1,'admin','研发部门','/ar/code/4','127.0.0.1','内网IP','[4]',NULL,1,'\r\n### Error updating database.  Cause: java.sql.SQLIntegrityConstraintViolationException: Cannot delete or update a parent row: a foreign key constraint fails (`ry-vue`.`device`, CONSTRAINT `device_ibfk_1` FOREIGN KEY (`qr_code_number`) REFERENCES `qr_code` (`qr_code_id`) ON DELETE RESTRICT ON UPDATE RESTRICT)\r\n### The error may exist in file [D:\\Project\\Java\\IdeaProjects\\22222\\ruoyi-admin\\target\\classes\\mapper\\ar\\QrCodeMapper.xml]\r\n### The error may involve com.ruoyi.ar.mapper.QrCodeMapper.deleteQrCodeByQrCodeIds-Inline\r\n### The error occurred while setting parameters\r\n### SQL: delete from qr_code where qr_code_id in           (               ?          )\r\n### Cause: java.sql.SQLIntegrityConstraintViolationException: Cannot delete or update a parent row: a foreign key constraint fails (`ry-vue`.`device`, CONSTRAINT `device_ibfk_1` FOREIGN KEY (`qr_code_number`) REFERENCES `qr_code` (`qr_code_id`) ON DELETE RESTRICT ON UPDATE RESTRICT)\n; Cannot delete or update a parent row: a foreign key constraint fails (`ry-vue`.`device`, CONSTRAINT `device_ibfk_1` FOREIGN KEY (`qr_code_number`) REFERENCES `qr_code` (`qr_code_id`) ON DELETE RESTRICT ON UPDATE RESTRICT); nested exception is java.sql.SQLIntegrityConstraintViolationException: Cannot delete or update a parent row: a foreign key constraint fails (`ry-vue`.`device`, CONSTRAINT `device_ibfk_1` FOREIGN KEY (`qr_code_number`) REFERENCES `qr_code` (`qr_code_id`) ON DELETE RESTRICT ON UPDATE RESTRICT)','2025-02-07 17:55:05',11),(222,'设备',2,'com.ruoyi.ar.controller.DeviceController.edit()','PUT',1,'admin','研发部门','/ar/device','127.0.0.1','内网IP','{\"description\":\"高效离心泵是一种用于液体输送的设备，广泛应用于化工、制药和食品加工等行业。它具有高效、节能、运行稳定等特点。\",\"deviceNumber\":15,\"factoryNumber\":\"2\",\"name\":\"高效离心泵\",\"params\":{},\"qrCodeNumber\":\"\",\"status\":\"1\"}',NULL,1,'\r\n### Error updating database.  Cause: java.sql.SQLException: Incorrect integer value: \'\' for column \'qr_code_number\' at row 1\r\n### The error may exist in file [D:\\Project\\Java\\IdeaProjects\\22222\\ruoyi-admin\\target\\classes\\mapper\\ar\\DeviceMapper.xml]\r\n### The error may involve com.ruoyi.ar.mapper.DeviceMapper.updateDevice-Inline\r\n### The error occurred while setting parameters\r\n### SQL: update device          SET name = ?,             description = ?,             status = ?,             qr_code_number = ?,             factory_number = ?          where device_number = ?\r\n### Cause: java.sql.SQLException: Incorrect integer value: \'\' for column \'qr_code_number\' at row 1\n; uncategorized SQLException; SQL state [HY000]; error code [1366]; Incorrect integer value: \'\' for column \'qr_code_number\' at row 1; nested exception is java.sql.SQLException: Incorrect integer value: \'\' for column \'qr_code_number\' at row 1','2025-02-07 17:56:26',4),(223,'设备',2,'com.ruoyi.ar.controller.DeviceController.edit()','PUT',1,'admin','研发部门','/ar/device','127.0.0.1','内网IP','{\"description\":\"高效离心泵是一种用于液体输送的设备，广泛应用于化工、制药和食品加工等行业。它具有高效、节能、运行稳定等特点。\",\"deviceNumber\":15,\"factoryNumber\":\"2\",\"name\":\"高效离心泵\",\"params\":{},\"qrCodeNumber\":\"\",\"status\":\"1\"}',NULL,1,'\r\n### Error updating database.  Cause: java.sql.SQLException: Incorrect integer value: \'\' for column \'qr_code_number\' at row 1\r\n### The error may exist in file [D:\\Project\\Java\\IdeaProjects\\22222\\ruoyi-admin\\target\\classes\\mapper\\ar\\DeviceMapper.xml]\r\n### The error may involve com.ruoyi.ar.mapper.DeviceMapper.updateDevice-Inline\r\n### The error occurred while setting parameters\r\n### SQL: update device          SET name = ?,             description = ?,             status = ?,             qr_code_number = ?,             factory_number = ?          where device_number = ?\r\n### Cause: java.sql.SQLException: Incorrect integer value: \'\' for column \'qr_code_number\' at row 1\n; uncategorized SQLException; SQL state [HY000]; error code [1366]; Incorrect integer value: \'\' for column \'qr_code_number\' at row 1; nested exception is java.sql.SQLException: Incorrect integer value: \'\' for column \'qr_code_number\' at row 1','2025-02-07 17:56:28',2),(224,'设备',2,'com.ruoyi.ar.controller.DeviceController.edit()','PUT',1,'admin','研发部门','/ar/device','127.0.0.1','内网IP','{\"description\":\"高效离心泵是一种用于液体输送的设备，广泛应用于化工、制药和食品加工等行业。它具有高效、节能、运行稳定等特点。\",\"deviceNumber\":15,\"factoryNumber\":\"2\",\"name\":\"高效离心泵\",\"params\":{},\"qrCodeNumber\":\"\",\"status\":\"1\"}',NULL,1,'\r\n### Error updating database.  Cause: java.sql.SQLException: Incorrect integer value: \'\' for column \'qr_code_number\' at row 1\r\n### The error may exist in file [D:\\Project\\Java\\IdeaProjects\\22222\\ruoyi-admin\\target\\classes\\mapper\\ar\\DeviceMapper.xml]\r\n### The error may involve com.ruoyi.ar.mapper.DeviceMapper.updateDevice-Inline\r\n### The error occurred while setting parameters\r\n### SQL: update device          SET name = ?,             description = ?,             status = ?,             qr_code_number = ?,             factory_number = ?          where device_number = ?\r\n### Cause: java.sql.SQLException: Incorrect integer value: \'\' for column \'qr_code_number\' at row 1\n; uncategorized SQLException; SQL state [HY000]; error code [1366]; Incorrect integer value: \'\' for column \'qr_code_number\' at row 1; nested exception is java.sql.SQLException: Incorrect integer value: \'\' for column \'qr_code_number\' at row 1','2025-02-07 17:59:27',4),(225,'设备',2,'com.ruoyi.ar.controller.DeviceController.edit()','PUT',1,'admin','研发部门','/ar/device','127.0.0.1','内网IP','{\"description\":\"高效离心泵是一种用于液体输送的设备，广泛应用于化工、制药和食品加工等行业。它具有高效、节能、运行稳定等特点。\",\"deviceNumber\":15,\"factoryNumber\":\"2\",\"name\":\"高效离心泵\",\"params\":{},\"qrCodeNumber\":\"\",\"status\":\"1\"}',NULL,1,'\r\n### Error updating database.  Cause: java.sql.SQLException: Incorrect integer value: \'\' for column \'qr_code_number\' at row 1\r\n### The error may exist in file [D:\\Project\\Java\\IdeaProjects\\22222\\ruoyi-admin\\target\\classes\\mapper\\ar\\DeviceMapper.xml]\r\n### The error may involve com.ruoyi.ar.mapper.DeviceMapper.updateDevice-Inline\r\n### The error occurred while setting parameters\r\n### SQL: update device          SET name = ?,             description = ?,             status = ?,             qr_code_number = ?,             factory_number = ?          where device_number = ?\r\n### Cause: java.sql.SQLException: Incorrect integer value: \'\' for column \'qr_code_number\' at row 1\n; uncategorized SQLException; SQL state [HY000]; error code [1366]; Incorrect integer value: \'\' for column \'qr_code_number\' at row 1; nested exception is java.sql.SQLException: Incorrect integer value: \'\' for column \'qr_code_number\' at row 1','2025-02-07 17:59:33',3),(226,'AR内容',3,'com.ruoyi.ar.controller.ArContentController.remove()','DELETE',1,'admin','研发部门','/ar/content/7','127.0.0.1','内网IP','[7]','{\"msg\":\"存在正在使用的AR内容，无法删除\",\"code\":500}',0,NULL,'2025-02-07 18:01:23',2),(227,'AR内容',2,'com.ruoyi.ar.controller.ArContentController.edit()','PUT',1,'admin','研发部门','/ar/content','127.0.0.1','内网IP','{\"arContentId\":9,\"category\":\"图文\",\"description\":\"用于创建3D模型的专业软件。\",\"fileUrl\":\"http://example.com/3d_modeling\",\"name\":\"3D建模软件\",\"params\":{},\"qrCodeId\":5,\"usageStatus\":\"0\"}','{\"msg\":\"操作成功\",\"code\":200}',0,NULL,'2025-02-07 18:01:31',12),(228,'AR内容',2,'com.ruoyi.ar.controller.ArContentController.edit()','PUT',1,'admin','研发部门','/ar/content','127.0.0.1','内网IP','{\"arContentId\":9,\"category\":\"图文\",\"description\":\"用于创建3D模型的专业软件。\",\"fileUrl\":\"http://example.com/3d_modeling\",\"name\":\"3D建模软件\",\"params\":{},\"qrCodeId\":4,\"usageStatus\":\"0\"}','{\"msg\":\"操作成功\",\"code\":200}',0,NULL,'2025-02-07 18:01:36',5),(229,'二维码',2,'com.ruoyi.ar.controller.QrCodeController.edit()','PUT',1,'admin','研发部门','/ar/code','127.0.0.1','内网IP','{\"params\":{},\"qrCode\":\"https://schoolworkweb.oss-cn-beijing.aliyuncs.com/school-images/2025/02/07/67a58442555494c5a76e8776.png\",\"qrCodeId\":4,\"qrCodeName\":\"建模\",\"usageStatus\":\"1\"}','{\"msg\":\"操作成功\",\"code\":200}',0,NULL,'2025-02-07 18:01:45',6),(230,'载体',2,'com.ruoyi.vr.controller.VrCarrierController.edit()','PUT',1,'admin','研发部门','/vr/carrier','127.0.0.1','内网IP','{\"carrierId\":6,\"carrierName\":\"科技主题\",\"carrierType\":1,\"exhibitZoneId\":2,\"params\":{},\"specifications\":\"300cm*200cm\",\"status\":\"1\"}','{\"msg\":\"操作成功\",\"code\":200}',0,NULL,'2025-02-07 18:02:06',6),(231,'设备',2,'com.ruoyi.ar.controller.DeviceController.edit()','PUT',1,'admin','研发部门','/ar/device','127.0.0.1','内网IP','{\"description\":\"高效离心泵是一种用于液体输送的设备，广泛应用于化工、制药和食品加工等行业。它具有高效、节能、运行稳定等特点。\",\"deviceNumber\":15,\"factoryNumber\":\"2\",\"name\":\"高效离心泵\",\"params\":{},\"qrCodeNumber\":\"\",\"status\":\"\"}','{\"msg\":\"操作成功\",\"code\":200}',0,NULL,'2025-02-08 16:32:23',15),(232,'材料信息',1,'com.ruoyi.ar.controller.MaterialController.add()','POST',1,'admin','研发部门','/ar/material','127.0.0.1','内网IP','{\"materialDescription\":\"Q235是一种常用的碳素结构钢，具有良好的塑性和焊接性，广泛应用于建筑、桥梁、车辆等领域。\",\"materialModel\":\"Q235\",\"materialName\":\"钢材\",\"params\":{},\"warehouseZoneId\":5}','{\"msg\":\"操作成功\",\"code\":200}',0,NULL,'2025-02-08 16:45:53',27),(233,'材料信息',1,'com.ruoyi.ar.controller.MaterialController.add()','POST',1,'admin','研发部门','/ar/material','127.0.0.1','内网IP','{\"materialDescription\":\"6061铝合金是一种常用的热处理型铝合金，具有良好的耐腐蚀性、加工性和焊接性，常用于制造航空、航天、交通等领域的零部件。\",\"materialModel\":\"6061\",\"materialName\":\"铝合金\",\"params\":{},\"warehouseZoneId\":6}','{\"msg\":\"操作成功\",\"code\":200}',0,NULL,'2025-02-08 16:46:18',14),(234,'材料出入库单',2,'com.ruoyi.ar.controller.MaterialTransactionController.edit()','PUT',1,'admin','研发部门','/ar/materialTransaction','127.0.0.1','内网IP','{\"materialTransactionDetailList\":[{\"materialId\":10,\"params\":{},\"quantity\":1,\"transactionDate\":\"2025-02-01\",\"transactionId\":1}],\"operatorName\":\"张三\",\"params\":{},\"transactionId\":1,\"transactionType\":1,\"warehouseAdminName\":\"李五\"}','{\"msg\":\"操作成功\",\"code\":200}',0,NULL,'2025-02-08 16:46:49',38),(235,'设备',2,'com.ruoyi.ar.controller.DeviceController.edit()','PUT',1,'admin','研发部门','/ar/device','127.0.0.1','内网IP','{\"description\":\"自动化装配线是一种用于大规模生产的设备，能够自动完成产品的组装、检测和包装等工序。它具有高效、精准、稳定等特点。\",\"deviceNumber\":16,\"factoryNumber\":\"5\",\"name\":\"自动化装配线\",\"params\":{},\"qrCodeNumber\":\"4\",\"status\":\"0\"}','{\"msg\":\"操作成功\",\"code\":200}',0,NULL,'2025-02-08 18:18:37',21),(236,'设备',2,'com.ruoyi.ar.controller.DeviceController.edit()','PUT',1,'admin','研发部门','/ar/device','127.0.0.1','内网IP','{\"description\":\"自动化装配线是一种用于大规模生产的设备，能够自动完成产品的组装、检测和包装等工序。它具有高效、精准、稳定等特点。\",\"deviceNumber\":16,\"factoryNumber\":\"5\",\"name\":\"自动化装配线\",\"params\":{},\"qrCodeNumber\":\"\",\"status\":\"0\"}','{\"msg\":\"操作成功\",\"code\":200}',0,NULL,'2025-02-08 18:18:41',8),(237,'设备',2,'com.ruoyi.ar.controller.DeviceController.edit()','PUT',1,'admin','研发部门','/ar/device','127.0.0.1','内网IP','{\"description\":\"自动化装配线是一种用于大规模生产的设备，能够自动完成产品的组装、检测和包装等工序。它具有高效、精准、稳定等特点。\",\"deviceNumber\":16,\"factoryNumber\":\"5\",\"name\":\"自动化装配线\",\"params\":{},\"qrCodeNumber\":\"4\",\"status\":\"1\"}','{\"msg\":\"操作成功\",\"code\":200}',0,NULL,'2025-02-08 18:18:52',10),(238,'材料出入库单',1,'com.ruoyi.ar.controller.MaterialTransactionController.add()','POST',1,'admin','研发部门','/ar/materialTransaction','127.0.0.1','内网IP','{\"materialTransactionDetailList\":[],\"operatorName\":\"吴工\",\"params\":{},\"transactionId\":2,\"transactionType\":0,\"warehouseAdminName\":\"李华\"}','{\"msg\":\"操作成功\",\"code\":200}',0,NULL,'2025-02-10 09:11:54',21),(239,'材料出入库单',1,'com.ruoyi.ar.controller.MaterialTransactionController.add()','POST',1,'admin','研发部门','/ar/materialTransaction','127.0.0.1','内网IP','{\"materialTransactionDetailList\":[],\"operatorName\":\"董明\",\"params\":{},\"transactionId\":3,\"transactionType\":1,\"warehouseAdminName\":\"钟湖\"}','{\"msg\":\"操作成功\",\"code\":200}',0,NULL,'2025-02-10 09:13:40',184),(240,'供应批次',1,'com.ruoyi.ar.controller.SupplyBatchController.add()','POST',1,'admin','研发部门','/ar/supplyBatch','127.0.0.1','内网IP','{\"manufacturer\":\"上海石化\",\"materialId\":10,\"params\":{},\"productionDate\":\"2024-12-10\",\"quantity\":1000,\"shelfLife\":24,\"unit\":\"kg\"}','{\"msg\":\"操作成功\",\"code\":200}',0,NULL,'2025-02-10 09:21:28',18),(241,'供应批次',2,'com.ruoyi.ar.controller.SupplyBatchController.edit()','PUT',1,'admin','研发部门','/ar/supplyBatch','127.0.0.1','内网IP','{\"batchId\":1,\"manufacturer\":\"上海石化\",\"materialId\":10,\"params\":{},\"productionDate\":\"2024-12-10\",\"quantity\":1000,\"shelfLife\":\"24个月\",\"unit\":\"kg\"}','{\"msg\":\"操作成功\",\"code\":200}',0,NULL,'2025-02-10 09:30:14',35),(242,'产品信息',1,'com.ruoyi.ar.controller.ProductController.add()','POST',1,'admin','研发部门','/ar/product','127.0.0.1','内网IP','{\"params\":{},\"productDescription\":\"这是一款集健康监测、运动追踪、消息提醒于一体的智能手环，适用于各种场合佩戴。\",\"productModel\":\"SW12345\",\"productName\":\"智能手环\",\"warehouseZoneId\":5}','{\"msg\":\"操作成功\",\"code\":200}',0,NULL,'2025-02-10 09:37:11',27),(243,'产品出入库单',2,'com.ruoyi.ar.controller.ProductTransactionController.edit()','PUT',1,'admin','研发部门','/ar/productTransaction','127.0.0.1','内网IP','{\"operatorName\":\"李二\",\"params\":{},\"productTransactionDetailList\":[{\"params\":{},\"productId\":4,\"quantity\":2,\"transactionDate\":\"2025-02-11\",\"transactionId\":1}],\"transactionId\":1,\"transactionType\":1,\"warehouseAdminName\":\"王五\"}','{\"msg\":\"操作成功\",\"code\":200}',0,NULL,'2025-02-10 09:43:12',50),(244,'产品出入库单',2,'com.ruoyi.ar.controller.ProductTransactionController.edit()','PUT',1,'admin','研发部门','/ar/productTransaction','127.0.0.1','内网IP','{\"operatorName\":\"李二\",\"params\":{},\"productTransactionDetailList\":[],\"transactionId\":1,\"transactionType\":1,\"warehouseAdminName\":\"王五\"}','{\"msg\":\"操作成功\",\"code\":200}',0,NULL,'2025-02-10 09:48:28',14),(245,'产品出入库单',2,'com.ruoyi.ar.controller.ProductTransactionController.edit()','PUT',1,'admin','研发部门','/ar/productTransaction','127.0.0.1','内网IP','{\"operatorName\":\"李二\",\"params\":{},\"productTransactionDetailList\":[{\"params\":{},\"productId\":4,\"quantity\":1,\"transactionDate\":\"2024-12-10\",\"transactionId\":1}],\"transactionId\":1,\"transactionType\":0,\"warehouseAdminName\":\"王五\"}','{\"msg\":\"操作成功\",\"code\":200}',0,NULL,'2025-02-10 10:04:12',16),(246,'代码生成',6,'com.ruoyi.generator.controller.GenController.importTableSave()','POST',1,'admin','研发部门','/tool/gen/importTable','127.0.0.1','内网IP','{\"tables\":\"material_inventory\"}','{\"msg\":\"操作成功\",\"code\":200}',0,NULL,'2025-02-10 11:53:44',347),(247,'代码生成',2,'com.ruoyi.generator.controller.GenController.synchDb()','GET',1,'admin','研发部门','/tool/gen/synchDb/material_inventory','127.0.0.1','内网IP','{}',NULL,1,'同步数据失败，原表结构不存在','2025-02-10 11:54:36',23),(248,'代码生成',3,'com.ruoyi.generator.controller.GenController.remove()','DELETE',1,'admin','研发部门','/tool/gen/42','127.0.0.1','内网IP','[42]','{\"msg\":\"操作成功\",\"code\":200}',0,NULL,'2025-02-10 11:54:41',22),(249,'代码生成',6,'com.ruoyi.generator.controller.GenController.importTableSave()','POST',1,'admin','研发部门','/tool/gen/importTable','127.0.0.1','内网IP','{\"tables\":\"product_inventory\"}','{\"msg\":\"操作成功\",\"code\":200}',0,NULL,'2025-02-10 11:54:45',28),(250,'代码生成',2,'com.ruoyi.generator.controller.GenController.editSave()','PUT',1,'admin','研发部门','/tool/gen','127.0.0.1','内网IP','{\"businessName\":\"inventory\",\"className\":\"ProductInventory\",\"columns\":[{\"capJavaField\":\"ProductId\",\"columnComment\":\"产品id\",\"columnId\":263,\"columnName\":\"product_id\",\"columnType\":\"bigint\",\"createBy\":\"admin\",\"createTime\":\"2025-02-10 11:54:45\",\"dictType\":\"\",\"edit\":false,\"htmlType\":\"input\",\"increment\":false,\"insert\":false,\"isIncrement\":\"0\",\"isInsert\":\"0\",\"isList\":\"1\",\"isPk\":\"1\",\"isQuery\":\"1\",\"isRequired\":\"1\",\"javaField\":\"productId\",\"javaType\":\"Long\",\"list\":true,\"params\":{},\"pk\":true,\"query\":true,\"queryType\":\"EQ\",\"required\":true,\"sort\":1,\"superColumn\":false,\"tableId\":43,\"updateBy\":\"\",\"usableColumn\":false},{\"capJavaField\":\"StockAmount\",\"columnComment\":\"产品库存量\",\"columnId\":264,\"columnName\":\"stock_amount\",\"columnType\":\"int\",\"createBy\":\"admin\",\"createTime\":\"2025-02-10 11:54:45\",\"dictType\":\"\",\"edit\":true,\"htmlType\":\"input\",\"increment\":false,\"insert\":true,\"isEdit\":\"1\",\"isIncrement\":\"0\",\"isInsert\":\"1\",\"isList\":\"1\",\"isPk\":\"0\",\"isQuery\":\"1\",\"isRequired\":\"1\",\"javaField\":\"stockAmount\",\"javaType\":\"Long\",\"list\":true,\"params\":{},\"pk\":false,\"query\":true,\"queryType\":\"EQ\",\"required\":true,\"sort\":2,\"superColumn\":false,\"tableId\":43,\"updateBy\":\"\",\"usableColumn\":false}],\"crud\":true,\"functionAuthor\":\"lazy\",\"functionName\":\"产品库存\",\"genPath\":\"/\",\"genType\":\"0\",\"moduleName\":\"system\",\"options\":\"{}\",\"packageName\":\"com.ruoyi.system\",\"params\":{},\"sub\":false,\"tableComment\":\"产品库存\",\"tableId\":43,\"tableName\":\"product_inventory\",\"tplCategory\":\"crud\",\"tplWebType\":\"element-ui\",\"tree\":false}','{\"msg\":\"操作成功\",\"code\":200}',0,NULL,'2025-02-10 11:56:22',48),(251,'代码生成',8,'com.ruoyi.generator.controller.GenController.batchGenCode()','GET',1,'admin','研发部门','/tool/gen/batchGenCode','127.0.0.1','内网IP','{\"tables\":\"product_inventory\"}',NULL,0,NULL,'2025-02-10 11:56:38',93),(252,'材料出入库单',2,'com.ruoyi.ar.controller.MaterialTransactionController.edit()','PUT',1,'admin','研发部门','/ar/materialTransaction','127.0.0.1','内网IP','{\"materialTransactionDetailList\":[{\"materialId\":10,\"params\":{},\"quantity\":1,\"transactionDate\":\"2025-02-01\",\"transactionId\":1},{\"materialId\":11,\"params\":{},\"quantity\":2,\"transactionDate\":\"2025-02-10\",\"transactionId\":1}],\"operatorName\":\"张三\",\"params\":{},\"transactionId\":1,\"transactionType\":1,\"warehouseAdminName\":\"李五\"}','{\"msg\":\"操作成功\",\"code\":200}',0,NULL,'2025-02-10 14:25:14',132),(253,'材料出入库单',2,'com.ruoyi.ar.controller.MaterialTransactionController.edit()','PUT',1,'admin','研发部门','/ar/materialTransaction','127.0.0.1','内网IP','{\"materialTransactionDetailList\":[{\"materialId\":10,\"params\":{},\"quantity\":1,\"transactionDate\":\"2025-02-01\",\"transactionId\":1},{\"materialId\":10,\"params\":{},\"quantity\":2,\"transactionDate\":\"2025-02-10\",\"transactionId\":1}],\"operatorName\":\"张三\",\"params\":{},\"transactionId\":1,\"transactionType\":1,\"warehouseAdminName\":\"李五\"}','{\"msg\":\"操作成功\",\"code\":200}',0,NULL,'2025-02-10 14:27:26',23),(254,'产品出入库单',2,'com.ruoyi.ar.controller.ProductTransactionController.edit()','PUT',1,'admin','研发部门','/ar/productTransaction','127.0.0.1','内网IP','{\"operatorName\":\"李二\",\"params\":{},\"productTransactionDetailList\":[{\"params\":{},\"productId\":4,\"quantity\":1,\"transactionDate\":\"2024-12-10\",\"transactionId\":1}],\"transactionId\":1,\"transactionType\":0,\"warehouseAdminName\":\"王五\"}','{\"msg\":\"操作成功\",\"code\":200}',0,NULL,'2025-02-10 15:05:51',197),(255,'材料出入库单',2,'com.ruoyi.ar.controller.MaterialTransactionController.edit()','PUT',1,'admin','研发部门','/ar/materialTransaction','127.0.0.1','内网IP','{\"materialTransactionDetailList\":[{\"materialId\":11,\"params\":{},\"quantity\":10000,\"transactionDate\":\"2025-02-10\",\"transactionId\":2}],\"operatorName\":\"吴工\",\"params\":{},\"transactionId\":2,\"transactionType\":0,\"warehouseAdminName\":\"李华\"}','{\"msg\":\"操作成功\",\"code\":200}',0,NULL,'2025-02-10 15:12:19',193),(256,'材料出入库单',2,'com.ruoyi.ar.controller.MaterialTransactionController.edit()','PUT',1,'admin','研发部门','/ar/materialTransaction','127.0.0.1','内网IP','{\"materialTransactionDetailList\":[{\"materialId\":11,\"params\":{},\"quantity\":50,\"transactionDate\":\"2025-02-03\",\"transactionId\":3}],\"operatorName\":\"董明\",\"params\":{},\"transactionId\":3,\"transactionType\":1,\"warehouseAdminName\":\"钟湖\"}','{\"msg\":\"操作成功\",\"code\":200}',0,NULL,'2025-02-10 15:15:15',15),(257,'载体',1,'com.ruoyi.vr.controller.VrCarrierController.add()','POST',1,'admin','研发部门','/vr/carrier','127.0.0.1','内网IP','{\"carrierId\":12,\"carrierName\":\"展台12\",\"carrierType\":0,\"exhibitZoneId\":2,\"params\":{},\"specifications\":\"100cm*250cm\",\"status\":\"0\"}','{\"msg\":\"操作成功\",\"code\":200}',0,NULL,'2025-02-10 15:37:44',95),(258,'载体',3,'com.ruoyi.vr.controller.VrCarrierController.remove()','DELETE',1,'admin','研发部门','/vr/carrier/12','127.0.0.1','内网IP','[12]','{\"msg\":\"操作成功\",\"code\":200}',0,NULL,'2025-02-10 15:37:48',15),(259,'材料出入库单',2,'com.ruoyi.ar.controller.MaterialTransactionController.edit()','PUT',1,'admin','研发部门','/ar/materialTransaction','127.0.0.1','内网IP','{\"materialTransactionDetailList\":[{\"materialId\":11,\"params\":{},\"quantity\":50,\"transactionDate\":\"2025-02-03\",\"transactionId\":3}],\"operatorName\":\"董明\",\"params\":{},\"transactionId\":3,\"transactionType\":1,\"warehouseAdminName\":\"钟湖都\"}','{\"msg\":\"操作成功\",\"code\":200}',0,NULL,'2025-02-10 15:38:34',28),(260,'材料出入库单',2,'com.ruoyi.ar.controller.MaterialTransactionController.edit()','PUT',1,'admin','研发部门','/ar/materialTransaction','127.0.0.1','内网IP','{\"materialTransactionDetailList\":[{\"materialId\":10,\"params\":{},\"quantity\":1,\"transactionDate\":\"2025-02-01\",\"transactionId\":1},{\"materialId\":11,\"params\":{},\"quantity\":2,\"transactionDate\":\"2025-02-10\",\"transactionId\":1}],\"operatorName\":\"张三\",\"params\":{},\"transactionId\":1,\"transactionType\":1,\"warehouseAdminName\":\"李五\"}','{\"msg\":\"操作成功\",\"code\":200}',0,NULL,'2025-02-10 15:38:47',12),(261,'材料出入库单',1,'com.ruoyi.ar.controller.MaterialTransactionController.add()','POST',1,'admin','研发部门','/ar/materialTransaction','127.0.0.1','内网IP','{\"materialTransactionDetailList\":[{\"materialId\":10,\"params\":{},\"quantity\":5000,\"transactionDate\":\"2025-02-04\",\"transactionId\":4}],\"operatorName\":\"李若希\",\"params\":{},\"transactionId\":4,\"transactionType\":0,\"warehouseAdminName\":\"邓字\"}','{\"msg\":\"操作成功\",\"code\":200}',0,NULL,'2025-02-10 15:39:21',7),(262,'材料出入库单',2,'com.ruoyi.ar.controller.MaterialTransactionController.edit()','PUT',1,'admin','研发部门','/ar/materialTransaction','127.0.0.1','内网IP','{\"materialTransactionDetailList\":[{\"materialId\":10,\"params\":{},\"quantity\":4999,\"transactionDate\":\"2025-02-04\",\"transactionId\":4}],\"operatorName\":\"李若希\",\"params\":{},\"transactionId\":4,\"transactionType\":0,\"warehouseAdminName\":\"邓字\"}','{\"msg\":\"操作成功\",\"code\":200}',0,NULL,'2025-02-10 15:43:00',18),(263,'材料出入库单',2,'com.ruoyi.ar.controller.MaterialTransactionController.edit()','PUT',1,'admin','研发部门','/ar/materialTransaction','127.0.0.1','内网IP','{\"materialTransactionDetailList\":[{\"materialId\":10,\"params\":{},\"quantity\":4997,\"transactionDate\":\"2025-02-04\",\"transactionId\":4}],\"operatorName\":\"李若希\",\"params\":{},\"transactionId\":4,\"transactionType\":0,\"warehouseAdminName\":\"邓字\"}','{\"msg\":\"操作成功\",\"code\":200}',0,NULL,'2025-02-10 15:44:06',16),(264,'产品信息',3,'com.ruoyi.ar.controller.ProductController.remove()','DELETE',1,'admin','研发部门','/ar/product/3','127.0.0.1','内网IP','[3]','{\"msg\":\"操作成功\",\"code\":200}',0,NULL,'2025-02-10 15:45:22',13),(265,'产品信息',1,'com.ruoyi.ar.controller.ProductController.add()','POST',1,'admin','研发部门','/ar/product','127.0.0.1','内网IP','{\"params\":{},\"productDescription\":\"这款无线蓝牙耳机采用最新蓝牙5.3技术，支持高清音质传输，续航时间长达24小时，并具备防水防汗功能。\",\"productModel\":\"EB2024\",\"productName\":\"无线蓝牙耳机\",\"warehouseZoneId\":6}','{\"msg\":\"操作成功\",\"code\":200}',0,NULL,'2025-02-10 15:47:05',20),(266,'生产批次',1,'com.ruoyi.ar.controller.ProductionBatchController.add()','POST',1,'admin','研发部门','/ar/batch','127.0.0.1','内网IP','{\"batchId\":1,\"params\":{},\"productId\":5,\"productionDate\":\"2023-02-13\",\"quantity\":200,\"shelfLife\":\"36个月\",\"unit\":\"个\"}','{\"msg\":\"操作成功\",\"code\":200}',0,NULL,'2025-02-10 15:50:38',92),(267,'AR内容',1,'com.ruoyi.ar.controller.ArContentController.add()','POST',1,'admin','研发部门','/ar/content','127.0.0.1','内网IP','{\"arContentId\":13,\"category\":\"纯文本\",\"description\":\"testAR\",\"fileUrl\":\"testAR\",\"name\":\"testAR\",\"params\":{},\"qrCodeId\":5,\"usageStatus\":\"1\"}','{\"msg\":\"操作成功\",\"code\":200}',0,NULL,'2025-02-10 16:49:12',15),(268,'AR内容',2,'com.ruoyi.ar.controller.ArContentController.edit()','PUT',1,'admin','研发部门','/ar/content','127.0.0.1','内网IP','{\"arContentId\":13,\"category\":\"图文\",\"description\":\"testAR1\",\"fileUrl\":\"testAR1\",\"name\":\"testAR1\",\"params\":{},\"qrCodeId\":4,\"usageStatus\":\"0\"}','{\"msg\":\"操作成功\",\"code\":200}',0,NULL,'2025-02-10 16:49:54',6),(269,'AR内容',3,'com.ruoyi.ar.controller.ArContentController.remove()','DELETE',1,'admin','研发部门','/ar/content/13','127.0.0.1','内网IP','[13]','{\"msg\":\"操作成功\",\"code\":200}',0,NULL,'2025-02-10 16:49:58',14),(270,'AR内容',5,'com.ruoyi.ar.controller.ArContentController.export()','POST',1,'admin','研发部门','/ar/content/export','127.0.0.1','内网IP','{\"pageSize\":\"10\",\"pageNum\":\"1\"}',NULL,0,NULL,'2025-02-10 16:50:03',930),(271,'沙盘分区',1,'com.ruoyi.ar.controller.SandboxZoneController.add()','POST',1,'admin','研发部门','/ar/zone','127.0.0.1','内网IP','{\"description\":\"1\",\"factoryId\":1,\"name\":\"1\",\"params\":{},\"qrCodeId\":4}','{\"msg\":\"操作成功\",\"code\":200}',0,NULL,'2025-02-10 16:51:56',14),(272,'沙盘分区',1,'com.ruoyi.ar.controller.SandboxZoneController.add()','POST',1,'admin','研发部门','/ar/zone','127.0.0.1','内网IP','{\"description\":\"1\",\"factoryId\":2,\"name\":\"1\",\"params\":{},\"qrCodeId\":5}',NULL,1,'\r\n### Error updating database.  Cause: java.sql.SQLIntegrityConstraintViolationException: Duplicate entry \'1\' for key \'sandbox_zone.sandbox_zone_name_uindex\'\r\n### The error may exist in file [D:\\Project\\Java\\IdeaProjects\\2222222\\ruoyi-admin\\target\\classes\\mapper\\ar\\SandboxZoneMapper.xml]\r\n### The error may involve com.ruoyi.ar.mapper.SandboxZoneMapper.insertSandboxZone-Inline\r\n### The error occurred while setting parameters\r\n### SQL: insert into sandbox_zone          ( name,             description,             qr_code_id,             factory_id )           values ( ?,             ?,             ?,             ? )\r\n### Cause: java.sql.SQLIntegrityConstraintViolationException: Duplicate entry \'1\' for key \'sandbox_zone.sandbox_zone_name_uindex\'\n; Duplicate entry \'1\' for key \'sandbox_zone.sandbox_zone_name_uindex\'; nested exception is java.sql.SQLIntegrityConstraintViolationException: Duplicate entry \'1\' for key \'sandbox_zone.sandbox_zone_name_uindex\'','2025-02-10 16:52:05',79),(273,'沙盘分区',1,'com.ruoyi.ar.controller.SandboxZoneController.add()','POST',1,'admin','研发部门','/ar/zone','127.0.0.1','内网IP','{\"description\":\"1\",\"factoryId\":2,\"name\":\"2\",\"params\":{},\"qrCodeId\":5}','{\"msg\":\"操作成功\",\"code\":200}',0,NULL,'2025-02-10 16:52:12',6),(274,'沙盘分区',3,'com.ruoyi.ar.controller.SandboxZoneController.remove()','DELETE',1,'admin','研发部门','/ar/zone/6,8','127.0.0.1','内网IP','[6,8]','{\"msg\":\"操作成功\",\"code\":200}',0,NULL,'2025-02-10 16:52:19',6),(275,'设备',2,'com.ruoyi.ar.controller.DeviceController.edit()','PUT',1,'admin','研发部门','/ar/device','127.0.0.1','内网IP','{\"description\":\"高效离心泵是一种用于液体输送的设备，广泛应用于化工、制药和食品加工等行业。它具有高效、节能、运行稳定等特点。\",\"deviceNumber\":15,\"factoryNumber\":\"2\",\"name\":\"高效离心泵\",\"params\":{},\"qrCodeNumber\":\"5\",\"status\":\"0\"}','{\"msg\":\"操作成功\",\"code\":200}',0,NULL,'2025-02-10 16:52:45',18),(276,'设备',2,'com.ruoyi.ar.controller.DeviceController.edit()','PUT',1,'admin','研发部门','/ar/device','127.0.0.1','内网IP','{\"description\":\"高效离心泵是一种用于液体输送的设备，广泛应用于化工、制药和食品加工等行业。它具有高效、节能、运行稳定等特点。\",\"deviceNumber\":15,\"factoryNumber\":\"2\",\"name\":\"高效离心泵\",\"params\":{},\"qrCodeNumber\":\"\",\"status\":\"0\"}','{\"msg\":\"操作成功\",\"code\":200}',0,NULL,'2025-02-10 16:52:50',13),(277,'运维记录',1,'com.ruoyi.ar.controller.MaintenanceRecordController.add()','POST',1,'admin','研发部门','/ar/maintenance','127.0.0.1','内网IP','{\"date\":\"2025-02-12\",\"equipmentId\":15,\"maintainerName\":\"1\",\"maintenanceLog\":\"1\",\"params\":{}}','{\"msg\":\"操作成功\",\"code\":200}',0,NULL,'2025-02-10 16:53:11',8),(278,'运维记录',3,'com.ruoyi.ar.controller.MaintenanceRecordController.remove()','DELETE',1,'admin','研发部门','/ar/maintenance/4','127.0.0.1','内网IP','[4]','{\"msg\":\"操作成功\",\"code\":200}',0,NULL,'2025-02-10 16:53:58',7),(279,'工厂',1,'com.ruoyi.ar.controller.FactoryController.add()','POST',1,'admin','研发部门','/ar/factory','127.0.0.1','内网IP','{\"address\":\"1\",\"contactPerson\":\"1\",\"contactPhone\":\"1\",\"description\":\"1\",\"name\":\"1\",\"params\":{}}','{\"msg\":\"操作成功\",\"code\":200}',0,NULL,'2025-02-10 16:54:13',12),(280,'工厂',3,'com.ruoyi.ar.controller.FactoryController.remove()','DELETE',1,'admin','研发部门','/ar/factory/7','127.0.0.1','内网IP','[7]','{\"msg\":\"操作成功\",\"code\":200}',0,NULL,'2025-02-10 16:54:25',10),(281,'能耗清单',1,'com.ruoyi.ar.controller.EnergyConsumptionController.add()','POST',1,'admin','研发部门','/ar/consumption','127.0.0.1','内网IP','{\"energyConsumed\":1,\"factoryId\":\"1\",\"id\":6,\"month\":1,\"params\":{},\"type\":\"0\",\"unit\":\"1\",\"year\":2020}','{\"msg\":\"操作成功\",\"code\":200}',0,NULL,'2025-02-10 16:55:09',15),(282,'能耗清单',3,'com.ruoyi.ar.controller.EnergyConsumptionController.remove()','DELETE',1,'admin','研发部门','/ar/consumption/6','127.0.0.1','内网IP','[6]','{\"msg\":\"操作成功\",\"code\":200}',0,NULL,'2025-02-10 16:55:13',9),(283,'材料出入库单',1,'com.ruoyi.ar.controller.MaterialTransactionController.add()','POST',1,'admin','研发部门','/ar/materialTransaction','127.0.0.1','内网IP','{\"materialTransactionDetailList\":[{\"materialId\":11,\"params\":{},\"quantity\":700,\"transactionDate\":\"2025-02-11\",\"transactionId\":5}],\"operatorName\":\"lay\",\"params\":{},\"transactionId\":5,\"transactionType\":0,\"warehouseAdminName\":\"john\"}','{\"msg\":\"操作成功\",\"code\":200}',0,NULL,'2025-02-10 16:56:16',34),(284,'材料出入库单',2,'com.ruoyi.ar.controller.MaterialTransactionController.edit()','PUT',1,'admin','研发部门','/ar/materialTransaction','127.0.0.1','内网IP','{\"materialTransactionDetailList\":[{\"materialId\":11,\"params\":{},\"quantity\":10,\"transactionDate\":\"2025-02-11\",\"transactionId\":5}],\"operatorName\":\"lay\",\"params\":{},\"transactionId\":5,\"transactionType\":0,\"warehouseAdminName\":\"john\"}','{\"msg\":\"操作成功\",\"code\":200}',0,NULL,'2025-02-10 16:56:37',8),(285,'材料出入库单',2,'com.ruoyi.ar.controller.MaterialTransactionController.edit()','PUT',1,'admin','研发部门','/ar/materialTransaction','127.0.0.1','内网IP','{\"materialTransactionDetailList\":[{\"materialId\":11,\"params\":{},\"quantity\":10,\"transactionDate\":\"2025-02-11\",\"transactionId\":5}],\"operatorName\":\"lay\",\"params\":{},\"transactionId\":5,\"transactionType\":1,\"warehouseAdminName\":\"john\"}','{\"msg\":\"操作成功\",\"code\":200}',0,NULL,'2025-02-10 16:56:53',17),(286,'产品出入库单',1,'com.ruoyi.ar.controller.ProductTransactionController.add()','POST',1,'admin','研发部门','/ar/productTransaction','127.0.0.1','内网IP','{\"operatorName\":\"1\",\"params\":{},\"productTransactionDetailList\":[{\"params\":{},\"productId\":4,\"quantity\":1,\"transactionDate\":\"2025-02-10\",\"transactionId\":2},{\"params\":{},\"productId\":4,\"quantity\":1,\"transactionDate\":\"2025-02-19\",\"transactionId\":2},{\"params\":{},\"productId\":5,\"quantity\":4444,\"transactionDate\":\"2025-02-19\",\"transactionId\":2}],\"transactionId\":2,\"transactionType\":1,\"warehouseAdminName\":\"1\"}','{\"msg\":\"操作成功\",\"code\":200}',0,NULL,'2025-02-10 16:57:40',16),(287,'产品出入库单',2,'com.ruoyi.ar.controller.ProductTransactionController.edit()','PUT',1,'admin','研发部门','/ar/productTransaction','127.0.0.1','内网IP','{\"operatorName\":\"1\",\"params\":{},\"productTransactionDetailList\":[{\"params\":{},\"productId\":4,\"quantity\":1,\"transactionDate\":\"2025-02-10\",\"transactionId\":2},{\"params\":{},\"productId\":4,\"quantity\":1,\"transactionDate\":\"2025-02-19\",\"transactionId\":2},{\"params\":{},\"productId\":5,\"quantity\":4444,\"transactionDate\":\"2025-02-19\",\"transactionId\":2}],\"transactionId\":2,\"transactionType\":0,\"warehouseAdminName\":\"1\"}','{\"msg\":\"操作成功\",\"code\":200}',0,NULL,'2025-02-10 16:57:48',10),(288,'产品出入库单',2,'com.ruoyi.ar.controller.ProductTransactionController.edit()','PUT',1,'admin','研发部门','/ar/productTransaction','127.0.0.1','内网IP','{\"operatorName\":\"李二\",\"params\":{},\"productTransactionDetailList\":[{\"params\":{},\"productId\":4,\"quantity\":1,\"transactionDate\":\"2024-12-10\",\"transactionId\":1}],\"transactionId\":1,\"transactionType\":0,\"warehouseAdminName\":\"王五\"}','{\"msg\":\"操作成功\",\"code\":200}',0,NULL,'2025-02-10 16:57:59',19),(289,'产品出入库单',2,'com.ruoyi.ar.controller.ProductTransactionController.edit()','PUT',1,'admin','研发部门','/ar/productTransaction','127.0.0.1','内网IP','{\"operatorName\":\"1\",\"params\":{},\"productTransactionDetailList\":[{\"params\":{},\"productId\":4,\"quantity\":1,\"transactionDate\":\"2025-02-10\",\"transactionId\":2},{\"params\":{},\"productId\":4,\"quantity\":1,\"transactionDate\":\"2025-02-19\",\"transactionId\":2},{\"params\":{},\"productId\":5,\"quantity\":4444,\"transactionDate\":\"2025-02-19\",\"transactionId\":2}],\"transactionId\":2,\"transactionType\":0,\"warehouseAdminName\":\"1\"}','{\"msg\":\"操作成功\",\"code\":200}',0,NULL,'2025-02-10 16:58:03',14),(290,'产品出入库单',3,'com.ruoyi.ar.controller.ProductTransactionController.remove()','DELETE',1,'admin','研发部门','/ar/productTransaction/2','127.0.0.1','内网IP','[2]','{\"msg\":\"操作成功\",\"code\":200}',0,NULL,'2025-02-10 16:58:19',6),(291,'载体',1,'com.ruoyi.vr.controller.VrCarrierController.add()','POST',1,'admin','研发部门','/vr/carrier','127.0.0.1','内网IP','{\"carrierId\":13,\"carrierName\":\"1\",\"carrierType\":0,\"exhibitZoneId\":3,\"params\":{},\"specifications\":\"90cm*120cm\",\"status\":\"1\"}','{\"msg\":\"操作成功\",\"code\":200}',0,NULL,'2025-02-10 16:59:24',6),(292,'载体',3,'com.ruoyi.vr.controller.VrCarrierController.remove()','DELETE',1,'admin','研发部门','/vr/carrier/13','127.0.0.1','内网IP','[13]','{\"msg\":\"操作成功\",\"code\":200}',0,NULL,'2025-02-10 16:59:27',6),(293,'VR内容',2,'com.ruoyi.vr.controller.VrContentController.edit()','PUT',1,'admin','研发部门','/vr/content','127.0.0.1','内网IP','{\"carrierId\":5,\"category\":\"声音和视频\",\"createdAt\":\"2025-01-24 17:32:11\",\"description\":\"本VR内容带领用户穿梭于2050年的未来城市，体验高科技与自然环境的完美融合。从智能建筑到绿色能源，感受未来生活的无限可能。\",\"fileUrl\":\"http://example.com/vr_content.mp4\",\"name\":\"未来城市漫游\",\"params\":{},\"updatedAt\":\"2025-01-24 17:32:11\",\"usageStatus\":\"1\",\"vrContentId\":14,\"workId\":1}','{\"msg\":\"操作成功\",\"code\":200}',0,NULL,'2025-02-10 16:59:45',6),(294,'VR场景',2,'com.ruoyi.school.controller.VrSceneController.edit()','PUT',1,'admin','研发部门','/school/scene','127.0.0.1','内网IP','{\"caseId\":1,\"description\":\"本VR场景为用户呈现了一个高度仿真的虚拟手术室环境，通过佩戴VR设备，医学生和实习生可以在虚拟环境中进行手术操作练习，感受真实的手术氛围。场景中包含了各种手术器械和模拟患者，帮助用户熟悉手术流程，提高手术技能。\",\"fileUrl\":\"http://example.com/vr_scene.zip\",\"params\":{},\"sceneId\":1,\"sceneName\":\"虚拟手术室体验\"}','{\"msg\":\"操作成功\",\"code\":200}',0,NULL,'2025-02-10 17:00:13',5),(295,'VR素材',2,'com.ruoyi.school.controller.VrMaterialController.edit()','PUT',1,'admin','研发部门','/school/material','127.0.0.1','内网IP','{\"category\":\"文本\",\"description\":\"本VR素材包含高精度的手术器械模型，适用于虚拟手术室场景。这些模型细节丰富，质感逼真，能够为用户提供近乎真实的手术操作体验。通过集成到VR环境中，医学生和实习医生可以在安全的环境中练习手术技巧，熟悉各种手术器械的使用。\",\"fileUrl\":\"http://example.com/vr_materials_surgery.zip\",\"name\":\"手术器械模型\",\"params\":{},\"sceneId\":1,\"vrMaterialId\":1}','{\"msg\":\"操作成功\",\"code\":200}',0,NULL,'2025-02-10 17:00:31',6),(296,'生产批次',2,'com.ruoyi.ar.controller.ProductionBatchController.edit()','PUT',1,'admin','研发部门','/ar/batch','127.0.0.1','内网IP','{\"batchId\":1,\"params\":{},\"productId\":5,\"productionDate\":\"2023-02-13\",\"quantity\":200,\"shelfLife\":\"36个月\",\"unit\":\"个\"}','{\"msg\":\"操作成功\",\"code\":200}',0,NULL,'2025-02-10 17:04:35',7),(297,'供应批次',2,'com.ruoyi.ar.controller.SupplyBatchController.edit()','PUT',1,'admin','研发部门','/ar/supplyBatch','127.0.0.1','内网IP','{\"batchId\":1,\"manufacturer\":\"上海石化\",\"materialId\":10,\"params\":{},\"productionDate\":\"2024-12-10\",\"quantity\":1000,\"shelfLife\":\"24个月\",\"unit\":\"kg\"}','{\"msg\":\"操作成功\",\"code\":200}',0,NULL,'2025-02-10 17:04:53',3),(298,'供应批次',2,'com.ruoyi.ar.controller.SupplyBatchController.edit()','PUT',1,'admin','研发部门','/ar/supplyBatch','127.0.0.1','内网IP','{\"batchId\":1,\"manufacturer\":\"上海石化\",\"materialId\":10,\"params\":{},\"productionDate\":\"2024-12-10\",\"quantity\":1000,\"shelfLife\":\"24个月\",\"unit\":\"kg\"}','{\"msg\":\"操作成功\",\"code\":200}',0,NULL,'2025-02-10 17:05:33',2),(299,'供应批次',1,'com.ruoyi.ar.controller.SupplyBatchController.add()','POST',1,'admin','研发部门','/ar/supplyBatch','127.0.0.1','内网IP','{\"manufacturer\":\"1\",\"materialId\":10,\"params\":{},\"productionDate\":\"2025-02-10\",\"quantity\":1,\"shelfLife\":\"1\",\"unit\":\"1\"}','{\"msg\":\"操作成功\",\"code\":200}',0,NULL,'2025-02-10 17:05:49',6),(300,'供应批次',1,'com.ruoyi.ar.controller.SupplyBatchController.add()','POST',1,'admin','研发部门','/ar/supplyBatch','127.0.0.1','内网IP','{\"manufacturer\":\"1\",\"materialId\":10,\"params\":{},\"productionDate\":\"2025-02-10\",\"quantity\":1,\"shelfLife\":\"1\",\"unit\":\"=\"}','{\"msg\":\"操作成功\",\"code\":200}',0,NULL,'2025-02-10 17:09:41',12),(301,'供应批次',3,'com.ruoyi.ar.controller.SupplyBatchController.remove()','DELETE',1,'admin','研发部门','/ar/supplyBatch/3','127.0.0.1','内网IP','[3]','{\"msg\":\"操作成功\",\"code\":200}',0,NULL,'2025-02-10 17:09:44',5),(302,'代码生成',6,'com.ruoyi.generator.controller.GenController.importTableSave()','POST',1,'admin','研发部门','/tool/gen/importTable','127.0.0.1','内网IP','{\"tables\":\"ar_application_configuration,ar_applications\"}','{\"msg\":\"操作成功\",\"code\":200}',0,NULL,'2025-02-12 17:23:33',201),(303,'代码生成',2,'com.ruoyi.generator.controller.GenController.editSave()','PUT',1,'admin','研发部门','/tool/gen','127.0.0.1','内网IP','{\"businessName\":\"configuration\",\"className\":\"ArApplicationConfiguration\",\"columns\":[{\"capJavaField\":\"ConfigID\",\"columnComment\":\"编号\",\"columnId\":265,\"columnName\":\"ConfigID\",\"columnType\":\"int\",\"createBy\":\"admin\",\"createTime\":\"2025-02-12 17:23:33\",\"dictType\":\"\",\"edit\":false,\"htmlType\":\"input\",\"increment\":true,\"insert\":true,\"isIncrement\":\"1\",\"isInsert\":\"1\",\"isPk\":\"1\",\"isRequired\":\"0\",\"javaField\":\"ConfigID\",\"javaType\":\"Long\",\"list\":false,\"params\":{},\"pk\":true,\"query\":false,\"queryType\":\"EQ\",\"required\":false,\"sort\":1,\"superColumn\":false,\"tableId\":44,\"updateBy\":\"\",\"usableColumn\":false},{\"capJavaField\":\"TriggerMethod\",\"columnComment\":\"触发方式\",\"columnId\":266,\"columnName\":\"TriggerMethod\",\"columnType\":\"enum(\'二维码扫描\',\'AI识别\')\",\"createBy\":\"admin\",\"createTime\":\"2025-02-12 17:23:33\",\"dictType\":\"\",\"edit\":true,\"htmlType\":\"input\",\"increment\":false,\"insert\":true,\"isEdit\":\"1\",\"isIncrement\":\"0\",\"isInsert\":\"1\",\"isList\":\"1\",\"isPk\":\"0\",\"isQuery\":\"1\",\"isRequired\":\"1\",\"javaField\":\"TriggerMethod\",\"javaType\":\"String\",\"list\":true,\"params\":{},\"pk\":false,\"query\":true,\"queryType\":\"EQ\",\"required\":true,\"sort\":2,\"superColumn\":false,\"tableId\":44,\"updateBy\":\"\",\"usableColumn\":false},{\"capJavaField\":\"DisplayMethod\",\"columnComment\":\"呈现方式\",\"columnId\":267,\"columnName\":\"DisplayMethod\",\"columnType\":\"enum(\'纯文本\',\'图文\',\'视频\')\",\"createBy\":\"admin\",\"createTime\":\"2025-02-12 17:23:33\",\"dictType\":\"\",\"edit\":true,\"htmlType\":\"select\",\"increment\":false,\"insert\":true,\"isEdit\":\"1\",\"isIncrement\":\"0\",\"isInsert\":\"1\",\"isList\":\"1\",\"isPk\":\"0\",\"isQuery\":\"1\",\"isRequired\":\"1\",\"javaField\":\"DisplayMethod\",\"javaType\":\"String\",\"list\":true,\"params\":{},\"pk\":false,\"query\":true,\"queryType\":\"EQ\",\"required\":true,\"sort\":3,\"superColumn\":false,\"tableId\":44,\"updateBy\":\"\",\"usableColumn\":false},{\"capJavaField\":\"ScreenResolution\",\"columnComment\":\"屏幕分辨率\",\"columnId\":268,\"columnName\":\"ScreenResolution\",\"columnType\":\"enum(\'2800x1840\',\'2560x1440\',\'1920x1080\',\'1280x720\',\'自定义\')\",\"createBy\":\"admin\",\"createTime\":\"2025-02-12 17:23:33\",\"dictType\":\"\",\"edit\":true,\"htmlT','{\"msg\":\"操作成功\",\"code\":200}',0,NULL,'2025-02-12 17:28:52',33),(304,'代码生成',8,'com.ruoyi.generator.controller.GenController.batchGenCode()','GET',1,'admin','研发部门','/tool/gen/batchGenCode','127.0.0.1','内网IP','{\"tables\":\"ar_application_configuration\"}',NULL,0,NULL,'2025-02-12 17:29:45',47),(305,'菜单管理',2,'com.ruoyi.web.controller.system.SysMenuController.edit()','PUT',1,'admin','研发部门','/system/menu','127.0.0.1','内网IP','{\"children\":[],\"component\":\"ar/batch/index\",\"createTime\":\"2025-01-21 20:07:08\",\"icon\":\"date-range\",\"isCache\":\"0\",\"isFrame\":\"1\",\"menuId\":2434,\"menuName\":\"生产批次\",\"menuType\":\"C\",\"orderNum\":2,\"params\":{},\"parentId\":2216,\"path\":\"batch\",\"perms\":\"ar:batch:list\",\"routeName\":\"\",\"status\":\"0\",\"updateBy\":\"admin\",\"visible\":\"0\"}','{\"msg\":\"操作成功\",\"code\":200}',0,NULL,'2025-02-12 17:37:20',47),(306,'字典类型',1,'com.ruoyi.web.controller.system.SysDictTypeController.add()','POST',1,'admin','研发部门','/system/dict/type','127.0.0.1','内网IP','{\"createBy\":\"admin\",\"dictName\":\"默认触发方式\",\"dictType\":\"trigger_method\",\"params\":{},\"remark\":\"默认触发方式\",\"status\":\"0\"}','{\"msg\":\"操作成功\",\"code\":200}',0,NULL,'2025-02-12 17:40:01',22),(307,'字典数据',1,'com.ruoyi.web.controller.system.SysDictDataController.add()','POST',1,'admin','研发部门','/system/dict/data','127.0.0.1','内网IP','{\"createBy\":\"admin\",\"default\":false,\"dictLabel\":\"二维码扫描\",\"dictSort\":0,\"dictType\":\"trigger_method\",\"dictValue\":\"0\",\"listClass\":\"info\",\"params\":{},\"status\":\"0\"}','{\"msg\":\"操作成功\",\"code\":200}',0,NULL,'2025-02-12 17:40:23',20),(308,'字典数据',1,'com.ruoyi.web.controller.system.SysDictDataController.add()','POST',1,'admin','研发部门','/system/dict/data','127.0.0.1','内网IP','{\"createBy\":\"admin\",\"default\":false,\"dictLabel\":\"AI识别\",\"dictSort\":0,\"dictType\":\"trigger_method\",\"dictValue\":\"1\",\"listClass\":\"info\",\"params\":{},\"status\":\"0\"}','{\"msg\":\"操作成功\",\"code\":200}',0,NULL,'2025-02-12 17:40:47',11),(309,'字典数据',2,'com.ruoyi.web.controller.system.SysDictDataController.edit()','PUT',1,'admin','研发部门','/system/dict/data','127.0.0.1','内网IP','{\"createBy\":\"admin\",\"createTime\":\"2025-02-12 17:40:23\",\"default\":false,\"dictCode\":130,\"dictLabel\":\"二维码扫描\",\"dictSort\":0,\"dictType\":\"trigger_method\",\"dictValue\":\"0\",\"isDefault\":\"N\",\"listClass\":\"primary\",\"params\":{},\"status\":\"0\",\"updateBy\":\"admin\"}','{\"msg\":\"操作成功\",\"code\":200}',0,NULL,'2025-02-12 17:40:59',26),(310,'出厂配置',1,'com.ruoyi.ar.controller.ArApplicationConfigurationController.add()','POST',1,'admin','研发部门','/ar/configuration','127.0.0.1','内网IP','{\"params\":{}}',NULL,1,'\r\n### Error updating database.  Cause: java.sql.SQLSyntaxErrorException: You have an error in your SQL syntax; check the manual that corresponds to your MySQL server version for the right syntax to use near \'\' at line 1\r\n### The error may exist in file [D:\\Project\\Java\\IdeaProjects\\2222222\\ruoyi-admin\\target\\classes\\mapper\\ar\\ArApplicationConfigurationMapper.xml]\r\n### The error may involve com.ruoyi.ar.mapper.ArApplicationConfigurationMapper.insertArApplicationConfiguration-Inline\r\n### The error occurred while setting parameters\r\n### SQL: insert into ar_application_configuration\r\n### Cause: java.sql.SQLSyntaxErrorException: You have an error in your SQL syntax; check the manual that corresponds to your MySQL server version for the right syntax to use near \'\' at line 1\n; bad SQL grammar []; nested exception is java.sql.SQLSyntaxErrorException: You have an error in your SQL syntax; check the manual that corresponds to your MySQL server version for the right syntax to use near \'\' at line 1','2025-02-12 17:41:43',8),(311,'字典数据',2,'com.ruoyi.web.controller.system.SysDictDataController.edit()','PUT',1,'admin','研发部门','/system/dict/data','127.0.0.1','内网IP','{\"createBy\":\"admin\",\"createTime\":\"2025-02-12 17:40:23\",\"default\":false,\"dictCode\":130,\"dictLabel\":\"二维码扫描\",\"dictSort\":0,\"dictType\":\"trigger_method\",\"dictValue\":\"0\",\"isDefault\":\"N\",\"listClass\":\"success\",\"params\":{},\"status\":\"0\",\"updateBy\":\"admin\"}','{\"msg\":\"操作成功\",\"code\":200}',0,NULL,'2025-02-12 17:42:53',11),(312,'字典数据',2,'com.ruoyi.web.controller.system.SysDictDataController.edit()','PUT',1,'admin','研发部门','/system/dict/data','127.0.0.1','内网IP','{\"createBy\":\"admin\",\"createTime\":\"2025-02-12 17:40:47\",\"default\":false,\"dictCode\":131,\"dictLabel\":\"AI识别\",\"dictSort\":0,\"dictType\":\"trigger_method\",\"dictValue\":\"1\",\"isDefault\":\"N\",\"listClass\":\"success\",\"params\":{},\"status\":\"0\",\"updateBy\":\"admin\"}','{\"msg\":\"操作成功\",\"code\":200}',0,NULL,'2025-02-12 17:42:57',12),(313,'代码生成',3,'com.ruoyi.generator.controller.GenController.remove()','DELETE',1,'admin','研发部门','/tool/gen/43','127.0.0.1','内网IP','[43]','{\"msg\":\"操作成功\",\"code\":200}',0,NULL,'2025-02-12 17:44:31',21),(314,'代码生成',2,'com.ruoyi.generator.controller.GenController.editSave()','PUT',1,'admin','研发部门','/tool/gen','127.0.0.1','内网IP','{\"businessName\":\"configuration\",\"className\":\"ArApplicationConfiguration\",\"columns\":[{\"capJavaField\":\"ConfigID\",\"columnComment\":\"编号\",\"columnId\":265,\"columnName\":\"ConfigID\",\"columnType\":\"int\",\"createBy\":\"admin\",\"createTime\":\"2025-02-12 17:23:33\",\"dictType\":\"\",\"edit\":false,\"htmlType\":\"input\",\"increment\":true,\"insert\":true,\"isIncrement\":\"1\",\"isInsert\":\"1\",\"isPk\":\"1\",\"isRequired\":\"0\",\"javaField\":\"ConfigID\",\"javaType\":\"Long\",\"list\":false,\"params\":{},\"pk\":true,\"query\":false,\"queryType\":\"EQ\",\"required\":false,\"sort\":1,\"superColumn\":false,\"tableId\":44,\"updateBy\":\"\",\"updateTime\":\"2025-02-12 17:28:52\",\"usableColumn\":false},{\"capJavaField\":\"TriggerMethod\",\"columnComment\":\"触发方式\",\"columnId\":266,\"columnName\":\"TriggerMethod\",\"columnType\":\"enum(\'二维码扫描\',\'AI识别\')\",\"createBy\":\"admin\",\"createTime\":\"2025-02-12 17:23:33\",\"dictType\":\"\",\"edit\":true,\"htmlType\":\"input\",\"increment\":false,\"insert\":true,\"isEdit\":\"1\",\"isIncrement\":\"0\",\"isInsert\":\"1\",\"isList\":\"1\",\"isPk\":\"0\",\"isQuery\":\"1\",\"isRequired\":\"1\",\"javaField\":\"TriggerMethod\",\"javaType\":\"String\",\"list\":true,\"params\":{},\"pk\":false,\"query\":true,\"queryType\":\"EQ\",\"required\":true,\"sort\":2,\"superColumn\":false,\"tableId\":44,\"updateBy\":\"\",\"updateTime\":\"2025-02-12 17:28:52\",\"usableColumn\":false},{\"capJavaField\":\"DisplayMethod\",\"columnComment\":\"呈现方式\",\"columnId\":267,\"columnName\":\"DisplayMethod\",\"columnType\":\"enum(\'纯文本\',\'图文\',\'视频\')\",\"createBy\":\"admin\",\"createTime\":\"2025-02-12 17:23:33\",\"dictType\":\"\",\"edit\":true,\"htmlType\":\"input\",\"increment\":false,\"insert\":true,\"isEdit\":\"1\",\"isIncrement\":\"0\",\"isInsert\":\"1\",\"isList\":\"1\",\"isPk\":\"0\",\"isQuery\":\"1\",\"isRequired\":\"1\",\"javaField\":\"DisplayMethod\",\"javaType\":\"String\",\"list\":true,\"params\":{},\"pk\":false,\"query\":true,\"queryType\":\"EQ\",\"required\":true,\"sort\":3,\"superColumn\":false,\"tableId\":44,\"updateBy\":\"\",\"updateTime\":\"2025-02-12 17:28:52\",\"usableColumn\":false},{\"capJavaField\":\"ScreenResolution\",\"columnComment\":\"屏幕分辨率\",\"columnId\":268,\"columnName\":\"ScreenResolution\",\"columnType\":\"enum(\'2800x1840\',\'2560x1440\',\'1920x1080\',\'','{\"msg\":\"操作成功\",\"code\":200}',0,NULL,'2025-02-12 17:50:45',47),(315,'代码生成',2,'com.ruoyi.generator.controller.GenController.editSave()','PUT',1,'admin','研发部门','/tool/gen','127.0.0.1','内网IP','{\"businessName\":\"configuration\",\"className\":\"ArApplicationConfiguration\",\"columns\":[{\"capJavaField\":\"ConfigID\",\"columnComment\":\"编号\",\"columnId\":265,\"columnName\":\"ConfigID\",\"columnType\":\"int\",\"createBy\":\"admin\",\"createTime\":\"2025-02-12 17:23:33\",\"dictType\":\"\",\"edit\":false,\"htmlType\":\"input\",\"increment\":true,\"insert\":true,\"isIncrement\":\"1\",\"isInsert\":\"1\",\"isPk\":\"1\",\"isRequired\":\"0\",\"javaField\":\"ConfigID\",\"javaType\":\"Long\",\"list\":false,\"params\":{},\"pk\":true,\"query\":false,\"queryType\":\"EQ\",\"required\":false,\"sort\":1,\"superColumn\":false,\"tableId\":44,\"updateBy\":\"\",\"updateTime\":\"2025-02-12 17:50:45\",\"usableColumn\":false},{\"capJavaField\":\"TriggerMethod\",\"columnComment\":\"触发方式\",\"columnId\":266,\"columnName\":\"TriggerMethod\",\"columnType\":\"enum(\'二维码扫描\',\'AI识别\')\",\"createBy\":\"admin\",\"createTime\":\"2025-02-12 17:23:33\",\"dictType\":\"\",\"edit\":true,\"htmlType\":\"input\",\"increment\":false,\"insert\":true,\"isEdit\":\"1\",\"isIncrement\":\"0\",\"isInsert\":\"1\",\"isList\":\"1\",\"isPk\":\"0\",\"isQuery\":\"1\",\"isRequired\":\"1\",\"javaField\":\"TriggerMethod\",\"javaType\":\"String\",\"list\":true,\"params\":{},\"pk\":false,\"query\":true,\"queryType\":\"EQ\",\"required\":true,\"sort\":2,\"superColumn\":false,\"tableId\":44,\"updateBy\":\"\",\"updateTime\":\"2025-02-12 17:50:45\",\"usableColumn\":false},{\"capJavaField\":\"DisplayMethod\",\"columnComment\":\"呈现方式\",\"columnId\":267,\"columnName\":\"DisplayMethod\",\"columnType\":\"enum(\'纯文本\',\'图文\',\'视频\')\",\"createBy\":\"admin\",\"createTime\":\"2025-02-12 17:23:33\",\"dictType\":\"\",\"edit\":true,\"htmlType\":\"input\",\"increment\":false,\"insert\":true,\"isEdit\":\"1\",\"isIncrement\":\"0\",\"isInsert\":\"1\",\"isList\":\"1\",\"isPk\":\"0\",\"isQuery\":\"1\",\"isRequired\":\"1\",\"javaField\":\"DisplayMethod\",\"javaType\":\"String\",\"list\":true,\"params\":{},\"pk\":false,\"query\":true,\"queryType\":\"EQ\",\"required\":true,\"sort\":3,\"superColumn\":false,\"tableId\":44,\"updateBy\":\"\",\"updateTime\":\"2025-02-12 17:50:45\",\"usableColumn\":false},{\"capJavaField\":\"ScreenResolution\",\"columnComment\":\"屏幕分辨率\",\"columnId\":268,\"columnName\":\"ScreenResolution\",\"columnType\":\"enum(\'2800x1840\',\'2560x1440\',\'1920x1080\',\'','{\"msg\":\"操作成功\",\"code\":200}',0,NULL,'2025-02-12 17:50:50',44),(316,'出厂配置',1,'com.ruoyi.ar.controller.ArApplicationConfigurationController.add()','POST',1,'admin','研发部门','/ar/configuration','127.0.0.1','内网IP','{\"params\":{}}',NULL,1,'\r\n### Error updating database.  Cause: java.sql.SQLSyntaxErrorException: You have an error in your SQL syntax; check the manual that corresponds to your MySQL server version for the right syntax to use near \'\' at line 1\r\n### The error may exist in file [D:\\Project\\Java\\IdeaProjects\\2222222\\ruoyi-admin\\target\\classes\\mapper\\ar\\ArApplicationConfigurationMapper.xml]\r\n### The error may involve com.ruoyi.ar.mapper.ArApplicationConfigurationMapper.insertArApplicationConfiguration-Inline\r\n### The error occurred while setting parameters\r\n### SQL: insert into ar_application_configuration\r\n### Cause: java.sql.SQLSyntaxErrorException: You have an error in your SQL syntax; check the manual that corresponds to your MySQL server version for the right syntax to use near \'\' at line 1\n; bad SQL grammar []; nested exception is java.sql.SQLSyntaxErrorException: You have an error in your SQL syntax; check the manual that corresponds to your MySQL server version for the right syntax to use near \'\' at line 1','2025-02-12 17:51:34',6),(317,'代码生成',3,'com.ruoyi.generator.controller.GenController.remove()','DELETE',1,'admin','研发部门','/tool/gen/44','127.0.0.1','内网IP','[44]','{\"msg\":\"操作成功\",\"code\":200}',0,NULL,'2025-02-12 17:55:22',11),(318,'代码生成',6,'com.ruoyi.generator.controller.GenController.importTableSave()','POST',1,'admin','研发部门','/tool/gen/importTable','127.0.0.1','内网IP','{\"tables\":\"ar_application_configuration\"}','{\"msg\":\"操作成功\",\"code\":200}',0,NULL,'2025-02-12 17:55:29',80),(319,'代码生成',2,'com.ruoyi.generator.controller.GenController.editSave()','PUT',1,'admin','研发部门','/tool/gen','127.0.0.1','内网IP','{\"businessName\":\"applications\",\"className\":\"ArApplications\",\"columns\":[{\"capJavaField\":\"ApplicationID\",\"columnComment\":\"应用ID\",\"columnId\":272,\"columnName\":\"ApplicationID\",\"columnType\":\"int\",\"createBy\":\"admin\",\"createTime\":\"2025-02-12 17:23:33\",\"dictType\":\"\",\"edit\":false,\"htmlType\":\"input\",\"increment\":true,\"insert\":true,\"isIncrement\":\"1\",\"isInsert\":\"1\",\"isPk\":\"1\",\"isRequired\":\"0\",\"javaField\":\"ApplicationID\",\"javaType\":\"Long\",\"list\":false,\"params\":{},\"pk\":true,\"query\":false,\"queryType\":\"EQ\",\"required\":false,\"sort\":1,\"superColumn\":false,\"tableId\":45,\"updateBy\":\"\",\"usableColumn\":false},{\"capJavaField\":\"Name\",\"columnComment\":\"名称\",\"columnId\":273,\"columnName\":\"Name\",\"columnType\":\"varchar(255)\",\"createBy\":\"admin\",\"createTime\":\"2025-02-12 17:23:33\",\"dictType\":\"\",\"edit\":true,\"htmlType\":\"input\",\"increment\":false,\"insert\":true,\"isEdit\":\"1\",\"isIncrement\":\"0\",\"isInsert\":\"1\",\"isList\":\"1\",\"isPk\":\"0\",\"isQuery\":\"1\",\"isRequired\":\"1\",\"javaField\":\"Name\",\"javaType\":\"String\",\"list\":true,\"params\":{},\"pk\":false,\"query\":true,\"queryType\":\"LIKE\",\"required\":true,\"sort\":2,\"superColumn\":false,\"tableId\":45,\"updateBy\":\"\",\"usableColumn\":false},{\"capJavaField\":\"Description\",\"columnComment\":\"功能简介\",\"columnId\":274,\"columnName\":\"Description\",\"columnType\":\"text\",\"createBy\":\"admin\",\"createTime\":\"2025-02-12 17:23:33\",\"dictType\":\"\",\"edit\":true,\"htmlType\":\"textarea\",\"increment\":false,\"insert\":true,\"isEdit\":\"1\",\"isIncrement\":\"0\",\"isInsert\":\"1\",\"isList\":\"1\",\"isPk\":\"0\",\"isQuery\":\"1\",\"isRequired\":\"1\",\"javaField\":\"Description\",\"javaType\":\"String\",\"list\":true,\"params\":{},\"pk\":false,\"query\":true,\"queryType\":\"EQ\",\"required\":true,\"sort\":3,\"superColumn\":false,\"tableId\":45,\"updateBy\":\"\",\"usableColumn\":false},{\"capJavaField\":\"Version\",\"columnComment\":\"版本号\",\"columnId\":275,\"columnName\":\"Version\",\"columnType\":\"varchar(50)\",\"createBy\":\"admin\",\"createTime\":\"2025-02-12 17:23:33\",\"dictType\":\"\",\"edit\":true,\"htmlType\":\"input\",\"increment\":false,\"insert\":true,\"isEdit\":\"1\",\"isIncrement\":\"0\",\"isInsert\":\"1\",\"isList\":\"1\",\"isPk\":\"0\",\"isQ','{\"msg\":\"操作成功\",\"code\":200}',0,NULL,'2025-02-12 17:57:35',32),(320,'代码生成',8,'com.ruoyi.generator.controller.GenController.batchGenCode()','GET',1,'admin','研发部门','/tool/gen/batchGenCode','127.0.0.1','内网IP','{\"tables\":\"ar_applications\"}',NULL,0,NULL,'2025-02-12 17:57:41',67),(321,'代码生成',2,'com.ruoyi.generator.controller.GenController.editSave()','PUT',1,'admin','研发部门','/tool/gen','127.0.0.1','内网IP','{\"businessName\":\"configuration\",\"className\":\"ArApplicationConfiguration\",\"columns\":[{\"capJavaField\":\"Id\",\"columnComment\":\"编号\",\"columnId\":277,\"columnName\":\"id\",\"columnType\":\"int\",\"createBy\":\"admin\",\"createTime\":\"2025-02-12 17:55:29\",\"dictType\":\"\",\"edit\":false,\"htmlType\":\"input\",\"increment\":true,\"insert\":true,\"isIncrement\":\"1\",\"isInsert\":\"1\",\"isPk\":\"1\",\"isRequired\":\"0\",\"javaField\":\"id\",\"javaType\":\"Long\",\"list\":false,\"params\":{},\"pk\":true,\"query\":false,\"queryType\":\"EQ\",\"required\":false,\"sort\":1,\"superColumn\":false,\"tableId\":46,\"updateBy\":\"\",\"usableColumn\":false},{\"capJavaField\":\"TriggerMethod\",\"columnComment\":\"触发方式\",\"columnId\":278,\"columnName\":\"trigger_method\",\"columnType\":\"varchar(255)\",\"createBy\":\"admin\",\"createTime\":\"2025-02-12 17:55:29\",\"dictType\":\"\",\"edit\":true,\"htmlType\":\"input\",\"increment\":false,\"insert\":true,\"isEdit\":\"1\",\"isIncrement\":\"0\",\"isInsert\":\"1\",\"isList\":\"1\",\"isPk\":\"0\",\"isQuery\":\"1\",\"isRequired\":\"1\",\"javaField\":\"triggerMethod\",\"javaType\":\"String\",\"list\":true,\"params\":{},\"pk\":false,\"query\":true,\"queryType\":\"EQ\",\"required\":true,\"sort\":2,\"superColumn\":false,\"tableId\":46,\"updateBy\":\"\",\"usableColumn\":false},{\"capJavaField\":\"DisplayMethod\",\"columnComment\":\"呈现方式\",\"columnId\":279,\"columnName\":\"display_method\",\"columnType\":\"varchar(255)\",\"createBy\":\"admin\",\"createTime\":\"2025-02-12 17:55:29\",\"dictType\":\"\",\"edit\":true,\"htmlType\":\"input\",\"increment\":false,\"insert\":true,\"isEdit\":\"1\",\"isIncrement\":\"0\",\"isInsert\":\"1\",\"isList\":\"1\",\"isPk\":\"0\",\"isQuery\":\"1\",\"isRequired\":\"1\",\"javaField\":\"displayMethod\",\"javaType\":\"String\",\"list\":true,\"params\":{},\"pk\":false,\"query\":true,\"queryType\":\"EQ\",\"required\":true,\"sort\":3,\"superColumn\":false,\"tableId\":46,\"updateBy\":\"\",\"usableColumn\":false},{\"capJavaField\":\"ScreenResolution\",\"columnComment\":\"屏幕分辨率\",\"columnId\":280,\"columnName\":\"screen_resolution\",\"columnType\":\"varchar(50)\",\"createBy\":\"admin\",\"createTime\":\"2025-02-12 17:55:29\",\"dictType\":\"\",\"edit\":true,\"htmlType\":\"input\",\"increment\":false,\"insert\":true,\"isEdit\":\"1\",\"isIncrement\":\"0\",\"isI','{\"msg\":\"操作成功\",\"code\":200}',0,NULL,'2025-02-12 17:59:31',24),(322,'代码生成',8,'com.ruoyi.generator.controller.GenController.batchGenCode()','GET',1,'admin','研发部门','/tool/gen/batchGenCode','127.0.0.1','内网IP','{\"tables\":\"ar_application_configuration\"}',NULL,0,NULL,'2025-02-12 17:59:36',62),(323,'菜单管理',3,'com.ruoyi.web.controller.system.SysMenuController.remove()','DELETE',1,'admin','研发部门','/system/menu/2492','127.0.0.1','内网IP','2492','{\"msg\":\"操作成功\",\"code\":200}',0,NULL,'2025-02-12 18:19:57',32),(324,'菜单管理',3,'com.ruoyi.web.controller.system.SysMenuController.remove()','DELETE',1,'admin','研发部门','/system/menu/2493','127.0.0.1','内网IP','2493','{\"msg\":\"操作成功\",\"code\":200}',0,NULL,'2025-02-12 18:19:58',13),(325,'菜单管理',3,'com.ruoyi.web.controller.system.SysMenuController.remove()','DELETE',1,'admin','研发部门','/system/menu/2494','127.0.0.1','内网IP','2494','{\"msg\":\"操作成功\",\"code\":200}',0,NULL,'2025-02-12 18:19:59',9),(326,'菜单管理',3,'com.ruoyi.web.controller.system.SysMenuController.remove()','DELETE',1,'admin','研发部门','/system/menu/2495','127.0.0.1','内网IP','2495','{\"msg\":\"操作成功\",\"code\":200}',0,NULL,'2025-02-12 18:20:00',14),(327,'菜单管理',3,'com.ruoyi.web.controller.system.SysMenuController.remove()','DELETE',1,'admin','研发部门','/system/menu/2496','127.0.0.1','内网IP','2496','{\"msg\":\"操作成功\",\"code\":200}',0,NULL,'2025-02-12 18:20:02',14),(328,'菜单管理',3,'com.ruoyi.web.controller.system.SysMenuController.remove()','DELETE',1,'admin','研发部门','/system/menu/2491','127.0.0.1','内网IP','2491','{\"msg\":\"操作成功\",\"code\":200}',0,NULL,'2025-02-12 18:20:03',7),(329,'菜单管理',3,'com.ruoyi.web.controller.system.SysMenuController.remove()','DELETE',1,'admin','研发部门','/system/menu/2504','127.0.0.1','内网IP','2504','{\"msg\":\"操作成功\",\"code\":200}',0,NULL,'2025-02-12 18:20:05',10),(330,'菜单管理',3,'com.ruoyi.web.controller.system.SysMenuController.remove()','DELETE',1,'admin','研发部门','/system/menu/2505','127.0.0.1','内网IP','2505','{\"msg\":\"操作成功\",\"code\":200}',0,NULL,'2025-02-12 18:20:07',14),(331,'菜单管理',3,'com.ruoyi.web.controller.system.SysMenuController.remove()','DELETE',1,'admin','研发部门','/system/menu/2506','127.0.0.1','内网IP','2506','{\"msg\":\"操作成功\",\"code\":200}',0,NULL,'2025-02-12 18:20:08',16),(332,'菜单管理',3,'com.ruoyi.web.controller.system.SysMenuController.remove()','DELETE',1,'admin','研发部门','/system/menu/2507','127.0.0.1','内网IP','2507','{\"msg\":\"操作成功\",\"code\":200}',0,NULL,'2025-02-12 18:20:09',15),(333,'菜单管理',3,'com.ruoyi.web.controller.system.SysMenuController.remove()','DELETE',1,'admin','研发部门','/system/menu/2508','127.0.0.1','内网IP','2508','{\"msg\":\"操作成功\",\"code\":200}',0,NULL,'2025-02-12 18:20:10',10),(334,'菜单管理',3,'com.ruoyi.web.controller.system.SysMenuController.remove()','DELETE',1,'admin','研发部门','/system/menu/2503','127.0.0.1','内网IP','2503','{\"msg\":\"操作成功\",\"code\":200}',0,NULL,'2025-02-12 18:20:15',15),(335,'菜单管理',3,'com.ruoyi.web.controller.system.SysMenuController.remove()','DELETE',1,'admin','研发部门','/system/menu/2040','127.0.0.1','内网IP','2040','{\"msg\":\"菜单已分配,不允许删除\",\"code\":601}',0,NULL,'2025-02-24 09:56:14',65),(336,'菜单管理',3,'com.ruoyi.web.controller.system.SysMenuController.remove()','DELETE',1,'admin','研发部门','/system/menu/2039','127.0.0.1','内网IP','2039','{\"msg\":\"菜单已分配,不允许删除\",\"code\":601}',0,NULL,'2025-02-24 09:56:15',14),(337,'菜单管理',3,'com.ruoyi.web.controller.system.SysMenuController.remove()','DELETE',1,'admin','研发部门','/system/menu/2036','127.0.0.1','内网IP','2036','{\"msg\":\"菜单已分配,不允许删除\",\"code\":601}',0,NULL,'2025-02-24 09:56:18',10),(338,'菜单管理',3,'com.ruoyi.web.controller.system.SysMenuController.remove()','DELETE',1,'admin','研发部门','/system/menu/2490','127.0.0.1','内网IP','2490','{\"msg\":\"操作成功\",\"code\":200}',0,NULL,'2025-02-24 09:56:30',42),(339,'菜单管理',3,'com.ruoyi.web.controller.system.SysMenuController.remove()','DELETE',1,'admin','研发部门','/system/menu/2489','127.0.0.1','内网IP','2489','{\"msg\":\"操作成功\",\"code\":200}',0,NULL,'2025-02-24 09:56:32',71),(340,'菜单管理',3,'com.ruoyi.web.controller.system.SysMenuController.remove()','DELETE',1,'admin','研发部门','/system/menu/2488','127.0.0.1','内网IP','2488','{\"msg\":\"操作成功\",\"code\":200}',0,NULL,'2025-02-24 09:56:33',24),(341,'菜单管理',3,'com.ruoyi.web.controller.system.SysMenuController.remove()','DELETE',1,'admin','研发部门','/system/menu/2487','127.0.0.1','内网IP','2487','{\"msg\":\"操作成功\",\"code\":200}',0,NULL,'2025-02-24 09:56:34',141),(342,'菜单管理',3,'com.ruoyi.web.controller.system.SysMenuController.remove()','DELETE',1,'admin','研发部门','/system/menu/2486','127.0.0.1','内网IP','2486','{\"msg\":\"操作成功\",\"code\":200}',0,NULL,'2025-02-24 09:56:36',22),(343,'菜单管理',3,'com.ruoyi.web.controller.system.SysMenuController.remove()','DELETE',1,'admin','研发部门','/system/menu/2485','127.0.0.1','内网IP','2485','{\"msg\":\"操作成功\",\"code\":200}',0,NULL,'2025-02-24 09:56:37',23),(344,'代码生成',6,'com.ruoyi.generator.controller.GenController.importTableSave()','POST',1,'admin','研发部门','/tool/gen/importTable','127.0.0.1','内网IP','{\"tables\":\"vr_applications\"}','{\"msg\":\"操作成功\",\"code\":200}',0,NULL,'2025-02-24 09:57:02',165),(345,'代码生成',2,'com.ruoyi.generator.controller.GenController.editSave()','PUT',1,'admin','研发部门','/tool/gen','127.0.0.1','内网IP','{\"businessName\":\"applications\",\"className\":\"VrApplications\",\"columns\":[{\"capJavaField\":\"AppId\",\"columnComment\":\"应用ID\",\"columnId\":285,\"columnName\":\"app_id\",\"columnType\":\"int\",\"createBy\":\"admin\",\"createTime\":\"2025-02-24 09:57:02\",\"dictType\":\"\",\"edit\":false,\"htmlType\":\"input\",\"increment\":true,\"insert\":false,\"isIncrement\":\"1\",\"isInsert\":\"0\",\"isPk\":\"1\",\"isRequired\":\"0\",\"javaField\":\"appId\",\"javaType\":\"Long\",\"list\":false,\"params\":{},\"pk\":true,\"query\":false,\"queryType\":\"EQ\",\"required\":false,\"sort\":1,\"superColumn\":false,\"tableId\":47,\"updateBy\":\"\",\"usableColumn\":false},{\"capJavaField\":\"AppName\",\"columnComment\":\"名称\",\"columnId\":286,\"columnName\":\"app_name\",\"columnType\":\"varchar(255)\",\"createBy\":\"admin\",\"createTime\":\"2025-02-24 09:57:02\",\"dictType\":\"\",\"edit\":true,\"htmlType\":\"input\",\"increment\":false,\"insert\":true,\"isEdit\":\"1\",\"isIncrement\":\"0\",\"isInsert\":\"1\",\"isList\":\"1\",\"isPk\":\"0\",\"isQuery\":\"1\",\"isRequired\":\"1\",\"javaField\":\"appName\",\"javaType\":\"String\",\"list\":true,\"params\":{},\"pk\":false,\"query\":true,\"queryType\":\"LIKE\",\"required\":true,\"sort\":2,\"superColumn\":false,\"tableId\":47,\"updateBy\":\"\",\"usableColumn\":false},{\"capJavaField\":\"Description\",\"columnComment\":\"功能简介\",\"columnId\":287,\"columnName\":\"description\",\"columnType\":\"text\",\"createBy\":\"admin\",\"createTime\":\"2025-02-24 09:57:02\",\"dictType\":\"\",\"edit\":true,\"htmlType\":\"textarea\",\"increment\":false,\"insert\":true,\"isEdit\":\"1\",\"isIncrement\":\"0\",\"isInsert\":\"1\",\"isList\":\"1\",\"isPk\":\"0\",\"isQuery\":\"1\",\"isRequired\":\"0\",\"javaField\":\"description\",\"javaType\":\"String\",\"list\":true,\"params\":{},\"pk\":false,\"query\":true,\"queryType\":\"LIKE\",\"required\":false,\"sort\":3,\"superColumn\":false,\"tableId\":47,\"updateBy\":\"\",\"usableColumn\":false},{\"capJavaField\":\"Version\",\"columnComment\":\"版本号\",\"columnId\":288,\"columnName\":\"version\",\"columnType\":\"varchar(50)\",\"createBy\":\"admin\",\"createTime\":\"2025-02-24 09:57:02\",\"dictType\":\"\",\"edit\":true,\"htmlType\":\"input\",\"increment\":false,\"insert\":true,\"isEdit\":\"1\",\"isIncrement\":\"0\",\"isInsert\":\"1\",\"isList\":\"1\",\"isPk\":\"0\",\"isQuery\":\"1\"','{\"msg\":\"操作成功\",\"code\":200}',0,NULL,'2025-02-24 10:02:11',125),(346,'代码生成',8,'com.ruoyi.generator.controller.GenController.batchGenCode()','GET',1,'admin','研发部门','/tool/gen/batchGenCode','127.0.0.1','内网IP','{\"tables\":\"vr_applications\"}',NULL,0,NULL,'2025-02-24 10:02:17',533),(347,'代码生成',6,'com.ruoyi.generator.controller.GenController.importTableSave()','POST',1,'admin','研发部门','/tool/gen/importTable','127.0.0.1','内网IP','{\"tables\":\"school_applications\"}','{\"msg\":\"操作成功\",\"code\":200}',0,NULL,'2025-02-24 10:42:34',58),(348,'代码生成',2,'com.ruoyi.generator.controller.GenController.editSave()','PUT',1,'admin','研发部门','/tool/gen','127.0.0.1','内网IP','{\"businessName\":\"applications\",\"className\":\"SchoolApplications\",\"columns\":[{\"capJavaField\":\"AppId\",\"columnComment\":\"应用ID\",\"columnId\":290,\"columnName\":\"app_id\",\"columnType\":\"int\",\"createBy\":\"admin\",\"createTime\":\"2025-02-24 10:42:34\",\"dictType\":\"\",\"edit\":false,\"htmlType\":\"input\",\"increment\":true,\"insert\":false,\"isIncrement\":\"1\",\"isInsert\":\"0\",\"isPk\":\"1\",\"isRequired\":\"0\",\"javaField\":\"appId\",\"javaType\":\"Long\",\"list\":false,\"params\":{},\"pk\":true,\"query\":false,\"queryType\":\"EQ\",\"required\":false,\"sort\":1,\"superColumn\":false,\"tableId\":48,\"updateBy\":\"\",\"usableColumn\":false},{\"capJavaField\":\"AppName\",\"columnComment\":\"名称\",\"columnId\":291,\"columnName\":\"app_name\",\"columnType\":\"varchar(255)\",\"createBy\":\"admin\",\"createTime\":\"2025-02-24 10:42:34\",\"dictType\":\"\",\"edit\":true,\"htmlType\":\"input\",\"increment\":false,\"insert\":true,\"isEdit\":\"1\",\"isIncrement\":\"0\",\"isInsert\":\"1\",\"isList\":\"1\",\"isPk\":\"0\",\"isQuery\":\"1\",\"isRequired\":\"1\",\"javaField\":\"appName\",\"javaType\":\"String\",\"list\":true,\"params\":{},\"pk\":false,\"query\":true,\"queryType\":\"LIKE\",\"required\":true,\"sort\":2,\"superColumn\":false,\"tableId\":48,\"updateBy\":\"\",\"usableColumn\":false},{\"capJavaField\":\"Description\",\"columnComment\":\"功能简介\",\"columnId\":292,\"columnName\":\"description\",\"columnType\":\"text\",\"createBy\":\"admin\",\"createTime\":\"2025-02-24 10:42:34\",\"dictType\":\"\",\"edit\":true,\"htmlType\":\"textarea\",\"increment\":false,\"insert\":true,\"isEdit\":\"1\",\"isIncrement\":\"0\",\"isInsert\":\"1\",\"isList\":\"1\",\"isPk\":\"0\",\"isQuery\":\"1\",\"isRequired\":\"0\",\"javaField\":\"description\",\"javaType\":\"String\",\"list\":true,\"params\":{},\"pk\":false,\"query\":true,\"queryType\":\"LIKE\",\"required\":false,\"sort\":3,\"superColumn\":false,\"tableId\":48,\"updateBy\":\"\",\"usableColumn\":false},{\"capJavaField\":\"Version\",\"columnComment\":\"版本号\",\"columnId\":293,\"columnName\":\"version\",\"columnType\":\"varchar(50)\",\"createBy\":\"admin\",\"createTime\":\"2025-02-24 10:42:34\",\"dictType\":\"\",\"edit\":true,\"htmlType\":\"input\",\"increment\":false,\"insert\":true,\"isEdit\":\"1\",\"isIncrement\":\"0\",\"isInsert\":\"1\",\"isList\":\"1\",\"isPk\":\"0\",\"isQuery\"','{\"msg\":\"操作成功\",\"code\":200}',0,NULL,'2025-02-24 10:44:08',39),(349,'代码生成',8,'com.ruoyi.generator.controller.GenController.batchGenCode()','GET',1,'admin','研发部门','/tool/gen/batchGenCode','127.0.0.1','内网IP','{\"tables\":\"school_applications\"}',NULL,0,NULL,'2025-02-24 10:44:11',97),(350,'AR内容',2,'com.ruoyi.ar.controller.ArContentController.edit()','PUT',1,'admin','研发部门','/ar/content','127.0.0.1','内网IP','{\"arContentId\":7,\"params\":{},\"qrCodeId\":4}','{\"msg\":\"操作成功\",\"code\":200}',0,NULL,'2025-02-26 16:13:01',22),(351,'AR内容',2,'com.ruoyi.ar.controller.ArContentController.edit()','PUT',1,'admin','研发部门','/ar/content','127.0.0.1','内网IP','{\"arContentId\":11,\"params\":{},\"qrCodeId\":5}','{\"msg\":\"操作成功\",\"code\":200}',0,NULL,'2025-02-26 16:13:36',7),(352,'AR内容',2,'com.ruoyi.ar.controller.ArContentController.edit()','PUT',1,'admin','研发部门','/ar/content','127.0.0.1','内网IP','{\"arContentId\":10,\"params\":{},\"qrCodeId\":5}','{\"msg\":\"操作成功\",\"code\":200}',0,NULL,'2025-02-26 16:14:19',13),(353,'AR内容',2,'com.ruoyi.ar.controller.ArContentController.edit()','PUT',1,'admin','研发部门','/ar/content','127.0.0.1','内网IP','{\"arContentId\":7,\"params\":{}}','{\"msg\":\"操作成功\",\"code\":200}',0,NULL,'2025-02-26 16:18:51',8),(354,'AR内容',2,'com.ruoyi.ar.controller.ArContentController.edit()','PUT',1,'admin','研发部门','/ar/content','127.0.0.1','内网IP','{\"arContentId\":9,\"params\":{}}','{\"msg\":\"操作成功\",\"code\":200}',0,NULL,'2025-02-26 16:18:52',7),(355,'AR内容',2,'com.ruoyi.ar.controller.ArContentController.edit()','PUT',1,'admin','研发部门','/ar/content','127.0.0.1','内网IP','{\"arContentId\":7,\"category\":\"纯文本\",\"description\":\"一个沉浸式虚拟现实体验平台。\",\"fileUrl\":\"http://example.com/vr_experience\",\"name\":\"虚拟现实体验\",\"params\":{},\"qrCodeId\":5,\"usageStatus\":\"1\"}','{\"msg\":\"操作成功\",\"code\":200}',0,NULL,'2025-02-26 16:50:52',33),(356,'AR内容',2,'com.ruoyi.ar.controller.ArContentController.edit()','PUT',1,'admin','研发部门','/ar/content','127.0.0.1','内网IP','{\"arContentId\":7,\"params\":{},\"qrCodeId\":4}','{\"msg\":\"操作成功\",\"code\":200}',0,NULL,'2025-02-26 16:56:43',33),(357,'AR内容',2,'com.ruoyi.ar.controller.ArContentController.edit()','PUT',1,'admin','研发部门','/ar/content','127.0.0.1','内网IP','{\"arContentId\":11,\"params\":{},\"qrCodeId\":4}','{\"msg\":\"操作成功\",\"code\":200}',0,NULL,'2025-02-26 16:58:07',7),(358,'AR内容',2,'com.ruoyi.ar.controller.ArContentController.edit()','PUT',1,'admin','研发部门','/ar/content','127.0.0.1','内网IP','{\"arContentId\":7,\"params\":{},\"qrCodeId\":5}','{\"msg\":\"操作成功\",\"code\":200}',0,NULL,'2025-02-26 16:59:55',5),(359,'AR内容',2,'com.ruoyi.ar.controller.ArContentController.edit()','PUT',1,'admin','研发部门','/ar/content','127.0.0.1','内网IP','{\"arContentId\":11,\"params\":{}}','{\"msg\":\"操作成功\",\"code\":200}',0,NULL,'2025-02-26 17:18:18',49),(360,'AR内容',2,'com.ruoyi.ar.controller.ArContentController.edit()','PUT',1,'admin','研发部门','/ar/content','127.0.0.1','内网IP','{\"arContentId\":9,\"params\":{},\"qrCodeId\":4}','{\"msg\":\"操作成功\",\"code\":200}',0,NULL,'2025-02-26 17:20:04',14),(361,'二维码',2,'com.ruoyi.ar.controller.QrCodeController.edit()','PUT',1,'admin','研发部门','/ar/code','127.0.0.1','内网IP','{\"params\":{},\"qrCode\":\"https://schoolworkweb.oss-cn-beijing.aliyuncs.com/school-images/2025/02/07/67a5bb28555497ab2a1d23a8.png\",\"qrCodeId\":5,\"qrCodeName\":\"游戏\",\"usageStatus\":\"1\"}','{\"msg\":\"操作成功\",\"code\":200}',0,NULL,'2025-02-26 17:21:08',8),(362,'AR内容',2,'com.ruoyi.ar.controller.ArContentController.edit()','PUT',1,'admin','研发部门','/ar/content','127.0.0.1','内网IP','{\"arContentId\":11,\"params\":{},\"qrCodeId\":5}','{\"msg\":\"操作成功\",\"code\":200}',0,NULL,'2025-02-26 17:22:30',5),(363,'AR内容',2,'com.ruoyi.ar.controller.ArContentController.edit()','PUT',1,'admin','研发部门','/ar/content','127.0.0.1','内网IP','{\"arContentId\":9,\"params\":{}}','{\"msg\":\"操作成功\",\"code\":200}',0,NULL,'2025-02-26 17:22:39',12),(364,'AR内容',2,'com.ruoyi.ar.controller.ArContentController.edit()','PUT',1,'admin','研发部门','/ar/content','127.0.0.1','内网IP','{\"arContentId\":9,\"params\":{},\"qrCodeId\":4}','{\"msg\":\"操作成功\",\"code\":200}',0,NULL,'2025-02-26 17:23:24',13),(365,'出厂配置',1,'com.ruoyi.ar.controller.ArApplicationConfigurationController.add()','POST',1,'admin','研发部门','/ar/configuration','127.0.0.1','内网IP','{\"appId\":1,\"displayMethod\":\"纯文本\",\"id\":1,\"params\":{},\"privacySettings\":\"自动开启相机服务\",\"screenResolution\":\"自定义\",\"triggerMethod\":\"二维码扫描\",\"videoResolution\":\"480p\"}','{\"msg\":\"操作成功\",\"code\":200}',0,NULL,'2025-02-28 11:08:44',132),(366,'出厂配置',2,'com.ruoyi.ar.controller.ArApplicationConfigurationController.edit()','PUT',1,'admin','研发部门','/ar/configuration','127.0.0.1','内网IP','{\"appId\":1,\"createdAt\":\"2025-02-28 11:08:44\",\"displayMethod\":\"纯文本\",\"id\":1,\"params\":{},\"privacySettings\":\"自动开启相机服务\",\"screenResolution\":\"自定义\",\"triggerMethod\":\"二维码扫描\",\"videoResolution\":\"480p\"}','{\"msg\":\"操作成功\",\"code\":200}',0,NULL,'2025-02-28 11:08:59',37),(367,'菜单管理',3,'com.ruoyi.web.controller.system.SysMenuController.remove()','DELETE',1,'admin','研发部门','/system/menu/2534','127.0.0.1','内网IP','2534','{\"msg\":\"操作成功\",\"code\":200}',0,NULL,'2025-02-28 11:15:05',83),(368,'菜单管理',3,'com.ruoyi.web.controller.system.SysMenuController.remove()','DELETE',1,'admin','研发部门','/system/menu/2535','127.0.0.1','内网IP','2535','{\"msg\":\"操作成功\",\"code\":200}',0,NULL,'2025-02-28 11:15:06',16),(369,'菜单管理',3,'com.ruoyi.web.controller.system.SysMenuController.remove()','DELETE',1,'admin','研发部门','/system/menu/2536','127.0.0.1','内网IP','2536','{\"msg\":\"操作成功\",\"code\":200}',0,NULL,'2025-02-28 11:15:08',21),(370,'菜单管理',3,'com.ruoyi.web.controller.system.SysMenuController.remove()','DELETE',1,'admin','研发部门','/system/menu/2537','127.0.0.1','内网IP','2537','{\"msg\":\"操作成功\",\"code\":200}',0,NULL,'2025-02-28 11:15:09',15),(371,'菜单管理',3,'com.ruoyi.web.controller.system.SysMenuController.remove()','DELETE',1,'admin','研发部门','/system/menu/2538','127.0.0.1','内网IP','2538','{\"msg\":\"操作成功\",\"code\":200}',0,NULL,'2025-02-28 11:15:11',11),(372,'菜单管理',3,'com.ruoyi.web.controller.system.SysMenuController.remove()','DELETE',1,'admin','研发部门','/system/menu/2533','127.0.0.1','内网IP','2533','{\"msg\":\"操作成功\",\"code\":200}',0,NULL,'2025-02-28 11:15:13',16),(373,'校企应用',1,'com.ruoyi.school.controller.SchoolApplicationsController.add()','POST',1,'admin','研发部门','/school/applications','127.0.0.1','内网IP','{\"appId\":1,\"appName\":\"虚拟现实教室\",\"description\":\"虚拟现实教室，提供沉浸式学习体验。\",\"params\":{},\"releaseDate\":\"2025-03-13\",\"version\":\"1.0\"}','{\"msg\":\"操作成功\",\"code\":200}',0,NULL,'2025-03-21 12:04:11',95),(374,'校企应用',1,'com.ruoyi.school.controller.SchoolApplicationsController.add()','POST',1,'admin','研发部门','/school/applications','127.0.0.1','内网IP','{\"appId\":2,\"appName\":\"VR医学培训\",\"description\":\"用于医学培训的虚拟现实应用，模拟手术场景。\",\"params\":{},\"releaseDate\":\"2025-01-07\",\"version\":\"2.0\"}','{\"msg\":\"操作成功\",\"code\":200}',0,NULL,'2025-03-21 12:04:39',7),(375,'二维码',1,'com.ruoyi.ar.controller.QrCodeController.add()','POST',1,'admin','研发部门','/ar/code','127.0.0.1','内网IP','{\"params\":{},\"qrCode\":\"https://schoolworkweb.oss-cn-beijing.aliyuncs.com/school-images/2025/03/21/67dd0afb55544da25b54555b.jpeg\",\"qrCodeId\":6,\"qrCodeName\":\"q\"}','{\"msg\":\"操作成功\",\"code\":200}',0,NULL,'2025-03-21 14:45:18',168),(376,'AR内容',2,'com.ruoyi.ar.controller.ArContentController.edit()','PUT',1,'admin','研发部门','/ar/content','127.0.0.1','内网IP','{\"arContentId\":10,\"params\":{}}','{\"msg\":\"操作成功\",\"code\":200}',0,NULL,'2025-03-21 14:45:44',22),(377,'AR内容',2,'com.ruoyi.ar.controller.ArContentController.edit()','PUT',1,'admin','研发部门','/ar/content','127.0.0.1','内网IP','{\"arContentId\":10,\"params\":{},\"qrCodeId\":6}','{\"msg\":\"操作成功\",\"code\":200}',0,NULL,'2025-03-21 14:45:57',9),(378,'AR内容',2,'com.ruoyi.ar.controller.ArContentController.edit()','PUT',1,'admin','研发部门','/ar/content','127.0.0.1','内网IP','{\"arContentId\":10,\"params\":{}}','{\"msg\":\"操作成功\",\"code\":200}',0,NULL,'2025-03-21 14:48:37',5),(379,'AR内容',2,'com.ruoyi.ar.controller.ArContentController.edit()','PUT',1,'admin','研发部门','/ar/content','127.0.0.1','内网IP','{\"arContentId\":10,\"params\":{},\"qrCodeId\":6}','{\"msg\":\"操作成功\",\"code\":200}',0,NULL,'2025-03-21 14:48:53',20),(380,'AR内容',2,'com.ruoyi.ar.controller.ArContentController.edit()','PUT',1,'admin','研发部门','/ar/content','127.0.0.1','内网IP','{\"arContentId\":11,\"params\":{}}','{\"msg\":\"操作成功\",\"code\":200}',0,NULL,'2025-03-21 14:53:42',16),(381,'AR内容',2,'com.ruoyi.ar.controller.ArContentController.edit()','PUT',1,'admin','研发部门','/ar/content','127.0.0.1','内网IP','{\"arContentId\":8,\"params\":{}}','{\"msg\":\"操作成功\",\"code\":200}',0,NULL,'2025-03-21 14:53:44',22),(382,'AR内容',2,'com.ruoyi.ar.controller.ArContentController.edit()','PUT',1,'admin','研发部门','/ar/content','127.0.0.1','内网IP','{\"arContentId\":7,\"params\":{}}','{\"msg\":\"操作成功\",\"code\":200}',0,NULL,'2025-03-21 14:53:45',7),(383,'AR内容',2,'com.ruoyi.ar.controller.ArContentController.edit()','PUT',1,'admin','研发部门','/ar/content','127.0.0.1','内网IP','{\"arContentId\":7,\"params\":{},\"qrCodeId\":5}','{\"msg\":\"操作成功\",\"code\":200}',0,NULL,'2025-03-21 14:54:20',14),(384,'AR内容',2,'com.ruoyi.ar.controller.ArContentController.edit()','PUT',1,'admin','研发部门','/ar/content','127.0.0.1','内网IP','{\"arContentId\":7,\"params\":{}}','{\"msg\":\"操作成功\",\"code\":200}',0,NULL,'2025-03-21 14:54:27',14),(385,'AR内容',2,'com.ruoyi.ar.controller.ArContentController.edit()','PUT',1,'admin','研发部门','/ar/content','127.0.0.1','内网IP','{\"arContentId\":9,\"params\":{}}','{\"msg\":\"操作成功\",\"code\":200}',0,NULL,'2025-03-21 14:54:39',13),(386,'AR内容',2,'com.ruoyi.ar.controller.ArContentController.edit()','PUT',1,'admin','研发部门','/ar/content','127.0.0.1','内网IP','{\"arContentId\":7,\"params\":{},\"qrCodeId\":5}','{\"msg\":\"操作成功\",\"code\":200}',0,NULL,'2025-03-21 14:59:33',19),(387,'AR内容',2,'com.ruoyi.ar.controller.ArContentController.edit()','PUT',1,'admin','研发部门','/ar/content','127.0.0.1','内网IP','{\"arContentId\":7,\"params\":{}}','{\"msg\":\"操作成功\",\"code\":200}',0,NULL,'2025-03-21 14:59:49',12),(388,'AR内容',2,'com.ruoyi.ar.controller.ArContentController.edit()','PUT',1,'admin','研发部门','/ar/content','127.0.0.1','内网IP','{\"arContentId\":7,\"params\":{},\"qrCodeId\":6}','{\"msg\":\"操作成功\",\"code\":200}',0,NULL,'2025-03-21 15:00:14',9),(389,'AR内容',2,'com.ruoyi.ar.controller.ArContentController.edit()','PUT',1,'admin','研发部门','/ar/content','127.0.0.1','内网IP','{\"arContentId\":10,\"params\":{}}','{\"msg\":\"操作成功\",\"code\":200}',0,NULL,'2025-03-21 15:01:39',13),(390,'AR内容',2,'com.ruoyi.ar.controller.ArContentController.edit()','PUT',1,'admin','研发部门','/ar/content','127.0.0.1','内网IP','{\"arContentId\":7,\"params\":{}}','{\"msg\":\"操作成功\",\"code\":200}',0,NULL,'2025-03-21 15:02:54',8),(391,'二维码',3,'com.ruoyi.ar.controller.QrCodeController.remove()','DELETE',1,'admin','研发部门','/ar/code/4','127.0.0.1','内网IP','[4]',NULL,1,'\r\n### Error querying database.  Cause: java.sql.SQLSyntaxErrorException: Table \'ry-vue.ar_association\' doesn\'t exist\r\n### The error may exist in file [D:\\Project\\Java\\IdeaProjects\\2222201\\ruoyi-admin\\target\\classes\\mapper\\ar\\ArAssociationMapper.xml]\r\n### The error may involve defaultParameterMap\r\n### The error occurred while setting parameters\r\n### SQL: SELECT COUNT(*)         FROM ar_association         WHERE qr_code_id = ?\r\n### Cause: java.sql.SQLSyntaxErrorException: Table \'ry-vue.ar_association\' doesn\'t exist\n; bad SQL grammar []; nested exception is java.sql.SQLSyntaxErrorException: Table \'ry-vue.ar_association\' doesn\'t exist','2025-03-21 15:05:12',101),(392,'二维码',3,'com.ruoyi.ar.controller.QrCodeController.remove()','DELETE',1,'admin','研发部门','/ar/code/4','127.0.0.1','内网IP','[4]',NULL,1,'\r\n### Error querying database.  Cause: java.sql.SQLSyntaxErrorException: Table \'ry-vue.ar_association\' doesn\'t exist\r\n### The error may exist in file [D:\\Project\\Java\\IdeaProjects\\2222201\\ruoyi-admin\\target\\classes\\mapper\\ar\\ArAssociationMapper.xml]\r\n### The error may involve defaultParameterMap\r\n### The error occurred while setting parameters\r\n### SQL: SELECT COUNT(*)         FROM ar_association         WHERE qr_code_id = ?\r\n### Cause: java.sql.SQLSyntaxErrorException: Table \'ry-vue.ar_association\' doesn\'t exist\n; bad SQL grammar []; nested exception is java.sql.SQLSyntaxErrorException: Table \'ry-vue.ar_association\' doesn\'t exist','2025-03-21 15:05:20',14),(393,'二维码',3,'com.ruoyi.ar.controller.QrCodeController.remove()','DELETE',1,'admin','研发部门','/ar/code/6','127.0.0.1','内网IP','[6]',NULL,1,'\r\n### Error querying database.  Cause: java.sql.SQLSyntaxErrorException: Table \'ry-vue.ar_association\' doesn\'t exist\r\n### The error may exist in file [D:\\Project\\Java\\IdeaProjects\\2222201\\ruoyi-admin\\target\\classes\\mapper\\ar\\ArAssociationMapper.xml]\r\n### The error may involve defaultParameterMap\r\n### The error occurred while setting parameters\r\n### SQL: SELECT COUNT(*)         FROM ar_association         WHERE qr_code_id = ?\r\n### Cause: java.sql.SQLSyntaxErrorException: Table \'ry-vue.ar_association\' doesn\'t exist\n; bad SQL grammar []; nested exception is java.sql.SQLSyntaxErrorException: Table \'ry-vue.ar_association\' doesn\'t exist','2025-03-21 15:11:57',10),(394,'二维码',3,'com.ruoyi.ar.controller.QrCodeController.remove()','DELETE',1,'admin','研发部门','/ar/code/5','127.0.0.1','内网IP','[5]','{\"msg\":\"操作成功\",\"code\":200}',0,NULL,'2025-03-21 15:25:07',40),(395,'AR内容',2,'com.ruoyi.ar.controller.ArContentController.edit()','PUT',1,'admin','研发部门','/ar/content','127.0.0.1','内网IP','{\"arContentId\":8,\"params\":{},\"qrCodeId\":4}','{\"msg\":\"操作成功\",\"code\":200}',0,NULL,'2025-03-21 15:26:27',22),(396,'AR内容',2,'com.ruoyi.ar.controller.ArContentController.edit()','PUT',1,'admin','研发部门','/ar/content','127.0.0.1','内网IP','{\"arContentId\":8,\"params\":{}}','{\"msg\":\"操作成功\",\"code\":200}',0,NULL,'2025-03-21 15:26:29',9),(397,'二维码',3,'com.ruoyi.ar.controller.QrCodeController.remove()','DELETE',1,'admin','研发部门','/ar/code/4','127.0.0.1','内网IP','[4]',NULL,1,'\r\n### Error updating database.  Cause: java.sql.SQLIntegrityConstraintViolationException: Cannot delete or update a parent row: a foreign key constraint fails (`ry-vue`.`device`, CONSTRAINT `device_ibfk_1` FOREIGN KEY (`qr_code_number`) REFERENCES `qr_code` (`qr_code_id`) ON DELETE RESTRICT ON UPDATE RESTRICT)\r\n### The error may exist in file [D:\\Project\\Java\\IdeaProjects\\2222201\\ruoyi-admin\\target\\classes\\mapper\\ar\\QrCodeMapper.xml]\r\n### The error may involve com.ruoyi.ar.mapper.QrCodeMapper.deleteQrCodeByQrCodeIds-Inline\r\n### The error occurred while setting parameters\r\n### SQL: delete from qr_code where qr_code_id in           (               ?          )\r\n### Cause: java.sql.SQLIntegrityConstraintViolationException: Cannot delete or update a parent row: a foreign key constraint fails (`ry-vue`.`device`, CONSTRAINT `device_ibfk_1` FOREIGN KEY (`qr_code_number`) REFERENCES `qr_code` (`qr_code_id`) ON DELETE RESTRICT ON UPDATE RESTRICT)\n; Cannot delete or update a parent row: a foreign key constraint fails (`ry-vue`.`device`, CONSTRAINT `device_ibfk_1` FOREIGN KEY (`qr_code_number`) REFERENCES `qr_code` (`qr_code_id`) ON DELETE RESTRICT ON UPDATE RESTRICT); nested exception is java.sql.SQLIntegrityConstraintViolationException: Cannot delete or update a parent row: a foreign key constraint fails (`ry-vue`.`device`, CONSTRAINT `device_ibfk_1` FOREIGN KEY (`qr_code_number`) REFERENCES `qr_code` (`qr_code_id`) ON DELETE RESTRICT ON UPDATE RESTRICT)','2025-03-21 15:27:43',31),(398,'二维码',3,'com.ruoyi.ar.controller.QrCodeController.remove()','DELETE',1,'admin','研发部门','/ar/code/4','127.0.0.1','内网IP','[4]',NULL,1,'\r\n### Error updating database.  Cause: java.sql.SQLIntegrityConstraintViolationException: Cannot delete or update a parent row: a foreign key constraint fails (`ry-vue`.`device`, CONSTRAINT `device_ibfk_1` FOREIGN KEY (`qr_code_number`) REFERENCES `qr_code` (`qr_code_id`) ON DELETE RESTRICT ON UPDATE RESTRICT)\r\n### The error may exist in file [D:\\Project\\Java\\IdeaProjects\\2222201\\ruoyi-admin\\target\\classes\\mapper\\ar\\QrCodeMapper.xml]\r\n### The error may involve com.ruoyi.ar.mapper.QrCodeMapper.deleteQrCodeByQrCodeIds-Inline\r\n### The error occurred while setting parameters\r\n### SQL: delete from qr_code where qr_code_id in           (               ?          )\r\n### Cause: java.sql.SQLIntegrityConstraintViolationException: Cannot delete or update a parent row: a foreign key constraint fails (`ry-vue`.`device`, CONSTRAINT `device_ibfk_1` FOREIGN KEY (`qr_code_number`) REFERENCES `qr_code` (`qr_code_id`) ON DELETE RESTRICT ON UPDATE RESTRICT)\n; Cannot delete or update a parent row: a foreign key constraint fails (`ry-vue`.`device`, CONSTRAINT `device_ibfk_1` FOREIGN KEY (`qr_code_number`) REFERENCES `qr_code` (`qr_code_id`) ON DELETE RESTRICT ON UPDATE RESTRICT); nested exception is java.sql.SQLIntegrityConstraintViolationException: Cannot delete or update a parent row: a foreign key constraint fails (`ry-vue`.`device`, CONSTRAINT `device_ibfk_1` FOREIGN KEY (`qr_code_number`) REFERENCES `qr_code` (`qr_code_id`) ON DELETE RESTRICT ON UPDATE RESTRICT)','2025-03-21 15:27:50',27),(399,'二维码',3,'com.ruoyi.ar.controller.QrCodeController.remove()','DELETE',1,'admin','研发部门','/ar/code/4','127.0.0.1','内网IP','[4]',NULL,1,'\r\n### Error updating database.  Cause: java.sql.SQLIntegrityConstraintViolationException: Cannot delete or update a parent row: a foreign key constraint fails (`ry-vue`.`device`, CONSTRAINT `device_ibfk_1` FOREIGN KEY (`qr_code_number`) REFERENCES `qr_code` (`qr_code_id`) ON DELETE RESTRICT ON UPDATE RESTRICT)\r\n### The error may exist in file [D:\\Project\\Java\\IdeaProjects\\2222201\\ruoyi-admin\\target\\classes\\mapper\\ar\\QrCodeMapper.xml]\r\n### The error may involve com.ruoyi.ar.mapper.QrCodeMapper.deleteQrCodeByQrCodeIds-Inline\r\n### The error occurred while setting parameters\r\n### SQL: delete from qr_code where qr_code_id in           (               ?          )\r\n### Cause: java.sql.SQLIntegrityConstraintViolationException: Cannot delete or update a parent row: a foreign key constraint fails (`ry-vue`.`device`, CONSTRAINT `device_ibfk_1` FOREIGN KEY (`qr_code_number`) REFERENCES `qr_code` (`qr_code_id`) ON DELETE RESTRICT ON UPDATE RESTRICT)\n; Cannot delete or update a parent row: a foreign key constraint fails (`ry-vue`.`device`, CONSTRAINT `device_ibfk_1` FOREIGN KEY (`qr_code_number`) REFERENCES `qr_code` (`qr_code_id`) ON DELETE RESTRICT ON UPDATE RESTRICT); nested exception is java.sql.SQLIntegrityConstraintViolationException: Cannot delete or update a parent row: a foreign key constraint fails (`ry-vue`.`device`, CONSTRAINT `device_ibfk_1` FOREIGN KEY (`qr_code_number`) REFERENCES `qr_code` (`qr_code_id`) ON DELETE RESTRICT ON UPDATE RESTRICT)','2025-03-21 16:16:50',28),(400,'AR内容',2,'com.ruoyi.ar.controller.ArContentController.edit()','PUT',1,'admin','研发部门','/ar/content','127.0.0.1','内网IP','{\"arContentId\":8,\"params\":{},\"qrCodeId\":4}','{\"msg\":\"操作成功\",\"code\":200}',0,NULL,'2025-03-21 16:16:59',9),(401,'AR内容',2,'com.ruoyi.ar.controller.ArContentController.edit()','PUT',1,'admin','研发部门','/ar/content','127.0.0.1','内网IP','{\"arContentId\":8,\"params\":{}}','{\"msg\":\"操作成功\",\"code\":200}',0,NULL,'2025-03-21 16:17:02',7),(402,'二维码',3,'com.ruoyi.ar.controller.QrCodeController.remove()','DELETE',1,'admin','研发部门','/ar/code/4','127.0.0.1','内网IP','[4]',NULL,1,'\r\n### Error updating database.  Cause: java.sql.SQLIntegrityConstraintViolationException: Cannot delete or update a parent row: a foreign key constraint fails (`ry-vue`.`device`, CONSTRAINT `device_ibfk_1` FOREIGN KEY (`qr_code_number`) REFERENCES `qr_code` (`qr_code_id`) ON DELETE RESTRICT ON UPDATE RESTRICT)\r\n### The error may exist in file [D:\\Project\\Java\\IdeaProjects\\2222201\\ruoyi-admin\\target\\classes\\mapper\\ar\\QrCodeMapper.xml]\r\n### The error may involve com.ruoyi.ar.mapper.QrCodeMapper.deleteQrCodeByQrCodeIds-Inline\r\n### The error occurred while setting parameters\r\n### SQL: delete from qr_code where qr_code_id in           (               ?          )\r\n### Cause: java.sql.SQLIntegrityConstraintViolationException: Cannot delete or update a parent row: a foreign key constraint fails (`ry-vue`.`device`, CONSTRAINT `device_ibfk_1` FOREIGN KEY (`qr_code_number`) REFERENCES `qr_code` (`qr_code_id`) ON DELETE RESTRICT ON UPDATE RESTRICT)\n; Cannot delete or update a parent row: a foreign key constraint fails (`ry-vue`.`device`, CONSTRAINT `device_ibfk_1` FOREIGN KEY (`qr_code_number`) REFERENCES `qr_code` (`qr_code_id`) ON DELETE RESTRICT ON UPDATE RESTRICT); nested exception is java.sql.SQLIntegrityConstraintViolationException: Cannot delete or update a parent row: a foreign key constraint fails (`ry-vue`.`device`, CONSTRAINT `device_ibfk_1` FOREIGN KEY (`qr_code_number`) REFERENCES `qr_code` (`qr_code_id`) ON DELETE RESTRICT ON UPDATE RESTRICT)','2025-03-21 16:17:13',13),(403,'沙盘分区',3,'com.ruoyi.ar.controller.SandboxZoneController.remove()','DELETE',1,'admin','研发部门','/ar/zone/5','127.0.0.1','内网IP','[5]','{\"msg\":\"操作成功\",\"code\":200}',0,NULL,'2025-03-21 16:19:17',9),(404,'二维码',3,'com.ruoyi.ar.controller.QrCodeController.remove()','DELETE',1,'admin','研发部门','/ar/code/4','127.0.0.1','内网IP','[4]',NULL,1,'\r\n### Error updating database.  Cause: java.sql.SQLIntegrityConstraintViolationException: Cannot delete or update a parent row: a foreign key constraint fails (`ry-vue`.`device`, CONSTRAINT `device_ibfk_1` FOREIGN KEY (`qr_code_number`) REFERENCES `qr_code` (`qr_code_id`) ON DELETE RESTRICT ON UPDATE RESTRICT)\r\n### The error may exist in file [D:\\Project\\Java\\IdeaProjects\\2222201\\ruoyi-admin\\target\\classes\\mapper\\ar\\QrCodeMapper.xml]\r\n### The error may involve com.ruoyi.ar.mapper.QrCodeMapper.deleteQrCodeByQrCodeIds-Inline\r\n### The error occurred while setting parameters\r\n### SQL: delete from qr_code where qr_code_id in           (               ?          )\r\n### Cause: java.sql.SQLIntegrityConstraintViolationException: Cannot delete or update a parent row: a foreign key constraint fails (`ry-vue`.`device`, CONSTRAINT `device_ibfk_1` FOREIGN KEY (`qr_code_number`) REFERENCES `qr_code` (`qr_code_id`) ON DELETE RESTRICT ON UPDATE RESTRICT)\n; Cannot delete or update a parent row: a foreign key constraint fails (`ry-vue`.`device`, CONSTRAINT `device_ibfk_1` FOREIGN KEY (`qr_code_number`) REFERENCES `qr_code` (`qr_code_id`) ON DELETE RESTRICT ON UPDATE RESTRICT); nested exception is java.sql.SQLIntegrityConstraintViolationException: Cannot delete or update a parent row: a foreign key constraint fails (`ry-vue`.`device`, CONSTRAINT `device_ibfk_1` FOREIGN KEY (`qr_code_number`) REFERENCES `qr_code` (`qr_code_id`) ON DELETE RESTRICT ON UPDATE RESTRICT)','2025-03-21 16:19:25',40),(405,'设备',2,'com.ruoyi.ar.controller.DeviceController.edit()','PUT',1,'admin','研发部门','/ar/device','127.0.0.1','内网IP','{\"description\":\"自动化装配线是一种用于大规模生产的设备，能够自动完成产品的组装、检测和包装等工序。它具有高效、精准、稳定等特点。\",\"deviceNumber\":16,\"factoryNumber\":\"5\",\"name\":\"自动化装配线\",\"params\":{},\"qrCodeNumber\":\"\",\"status\":\"1\"}','{\"msg\":\"操作成功\",\"code\":200}',0,NULL,'2025-03-21 16:19:33',18),(406,'二维码',3,'com.ruoyi.ar.controller.QrCodeController.remove()','DELETE',1,'admin','研发部门','/ar/code/4','127.0.0.1','内网IP','[4]','{\"msg\":\"操作成功\",\"code\":200}',0,NULL,'2025-03-21 16:19:37',15),(407,'AR内容',2,'com.ruoyi.ar.controller.ArContentController.edit()','PUT',1,'admin','研发部门','/ar/content','127.0.0.1','内网IP','{\"arContentId\":7,\"params\":{},\"qrCodeId\":6}','{\"msg\":\"操作成功\",\"code\":200}',0,NULL,'2025-03-21 16:46:42',20),(408,'AR内容',2,'com.ruoyi.ar.controller.ArContentController.edit()','PUT',1,'admin','研发部门','/ar/content','127.0.0.1','内网IP','{\"arContentId\":7,\"params\":{}}','{\"msg\":\"操作成功\",\"code\":200}',0,NULL,'2025-03-21 16:46:45',9),(409,'AR内容',2,'com.ruoyi.ar.controller.ArContentController.edit()','PUT',1,'admin','研发部门','/ar/content','127.0.0.1','内网IP','{\"arContentId\":8,\"params\":{},\"qrCodeId\":6}','{\"msg\":\"操作成功\",\"code\":200}',0,NULL,'2025-03-21 16:46:50',18),(410,'AR内容',2,'com.ruoyi.ar.controller.ArContentController.edit()','PUT',1,'admin','研发部门','/ar/content','127.0.0.1','内网IP','{\"arContentId\":7,\"params\":{},\"qrCodeId\":6}','{\"msg\":\"操作成功\",\"code\":200}',0,NULL,'2025-03-21 16:47:11',18),(411,'AR内容',2,'com.ruoyi.ar.controller.ArContentController.edit()','PUT',1,'admin','研发部门','/ar/content','127.0.0.1','内网IP','{\"arContentId\":9,\"params\":{},\"qrCodeId\":6}','{\"msg\":\"操作成功\",\"code\":200}',0,NULL,'2025-03-21 16:47:29',18),(412,'AR内容',2,'com.ruoyi.ar.controller.ArContentController.edit()','PUT',1,'admin','研发部门','/ar/content','127.0.0.1','内网IP','{\"arContentId\":10,\"params\":{},\"qrCodeId\":6}','{\"msg\":\"操作成功\",\"code\":200}',0,NULL,'2025-03-21 16:48:20',16),(413,'AR内容',2,'com.ruoyi.ar.controller.ArContentController.edit()','PUT',1,'admin','研发部门','/ar/content','127.0.0.1','内网IP','{\"arContentId\":7,\"category\":\"纯文本\",\"description\":\"一个沉浸式虚拟现实体验平台。\",\"fileUrl\":\"http://example.com/vr_experience\",\"name\":\"虚拟现实体验\",\"params\":{},\"qrCodeId\":6,\"usageStatus\":\"1\"}','{\"msg\":\"操作成功\",\"code\":200}',0,NULL,'2025-03-21 16:49:27',9),(414,'AR内容',2,'com.ruoyi.ar.controller.ArContentController.edit()','PUT',1,'admin','研发部门','/ar/content','127.0.0.1','内网IP','{\"arContentId\":11,\"params\":{},\"qrCodeId\":6}','{\"msg\":\"操作成功\",\"code\":200}',0,NULL,'2025-03-21 16:49:49',13),(415,'AR内容',2,'com.ruoyi.ar.controller.ArContentController.edit()','PUT',1,'admin','研发部门','/ar/content','127.0.0.1','内网IP','{\"arContentId\":11,\"params\":{}}','{\"msg\":\"操作成功\",\"code\":200}',0,NULL,'2025-03-21 16:49:55',10),(416,'AR内容',2,'com.ruoyi.ar.controller.ArContentController.edit()','PUT',1,'admin','研发部门','/ar/content','127.0.0.1','内网IP','{\"arContentId\":10,\"params\":{}}','{\"msg\":\"操作成功\",\"code\":200}',0,NULL,'2025-03-21 16:49:57',5),(417,'AR内容',2,'com.ruoyi.ar.controller.ArContentController.edit()','PUT',1,'admin','研发部门','/ar/content','127.0.0.1','内网IP','{\"arContentId\":10,\"params\":{},\"qrCodeId\":6}','{\"msg\":\"操作成功\",\"code\":200}',0,NULL,'2025-03-22 11:20:30',64),(418,'代码生成',6,'com.ruoyi.generator.controller.GenController.importTableSave()','POST',1,'admin','研发部门','/tool/gen/importTable','127.0.0.1','内网IP','{\"tables\":\"device_association,sand_association\"}','{\"msg\":\"操作成功\",\"code\":200}',0,NULL,'2025-03-25 11:55:17',106),(419,'代码生成',2,'com.ruoyi.generator.controller.GenController.editSave()','PUT',1,'admin','研发部门','/tool/gen','127.0.0.1','内网IP','{\"businessName\":\"association\",\"className\":\"SandAssociation\",\"columns\":[{\"capJavaField\":\"QrCodeId\",\"columnComment\":\"二维码编号\",\"columnId\":299,\"columnName\":\"qr_code_id\",\"columnType\":\"int\",\"createBy\":\"admin\",\"createTime\":\"2025-03-25 11:55:17\",\"dictType\":\"\",\"edit\":false,\"htmlType\":\"input\",\"increment\":true,\"insert\":true,\"isIncrement\":\"1\",\"isInsert\":\"1\",\"isPk\":\"1\",\"isRequired\":\"0\",\"javaField\":\"qrCodeId\",\"javaType\":\"Long\",\"list\":false,\"params\":{},\"pk\":true,\"query\":false,\"queryType\":\"EQ\",\"required\":false,\"sort\":1,\"superColumn\":false,\"tableId\":50,\"updateBy\":\"\",\"usableColumn\":false},{\"capJavaField\":\"QrCodeName\",\"columnComment\":\"二维码名称\",\"columnId\":300,\"columnName\":\"qr_code_name\",\"columnType\":\"varchar(255)\",\"createBy\":\"admin\",\"createTime\":\"2025-03-25 11:55:17\",\"dictType\":\"\",\"edit\":true,\"htmlType\":\"input\",\"increment\":false,\"insert\":true,\"isEdit\":\"1\",\"isIncrement\":\"0\",\"isInsert\":\"1\",\"isList\":\"1\",\"isPk\":\"0\",\"isQuery\":\"1\",\"isRequired\":\"1\",\"javaField\":\"qrCodeName\",\"javaType\":\"String\",\"list\":true,\"params\":{},\"pk\":false,\"query\":true,\"queryType\":\"LIKE\",\"required\":true,\"sort\":2,\"superColumn\":false,\"tableId\":50,\"updateBy\":\"\",\"usableColumn\":false},{\"capJavaField\":\"QrCode\",\"columnComment\":\"二维码\",\"columnId\":301,\"columnName\":\"qr_code\",\"columnType\":\"text\",\"createBy\":\"admin\",\"createTime\":\"2025-03-25 11:55:17\",\"dictType\":\"\",\"edit\":true,\"htmlType\":\"textarea\",\"increment\":false,\"insert\":true,\"isEdit\":\"1\",\"isIncrement\":\"0\",\"isInsert\":\"1\",\"isList\":\"1\",\"isPk\":\"0\",\"isQuery\":\"1\",\"isRequired\":\"1\",\"javaField\":\"qrCode\",\"javaType\":\"String\",\"list\":true,\"params\":{},\"pk\":false,\"query\":true,\"queryType\":\"EQ\",\"required\":true,\"sort\":3,\"superColumn\":false,\"tableId\":50,\"updateBy\":\"\",\"usableColumn\":false},{\"capJavaField\":\"UsageStatus\",\"columnComment\":\"使用情况\",\"columnId\":302,\"columnName\":\"usage_status\",\"columnType\":\"varchar(50)\",\"createBy\":\"admin\",\"createTime\":\"2025-03-25 11:55:17\",\"dictType\":\"\",\"edit\":true,\"htmlType\":\"radio\",\"increment\":false,\"insert\":true,\"isEdit\":\"1\",\"isIncrement\":\"0\",\"isInsert\":\"1\",\"isList\":\"1\",\"isPk\":\"0','{\"msg\":\"操作成功\",\"code\":200}',0,NULL,'2025-03-25 11:58:29',43),(420,'代码生成',8,'com.ruoyi.generator.controller.GenController.batchGenCode()','GET',1,'admin','研发部门','/tool/gen/batchGenCode','127.0.0.1','内网IP','{\"tables\":\"sand_association\"}',NULL,0,NULL,'2025-03-25 11:58:35',326),(421,'菜单管理',2,'com.ruoyi.web.controller.system.SysMenuController.edit()','PUT',1,'admin','研发部门','/system/menu','127.0.0.1','内网IP','{\"children\":[],\"component\":\"ar/sandAssociation/index\",\"createTime\":\"2025-03-25 12:13:17\",\"icon\":\"#\",\"isCache\":\"0\",\"isFrame\":\"1\",\"menuId\":2539,\"menuName\":\"二维码_沙盘分区关联\",\"menuType\":\"C\",\"orderNum\":1,\"params\":{},\"parentId\":3,\"path\":\"sandAssociation\",\"perms\":\"ar:sandAssociation:list\",\"routeName\":\"\",\"status\":\"0\",\"updateBy\":\"admin\",\"visible\":\"0\"}','{\"msg\":\"操作成功\",\"code\":200}',0,NULL,'2025-03-25 14:36:52',51),(422,'菜单管理',2,'com.ruoyi.web.controller.system.SysMenuController.edit()','PUT',1,'admin','研发部门','/system/menu','127.0.0.1','内网IP','{\"children\":[],\"component\":\"\",\"createTime\":\"2025-03-25 12:13:17\",\"icon\":\"#\",\"isCache\":\"0\",\"isFrame\":\"1\",\"menuId\":2540,\"menuName\":\"二维码_沙盘分区关联查询\",\"menuType\":\"F\",\"orderNum\":1,\"params\":{},\"parentId\":2539,\"path\":\"#\",\"perms\":\"ar:sandAssociation:query\",\"routeName\":\"\",\"status\":\"0\",\"updateBy\":\"admin\",\"visible\":\"0\"}','{\"msg\":\"操作成功\",\"code\":200}',0,NULL,'2025-03-25 14:37:06',18),(423,'菜单管理',2,'com.ruoyi.web.controller.system.SysMenuController.edit()','PUT',1,'admin','研发部门','/system/menu','127.0.0.1','内网IP','{\"children\":[],\"component\":\"\",\"createTime\":\"2025-03-25 12:13:17\",\"icon\":\"#\",\"isCache\":\"0\",\"isFrame\":\"1\",\"menuId\":2541,\"menuName\":\"二维码_沙盘分区关联新增\",\"menuType\":\"F\",\"orderNum\":2,\"params\":{},\"parentId\":2539,\"path\":\"#\",\"perms\":\"ar:sandAssociation:add\",\"routeName\":\"\",\"status\":\"0\",\"updateBy\":\"admin\",\"visible\":\"0\"}','{\"msg\":\"操作成功\",\"code\":200}',0,NULL,'2025-03-25 14:37:12',20),(424,'菜单管理',2,'com.ruoyi.web.controller.system.SysMenuController.edit()','PUT',1,'admin','研发部门','/system/menu','127.0.0.1','内网IP','{\"children\":[],\"component\":\"\",\"createTime\":\"2025-03-25 12:13:17\",\"icon\":\"#\",\"isCache\":\"0\",\"isFrame\":\"1\",\"menuId\":2542,\"menuName\":\"二维码_沙盘分区关联修改\",\"menuType\":\"F\",\"orderNum\":3,\"params\":{},\"parentId\":2539,\"path\":\"#\",\"perms\":\"ar:sandAssociation:edit\",\"routeName\":\"\",\"status\":\"0\",\"updateBy\":\"admin\",\"visible\":\"0\"}','{\"msg\":\"操作成功\",\"code\":200}',0,NULL,'2025-03-25 14:37:17',11),(425,'菜单管理',2,'com.ruoyi.web.controller.system.SysMenuController.edit()','PUT',1,'admin','研发部门','/system/menu','127.0.0.1','内网IP','{\"children\":[],\"component\":\"\",\"createTime\":\"2025-03-25 12:13:17\",\"icon\":\"#\",\"isCache\":\"0\",\"isFrame\":\"1\",\"menuId\":2543,\"menuName\":\"二维码_沙盘分区关联删除\",\"menuType\":\"F\",\"orderNum\":4,\"params\":{},\"parentId\":2539,\"path\":\"#\",\"perms\":\"ar:sandAssociation:remove\",\"routeName\":\"\",\"status\":\"0\",\"updateBy\":\"admin\",\"visible\":\"0\"}','{\"msg\":\"操作成功\",\"code\":200}',0,NULL,'2025-03-25 14:37:23',10),(426,'菜单管理',2,'com.ruoyi.web.controller.system.SysMenuController.edit()','PUT',1,'admin','研发部门','/system/menu','127.0.0.1','内网IP','{\"children\":[],\"component\":\"\",\"createTime\":\"2025-03-25 12:13:17\",\"icon\":\"#\",\"isCache\":\"0\",\"isFrame\":\"1\",\"menuId\":2544,\"menuName\":\"二维码_沙盘分区关联导出\",\"menuType\":\"F\",\"orderNum\":5,\"params\":{},\"parentId\":2539,\"path\":\"#\",\"perms\":\"ar:sandAssociation:export\",\"routeName\":\"\",\"status\":\"0\",\"updateBy\":\"admin\",\"visible\":\"0\"}','{\"msg\":\"操作成功\",\"code\":200}',0,NULL,'2025-03-25 14:37:30',15),(427,'菜单管理',2,'com.ruoyi.web.controller.system.SysMenuController.edit()','PUT',1,'admin','研发部门','/system/menu','127.0.0.1','内网IP','{\"children\":[],\"component\":\"ar/sandAssociation/index\",\"createTime\":\"2025-03-25 12:13:17\",\"icon\":\"#\",\"isCache\":\"0\",\"isFrame\":\"1\",\"menuId\":2539,\"menuName\":\"二维码_沙盘分区关联\",\"menuType\":\"C\",\"orderNum\":1,\"params\":{},\"parentId\":2044,\"path\":\"sandAssociation\",\"perms\":\"ar:sandAssociation:list\",\"routeName\":\"\",\"status\":\"0\",\"updateBy\":\"admin\",\"visible\":\"0\"}','{\"msg\":\"操作成功\",\"code\":200}',0,NULL,'2025-03-25 14:37:59',16),(428,'代码生成',8,'com.ruoyi.generator.controller.GenController.batchGenCode()','GET',1,'admin','研发部门','/tool/gen/batchGenCode','127.0.0.1','内网IP','{\"tables\":\"sand_association\"}',NULL,0,NULL,'2025-03-25 14:50:25',373),(429,'代码生成',2,'com.ruoyi.generator.controller.GenController.editSave()','PUT',1,'admin','研发部门','/tool/gen','127.0.0.1','内网IP','{\"businessName\":\"sandAssociation\",\"className\":\"SandAssociation\",\"columns\":[{\"capJavaField\":\"QrCodeId\",\"columnComment\":\"二维码编号\",\"columnId\":299,\"columnName\":\"qr_code_id\",\"columnType\":\"int\",\"createBy\":\"admin\",\"createTime\":\"2025-03-25 11:55:17\",\"dictType\":\"\",\"edit\":false,\"htmlType\":\"input\",\"increment\":true,\"insert\":true,\"isIncrement\":\"1\",\"isInsert\":\"1\",\"isPk\":\"1\",\"isRequired\":\"0\",\"javaField\":\"qrCodeId\",\"javaType\":\"Long\",\"list\":false,\"params\":{},\"pk\":true,\"query\":false,\"queryType\":\"EQ\",\"required\":false,\"sort\":1,\"superColumn\":false,\"tableId\":50,\"updateBy\":\"\",\"updateTime\":\"2025-03-25 11:58:29\",\"usableColumn\":false},{\"capJavaField\":\"QrCodeName\",\"columnComment\":\"二维码名称\",\"columnId\":300,\"columnName\":\"qr_code_name\",\"columnType\":\"varchar(255)\",\"createBy\":\"admin\",\"createTime\":\"2025-03-25 11:55:17\",\"dictType\":\"\",\"edit\":true,\"htmlType\":\"input\",\"increment\":false,\"insert\":true,\"isEdit\":\"1\",\"isIncrement\":\"0\",\"isInsert\":\"1\",\"isList\":\"1\",\"isPk\":\"0\",\"isQuery\":\"1\",\"isRequired\":\"1\",\"javaField\":\"qrCodeName\",\"javaType\":\"String\",\"list\":true,\"params\":{},\"pk\":false,\"query\":true,\"queryType\":\"LIKE\",\"required\":true,\"sort\":2,\"superColumn\":false,\"tableId\":50,\"updateBy\":\"\",\"updateTime\":\"2025-03-25 11:58:29\",\"usableColumn\":false},{\"capJavaField\":\"QrCode\",\"columnComment\":\"二维码\",\"columnId\":301,\"columnName\":\"qr_code\",\"columnType\":\"text\",\"createBy\":\"admin\",\"createTime\":\"2025-03-25 11:55:17\",\"dictType\":\"\",\"edit\":true,\"htmlType\":\"textarea\",\"increment\":false,\"insert\":true,\"isEdit\":\"1\",\"isIncrement\":\"0\",\"isInsert\":\"1\",\"isList\":\"1\",\"isPk\":\"0\",\"isQuery\":\"1\",\"isRequired\":\"1\",\"javaField\":\"qrCode\",\"javaType\":\"String\",\"list\":true,\"params\":{},\"pk\":false,\"query\":true,\"queryType\":\"EQ\",\"required\":true,\"sort\":3,\"superColumn\":false,\"tableId\":50,\"updateBy\":\"\",\"updateTime\":\"2025-03-25 11:58:29\",\"usableColumn\":false},{\"capJavaField\":\"UsageStatus\",\"columnComment\":\"使用情况\",\"columnId\":302,\"columnName\":\"usage_status\",\"columnType\":\"varchar(50)\",\"createBy\":\"admin\",\"createTime\":\"2025-03-25 11:55:17\",\"dictType\":\"\",\"edit\":true,\"htmlType\"','{\"msg\":\"操作成功\",\"code\":200}',0,NULL,'2025-03-25 14:50:48',62),(430,'代码生成',8,'com.ruoyi.generator.controller.GenController.batchGenCode()','GET',1,'admin','研发部门','/tool/gen/batchGenCode','127.0.0.1','内网IP','{\"tables\":\"sand_association\"}',NULL,0,NULL,'2025-03-25 14:50:51',94),(431,'二维码_沙盘分区关联',1,'com.ruoyi.ar.controller.SandAssociationController.add()','POST',1,'admin','研发部门','/ar/sandAssociation','127.0.0.1','内网IP','{\"params\":{},\"qrCode\":\"1\",\"qrCodeId\":1,\"qrCodeName\":\"1\",\"sandboxZoneList\":[{\"description\":\"\",\"factoryId\":1,\"name\":\"1\",\"params\":{},\"qrCodeId\":1},{\"description\":\"\",\"factoryId\":1,\"name\":\"1\",\"params\":{},\"qrCodeId\":1}]}',NULL,1,'\r\n### Error updating database.  Cause: java.sql.SQLIntegrityConstraintViolationException: Cannot add or update a child row: a foreign key constraint fails (`ry-vue`.`sandbox_zone`, CONSTRAINT `sandbox_zone_ibfk_1` FOREIGN KEY (`qr_code_id`) REFERENCES `qr_code` (`qr_code_id`) ON DELETE RESTRICT ON UPDATE RESTRICT)\r\n### The error may exist in file [D:\\Project\\Java\\IdeaProjects\\2222201\\ruoyi-admin\\target\\classes\\mapper\\ar\\SandAssociationMapper.xml]\r\n### The error may involve defaultParameterMap\r\n### The error occurred while setting parameters\r\n### SQL: insert into sandbox_zone( zone_id, name, description, qr_code_id, factory_id) values                        ( ?, ?, ?, ?, ?)          ,              ( ?, ?, ?, ?, ?)\r\n### Cause: java.sql.SQLIntegrityConstraintViolationException: Cannot add or update a child row: a foreign key constraint fails (`ry-vue`.`sandbox_zone`, CONSTRAINT `sandbox_zone_ibfk_1` FOREIGN KEY (`qr_code_id`) REFERENCES `qr_code` (`qr_code_id`) ON DELETE RESTRICT ON UPDATE RESTRICT)\n; Cannot add or update a child row: a foreign key constraint fails (`ry-vue`.`sandbox_zone`, CONSTRAINT `sandbox_zone_ibfk_1` FOREIGN KEY (`qr_code_id`) REFERENCES `qr_code` (`qr_code_id`) ON DELETE RESTRICT ON UPDATE RESTRICT); nested exception is java.sql.SQLIntegrityConstraintViolationException: Cannot add or update a child row: a foreign key constraint fails (`ry-vue`.`sandbox_zone`, CONSTRAINT `sandbox_zone_ibfk_1` FOREIGN KEY (`qr_code_id`) REFERENCES `qr_code` (`qr_code_id`) ON DELETE RESTRICT ON UPDATE RESTRICT)','2025-03-25 15:06:00',299),(432,'二维码_沙盘分区关联',1,'com.ruoyi.ar.controller.SandAssociationController.add()','POST',1,'admin','研发部门','/ar/sandAssociation','127.0.0.1','内网IP','{\"params\":{},\"qrCode\":\"1\",\"qrCodeId\":2,\"qrCodeName\":\"q\",\"sandboxZoneList\":[{\"description\":\"\",\"factoryId\":1,\"name\":\"1\",\"params\":{},\"qrCodeId\":2}]}',NULL,1,'\r\n### Error updating database.  Cause: java.sql.SQLIntegrityConstraintViolationException: Cannot add or update a child row: a foreign key constraint fails (`ry-vue`.`sandbox_zone`, CONSTRAINT `sandbox_zone_ibfk_1` FOREIGN KEY (`qr_code_id`) REFERENCES `qr_code` (`qr_code_id`) ON DELETE RESTRICT ON UPDATE RESTRICT)\r\n### The error may exist in file [D:\\Project\\Java\\IdeaProjects\\2222201\\ruoyi-admin\\target\\classes\\mapper\\ar\\SandAssociationMapper.xml]\r\n### The error may involve defaultParameterMap\r\n### The error occurred while setting parameters\r\n### SQL: insert into sandbox_zone( zone_id, name, description, qr_code_id, factory_id) values                        ( ?, ?, ?, ?, ?)\r\n### Cause: java.sql.SQLIntegrityConstraintViolationException: Cannot add or update a child row: a foreign key constraint fails (`ry-vue`.`sandbox_zone`, CONSTRAINT `sandbox_zone_ibfk_1` FOREIGN KEY (`qr_code_id`) REFERENCES `qr_code` (`qr_code_id`) ON DELETE RESTRICT ON UPDATE RESTRICT)\n; Cannot add or update a child row: a foreign key constraint fails (`ry-vue`.`sandbox_zone`, CONSTRAINT `sandbox_zone_ibfk_1` FOREIGN KEY (`qr_code_id`) REFERENCES `qr_code` (`qr_code_id`) ON DELETE RESTRICT ON UPDATE RESTRICT); nested exception is java.sql.SQLIntegrityConstraintViolationException: Cannot add or update a child row: a foreign key constraint fails (`ry-vue`.`sandbox_zone`, CONSTRAINT `sandbox_zone_ibfk_1` FOREIGN KEY (`qr_code_id`) REFERENCES `qr_code` (`qr_code_id`) ON DELETE RESTRICT ON UPDATE RESTRICT)','2025-03-25 15:06:13',12),(433,'沙盘分区',1,'com.ruoyi.ar.controller.SandboxZoneController.add()','POST',1,'admin','研发部门','/ar/zone','127.0.0.1','内网IP','{\"description\":\"1:10比例还原焊装生产线，演示激光焊接工艺和质量检测流程\",\"factoryId\":1,\"name\":\"白车身焊装沙盘\",\"params\":{},\"qrCodeId\":6}','{\"msg\":\"操作成功\",\"code\":200}',0,NULL,'2025-03-25 16:15:56',267),(434,'二维码',1,'com.ruoyi.ar.controller.QrCodeController.add()','POST',1,'admin','研发部门','/ar/code','127.0.0.1','内网IP','{\"params\":{},\"qrCode\":\"https://schoolworkweb.oss-cn-beijing.aliyuncs.com/school-images/2025/03/25/67e266ea5554d85d960e87c8.png\",\"qrCodeId\":7,\"qrCodeName\":\"灰色\"}','{\"msg\":\"操作成功\",\"code\":200}',0,NULL,'2025-03-25 16:18:57',30),(435,'二维码',1,'com.ruoyi.ar.controller.QrCodeController.add()','POST',1,'admin','研发部门','/ar/code','127.0.0.1','内网IP','{\"params\":{},\"qrCode\":\"https://schoolworkweb.oss-cn-beijing.aliyuncs.com/school-images/2025/03/25/67e266f75554d85d960e87c9.png\",\"qrCodeId\":8,\"qrCodeName\":\"渐变\"}','{\"msg\":\"操作成功\",\"code\":200}',0,NULL,'2025-03-25 16:19:08',11),(436,'二维码',1,'com.ruoyi.ar.controller.QrCodeController.add()','POST',1,'admin','研发部门','/ar/code','127.0.0.1','内网IP','{\"params\":{},\"qrCode\":\"https://schoolworkweb.oss-cn-beijing.aliyuncs.com/school-images/2025/03/25/67e267025554d85d960e87ca.png\",\"qrCodeId\":9,\"qrCodeName\":\"普通\"}','{\"msg\":\"操作成功\",\"code\":200}',0,NULL,'2025-03-25 16:19:19',20),(437,'二维码',2,'com.ruoyi.ar.controller.QrCodeController.edit()','PUT',1,'admin','研发部门','/ar/code','127.0.0.1','内网IP','{\"params\":{},\"qrCode\":\"https://schoolworkweb.oss-cn-beijing.aliyuncs.com/school-images/2025/03/21/67dd0afb55544da25b54555b.jpeg\",\"qrCodeId\":6,\"qrCodeName\":\"背景图\",\"usageStatus\":\"0\"}','{\"msg\":\"操作成功\",\"code\":200}',0,NULL,'2025-03-25 16:19:50',30),(438,'沙盘分区',1,'com.ruoyi.ar.controller.SandboxZoneController.add()','POST',1,'admin','研发部门','/ar/zone','127.0.0.1','内网IP','{\"description\":\"展示食品级不锈钢管道系统和自动化包装设备，支持扫码查看产品溯源信息\",\"factoryId\":4,\"name\":\"无菌包装沙盘区\",\"params\":{},\"qrCodeId\":7}','{\"msg\":\"操作成功\",\"code\":200}',0,NULL,'2025-03-25 16:21:20',9),(439,'沙盘分区',1,'com.ruoyi.ar.controller.SandboxZoneController.add()','POST',1,'admin','研发部门','/ar/zone','127.0.0.1','内网IP','{\"description\":\"微型化贴片生产线演示，包含视觉定位系统和防静电工作环境模拟\",\"factoryId\":5,\"name\":\"芯片贴装模拟区\",\"params\":{},\"qrCodeId\":8}','{\"msg\":\"操作成功\",\"code\":200}',0,NULL,'2025-03-25 16:21:38',14),(440,'代码生成',2,'com.ruoyi.generator.controller.GenController.editSave()','PUT',1,'admin','研发部门','/tool/gen','127.0.0.1','内网IP','{\"businessName\":\"deviceAssociation\",\"className\":\"DeviceAssociation\",\"columns\":[{\"capJavaField\":\"QrCodeId\",\"columnComment\":\"二维码编号\",\"columnId\":295,\"columnName\":\"qr_code_id\",\"columnType\":\"int\",\"createBy\":\"admin\",\"createTime\":\"2025-03-25 11:55:17\",\"dictType\":\"\",\"edit\":false,\"htmlType\":\"input\",\"increment\":true,\"insert\":true,\"isIncrement\":\"1\",\"isInsert\":\"1\",\"isPk\":\"1\",\"isRequired\":\"0\",\"javaField\":\"qrCodeId\",\"javaType\":\"Long\",\"list\":false,\"params\":{},\"pk\":true,\"query\":false,\"queryType\":\"EQ\",\"required\":false,\"sort\":1,\"superColumn\":false,\"tableId\":49,\"updateBy\":\"\",\"usableColumn\":false},{\"capJavaField\":\"QrCodeName\",\"columnComment\":\"二维码名称\",\"columnId\":296,\"columnName\":\"qr_code_name\",\"columnType\":\"varchar(255)\",\"createBy\":\"admin\",\"createTime\":\"2025-03-25 11:55:17\",\"dictType\":\"\",\"edit\":true,\"htmlType\":\"input\",\"increment\":false,\"insert\":true,\"isEdit\":\"1\",\"isIncrement\":\"0\",\"isInsert\":\"1\",\"isList\":\"1\",\"isPk\":\"0\",\"isQuery\":\"1\",\"isRequired\":\"1\",\"javaField\":\"qrCodeName\",\"javaType\":\"String\",\"list\":true,\"params\":{},\"pk\":false,\"query\":true,\"queryType\":\"LIKE\",\"required\":true,\"sort\":2,\"superColumn\":false,\"tableId\":49,\"updateBy\":\"\",\"usableColumn\":false},{\"capJavaField\":\"QrCode\",\"columnComment\":\"二维码\",\"columnId\":297,\"columnName\":\"qr_code\",\"columnType\":\"text\",\"createBy\":\"admin\",\"createTime\":\"2025-03-25 11:55:17\",\"dictType\":\"\",\"edit\":true,\"htmlType\":\"textarea\",\"increment\":false,\"insert\":true,\"isEdit\":\"1\",\"isIncrement\":\"0\",\"isInsert\":\"1\",\"isList\":\"1\",\"isPk\":\"0\",\"isQuery\":\"1\",\"isRequired\":\"1\",\"javaField\":\"qrCode\",\"javaType\":\"String\",\"list\":true,\"params\":{},\"pk\":false,\"query\":true,\"queryType\":\"EQ\",\"required\":true,\"sort\":3,\"superColumn\":false,\"tableId\":49,\"updateBy\":\"\",\"usableColumn\":false},{\"capJavaField\":\"UsageStatus\",\"columnComment\":\"使用情况\",\"columnId\":298,\"columnName\":\"usage_status\",\"columnType\":\"varchar(50)\",\"createBy\":\"admin\",\"createTime\":\"2025-03-25 11:55:17\",\"dictType\":\"\",\"edit\":true,\"htmlType\":\"radio\",\"increment\":false,\"insert\":true,\"isEdit\":\"1\",\"isIncrement\":\"0\",\"isInsert\":\"1\",\"isList\":\"1\",\"','{\"msg\":\"操作成功\",\"code\":200}',0,NULL,'2025-03-25 16:32:34',47),(441,'代码生成',8,'com.ruoyi.generator.controller.GenController.batchGenCode()','GET',1,'admin','研发部门','/tool/gen/batchGenCode','127.0.0.1','内网IP','{\"tables\":\"device_association\"}',NULL,0,NULL,'2025-03-25 16:33:34',409),(442,'设备关联',1,'com.ruoyi.ar.controller.DeviceAssociationController.add()','POST',1,'admin','研发部门','/ar/deviceAssociation','127.0.0.1','内网IP','{\"deviceList\":[{\"description\":\"\",\"factoryNumber\":\"1\",\"name\":\"去\",\"params\":{},\"status\":\"1\"}],\"params\":{},\"qrCode\":\"1\",\"qrCodeName\":\"灰色\"}',NULL,1,'\r\n### Error updating database.  Cause: java.sql.SQLIntegrityConstraintViolationException: Duplicate entry \'灰色\' for key \'qr_code.qr_code_name\'\r\n### The error may exist in file [D:\\Project\\Java\\IdeaProjects\\2222201\\ruoyi-admin\\target\\classes\\mapper\\ar\\DeviceAssociationMapper.xml]\r\n### The error may involve com.ruoyi.ar.mapper.DeviceAssociationMapper.insertDeviceAssociation-Inline\r\n### The error occurred while setting parameters\r\n### SQL: insert into qr_code          ( qr_code_name,             qr_code )           values ( ?,             ? )\r\n### Cause: java.sql.SQLIntegrityConstraintViolationException: Duplicate entry \'灰色\' for key \'qr_code.qr_code_name\'\n; Duplicate entry \'灰色\' for key \'qr_code.qr_code_name\'; nested exception is java.sql.SQLIntegrityConstraintViolationException: Duplicate entry \'灰色\' for key \'qr_code.qr_code_name\'','2025-03-25 16:57:32',304),(443,'设备关联',1,'com.ruoyi.ar.controller.DeviceAssociationController.add()','POST',1,'admin','研发部门','/ar/deviceAssociation','127.0.0.1','内网IP','{\"deviceList\":[{\"description\":\"\",\"factoryNumber\":\"1\",\"name\":\"去\",\"params\":{},\"status\":\"1\"}],\"params\":{},\"qrCode\":\"1\",\"qrCodeName\":\"灰色\"}',NULL,1,'\r\n### Error updating database.  Cause: java.sql.SQLIntegrityConstraintViolationException: Duplicate entry \'灰色\' for key \'qr_code.qr_code_name\'\r\n### The error may exist in file [D:\\Project\\Java\\IdeaProjects\\2222201\\ruoyi-admin\\target\\classes\\mapper\\ar\\DeviceAssociationMapper.xml]\r\n### The error may involve com.ruoyi.ar.mapper.DeviceAssociationMapper.insertDeviceAssociation-Inline\r\n### The error occurred while setting parameters\r\n### SQL: insert into qr_code          ( qr_code_name,             qr_code )           values ( ?,             ? )\r\n### Cause: java.sql.SQLIntegrityConstraintViolationException: Duplicate entry \'灰色\' for key \'qr_code.qr_code_name\'\n; Duplicate entry \'灰色\' for key \'qr_code.qr_code_name\'; nested exception is java.sql.SQLIntegrityConstraintViolationException: Duplicate entry \'灰色\' for key \'qr_code.qr_code_name\'','2025-03-25 16:57:37',10),(444,'沙盘分区',2,'com.ruoyi.ar.controller.SandboxZoneController.edit()','PUT',1,'admin','研发部门','/ar/zone','127.0.0.1','内网IP','{\"description\":\"1:10比例还原焊装生产线，演示激光焊接工艺和质量检测流程\",\"factoryId\":1,\"name\":\"白车身焊装沙盘1\",\"params\":{},\"qrCodeId\":6,\"zoneId\":12}','{\"msg\":\"操作成功\",\"code\":200}',0,NULL,'2025-03-25 17:30:17',38),(445,'沙盘分区',1,'com.ruoyi.ar.controller.SandboxZoneController.add()','POST',1,'admin','研发部门','/ar/zone','127.0.0.1','内网IP','{\"description\":\"1\",\"factoryId\":1,\"name\":\"1\",\"params\":{}}','{\"msg\":\"操作成功\",\"code\":200}',0,NULL,'2025-03-25 17:30:28',12),(446,'沙盘分区',3,'com.ruoyi.ar.controller.SandboxZoneController.remove()','DELETE',1,'admin','研发部门','/ar/zone/15','127.0.0.1','内网IP','[15]','{\"msg\":\"操作成功\",\"code\":200}',0,NULL,'2025-03-25 17:30:31',17),(447,'AR内容',1,'com.ruoyi.ar.controller.ArContentController.add()','POST',1,'admin','研发部门','/ar/content','127.0.0.1','内网IP','{\"arContentId\":14,\"category\":\"纯文本\",\"description\":\"1\",\"fileUrl\":\"1\",\"name\":\"1\",\"params\":{},\"qrCodeId\":6,\"usageStatus\":\"0\"}','{\"msg\":\"操作成功\",\"code\":200}',0,NULL,'2025-04-12 15:17:23',27),(448,'AR应用',1,'com.ruoyi.ar.controller.ArApplicationsController.add()','POST',1,'admin','研发部门','/ar/applications','127.0.0.1','内网IP','{\"params\":{},\"releaseDate\":\"2025-04-01\"}',NULL,1,'\r\n### Error updating database.  Cause: java.sql.SQLException: Field \'Name\' doesn\'t have a default value\r\n### The error may exist in file [D:\\Project\\Java\\IdeaProjects\\2222201\\ruoyi-admin\\target\\classes\\mapper\\ar\\ArApplicationsMapper.xml]\r\n### The error may involve com.ruoyi.ar.mapper.ArApplicationsMapper.insertArApplications-Inline\r\n### The error occurred while setting parameters\r\n### SQL: insert into ar_applications          ( ReleaseDate )           values ( ? )\r\n### Cause: java.sql.SQLException: Field \'Name\' doesn\'t have a default value\n; Field \'Name\' doesn\'t have a default value; nested exception is java.sql.SQLException: Field \'Name\' doesn\'t have a default value','2025-04-12 15:17:45',155),(449,'AR内容',3,'com.ruoyi.ar.controller.ArContentController.remove()','DELETE',1,'admin','研发部门','/ar/content/7,8,9,10,11,14','127.0.0.1','内网IP','[7,8,9,10,11,14]','{\"msg\":\"存在正在使用的AR内容，无法删除\",\"code\":500}',0,NULL,'2025-04-29 11:10:39',59),(450,'AR内容',3,'com.ruoyi.ar.controller.ArContentController.remove()','DELETE',1,'admin','研发部门','/ar/content/9,10,11,14','127.0.0.1','内网IP','[9,10,11,14]','{\"msg\":\"操作成功\",\"code\":200}',0,NULL,'2025-04-29 11:10:44',130),(451,'AR内容',2,'com.ruoyi.ar.controller.ArContentController.edit()','PUT',1,'admin','研发部门','/ar/content','127.0.0.1','内网IP','{\"arContentId\":7,\"category\":\"纯文本\",\"description\":\"一个沉浸式虚拟现实体验平台。\",\"fileUrl\":\"http://example.com/vr_experience\",\"name\":\"虚拟现实体验\",\"params\":{},\"qrCodeId\":6,\"usageStatus\":\"0\"}','{\"msg\":\"操作成功\",\"code\":200}',0,NULL,'2025-04-29 11:10:50',34),(452,'AR内容',2,'com.ruoyi.ar.controller.ArContentController.edit()','PUT',1,'admin','研发部门','/ar/content','127.0.0.1','内网IP','{\"arContentId\":8,\"category\":\"视频\",\"description\":\"基于AR技术的互动教育应用。\",\"fileUrl\":\"http://example.com/ar_education\",\"name\":\"增强现实教育\",\"params\":{},\"qrCodeId\":6,\"usageStatus\":\"0\"}','{\"msg\":\"操作成功\",\"code\":200}',0,NULL,'2025-04-29 11:10:54',24),(453,'AR内容',3,'com.ruoyi.ar.controller.ArContentController.remove()','DELETE',1,'admin','研发部门','/ar/content/7,8','127.0.0.1','内网IP','[7,8]','{\"msg\":\"操作成功\",\"code\":200}',0,NULL,'2025-04-29 11:10:58',26),(454,'AR内容',1,'com.ruoyi.ar.controller.ArContentController.add()','POST',1,'admin','研发部门','/ar/content','127.0.0.1','内网IP','{\"arContentId\":15,\"category\":\"视频\",\"description\":\"原料上料机器人内置三维视觉定位系统，准确地将原料包搬运至投料口。\",\"fileUrl\":\"/data/videos/equipment/原料上料机器人.mp4\",\"name\":\"原料上料机器人\",\"params\":{},\"usageStatus\":\"1\"}','{\"msg\":\"操作成功\",\"code\":200}',0,NULL,'2025-04-29 11:11:25',8),(455,'运维记录',2,'com.ruoyi.ar.controller.MaintenanceRecordController.edit()','PUT',1,'admin','研发部门','/ar/maintenance','127.0.0.1','内网IP','{\"date\":\"2025-01-10\",\"equipmentId\":17,\"maintainerName\":\"李毅武\",\"maintenanceLog\":\"检查原料上料机器人传动系统，发现皮带存在轻微磨损，更换新皮带并调整张紧度，测试运行正常。\",\"params\":{},\"recordId\":5}','{\"msg\":\"操作成功\",\"code\":200}',0,NULL,'2025-04-29 15:09:52',30),(456,'运维记录',2,'com.ruoyi.ar.controller.MaintenanceRecordController.edit()','PUT',1,'admin','研发部门','/ar/maintenance','127.0.0.1','内网IP','{\"date\":\"2025-01-15\",\"equipmentId\":18,\"maintainerName\":\"田晓聪\",\"maintenanceLog\":\"混料机运行时出现异常振动，检查发现地脚螺栓松动，紧固螺栓后振动减弱，后续持续观察运行状态。\",\"params\":{},\"recordId\":6}','{\"msg\":\"操作成功\",\"code\":200}',0,NULL,'2025-04-29 15:09:57',14),(457,'运维记录',2,'com.ruoyi.ar.controller.MaintenanceRecordController.edit()','PUT',1,'admin','研发部门','/ar/maintenance','127.0.0.1','内网IP','{\"date\":\"2025-01-20\",\"equipmentId\":19,\"maintainerName\":\"李毅武\",\"maintenanceLog\":\"对粉料储存罐进行定期清洁，检查罐体密封性，未发现泄漏，传感器数据显示正常。\",\"params\":{},\"recordId\":7}','{\"msg\":\"操作成功\",\"code\":200}',0,NULL,'2025-04-29 15:10:02',11),(458,'运维记录',2,'com.ruoyi.ar.controller.MaintenanceRecordController.edit()','PUT',1,'admin','研发部门','/ar/maintenance','127.0.0.1','内网IP','{\"date\":\"2025-01-25\",\"equipmentId\":20,\"maintainerName\":\"李毅武\",\"maintenanceLog\":\"捏合区下料机器人抓取动作迟缓，检查气路系统，发现气管接口漏气，更换密封件后恢复正常。\",\"params\":{},\"recordId\":8}','{\"msg\":\"操作成功\",\"code\":200}',0,NULL,'2025-04-29 15:10:07',5),(459,'运维记录',2,'com.ruoyi.ar.controller.MaintenanceRecordController.edit()','PUT',1,'admin','研发部门','/ar/maintenance','127.0.0.1','内网IP','{\"date\":\"2025-02-01\",\"equipmentId\":21,\"maintainerName\":\"田晓聪\",\"maintenanceLog\":\"捏合设备搅拌桨叶磨损严重，更换桨叶并校准搅拌速度，调试后设备运行稳定。\",\"params\":{},\"recordId\":9}','{\"msg\":\"操作成功\",\"code\":200}',0,NULL,'2025-04-29 15:10:11',8),(460,'运维记录',2,'com.ruoyi.ar.controller.MaintenanceRecordController.edit()','PUT',1,'admin','研发部门','/ar/maintenance','127.0.0.1','内网IP','{\"date\":\"2025-02-08\",\"equipmentId\":22,\"maintainerName\":\"李毅武\",\"maintenanceLog\":\"挤出设备温度控制不稳定，检查加热元件和温控器，发现温控器故障，更换后温度控制恢复正常。\",\"params\":{},\"recordId\":10}','{\"msg\":\"操作成功\",\"code\":200}',0,NULL,'2025-04-29 15:10:17',8),(461,'运维记录',2,'com.ruoyi.ar.controller.MaintenanceRecordController.edit()','PUT',1,'admin','研发部门','/ar/maintenance','127.0.0.1','内网IP','{\"date\":\"2025-02-15\",\"equipmentId\":23,\"maintainerName\":\"李毅武\",\"maintenanceLog\":\"皮带输送线皮带跑偏，调整滚筒位置和张紧度，测试输送效果良好。\",\"params\":{},\"recordId\":11}','{\"msg\":\"操作成功\",\"code\":200}',0,NULL,'2025-04-29 15:10:22',7),(462,'运维记录',2,'com.ruoyi.ar.controller.MaintenanceRecordController.edit()','PUT',1,'admin','研发部门','/ar/maintenance','127.0.0.1','内网IP','{\"date\":\"2025-02-22\",\"equipmentId\":24,\"maintainerName\":\"田晓聪\",\"maintenanceLog\":\"毛毡板膜片下料机器人视觉识别系统出现偏差，重新校准摄像头参数，识别精度恢复。\",\"params\":{},\"recordId\":12}','{\"msg\":\"操作成功\",\"code\":200}',0,NULL,'2025-04-29 15:10:27',9),(463,'运维记录',2,'com.ruoyi.ar.controller.MaintenanceRecordController.edit()','PUT',1,'admin','研发部门','/ar/maintenance','127.0.0.1','内网IP','{\"date\":\"2025-03-01\",\"equipmentId\":25,\"maintainerName\":\"李毅武\",\"maintenanceLog\":\"膜片下料机器人机械臂关节润滑不足，添加润滑油并测试运动灵活性，运行正常。\",\"params\":{},\"recordId\":13}','{\"msg\":\"操作成功\",\"code\":200}',0,NULL,'2025-04-29 15:10:33',6),(464,'运维记录',2,'com.ruoyi.ar.controller.MaintenanceRecordController.edit()','PUT',1,'admin','研发部门','/ar/maintenance','127.0.0.1','内网IP','{\"date\":\"2025-03-08\",\"equipmentId\":26,\"maintainerName\":\"李毅武\",\"maintenanceLog\":\"装卸窑机器人行走轨道出现卡顿，清理轨道杂物并涂抹润滑脂，运行恢复顺畅。\",\"params\":{},\"recordId\":14}','{\"msg\":\"操作成功\",\"code\":200}',0,NULL,'2025-04-29 15:10:40',4),(465,'运维记录',2,'com.ruoyi.ar.controller.MaintenanceRecordController.edit()','PUT',1,'admin','研发部门','/ar/maintenance','127.0.0.1','内网IP','{\"date\":\"2025-03-15\",\"equipmentId\":27,\"maintainerName\":\"田晓聪\",\"maintenanceLog\":\"窑车车轮磨损，更换新车轮并检查车架稳定性，测试行驶平稳。\",\"params\":{},\"recordId\":15}','{\"msg\":\"操作成功\",\"code\":200}',0,NULL,'2025-04-29 15:10:45',8),(466,'运维记录',2,'com.ruoyi.ar.controller.MaintenanceRecordController.edit()','PUT',1,'admin','研发部门','/ar/maintenance','127.0.0.1','内网IP','{\"date\":\"2025-03-22\",\"equipmentId\":28,\"maintainerName\":\"李毅武\",\"maintenanceLog\":\"切割设备刀片磨损，更换刀片并调整切割参数，切割精度达标。\",\"params\":{},\"recordId\":16}','{\"msg\":\"操作成功\",\"code\":200}',0,NULL,'2025-04-29 15:10:51',14),(467,'运维记录',2,'com.ruoyi.ar.controller.MaintenanceRecordController.edit()','PUT',1,'admin','研发部门','/ar/maintenance','127.0.0.1','内网IP','{\"date\":\"2025-03-29\",\"equipmentId\":29,\"maintainerName\":\"李毅武\",\"maintenanceLog\":\"成品输送线电机异响，检查发现轴承损坏，更换轴承后电机运行声音正常。\",\"params\":{},\"recordId\":17}','{\"msg\":\"操作成功\",\"code\":200}',0,NULL,'2025-04-29 15:10:56',6),(468,'运维记录',2,'com.ruoyi.ar.controller.MaintenanceRecordController.edit()','PUT',1,'admin','研发部门','/ar/maintenance','127.0.0.1','内网IP','{\"date\":\"2025-04-05\",\"equipmentId\":30,\"maintainerName\":\"田晓聪\",\"maintenanceLog\":\"挤出区上料机器人料斗堵塞，清理堵塞物料并检查上料通道，恢复正常上料。\",\"params\":{},\"recordId\":18}','{\"msg\":\"操作成功\",\"code\":200}',0,NULL,'2025-04-29 15:11:01',4),(469,'工厂',3,'com.ruoyi.ar.controller.FactoryController.remove()','DELETE',1,'admin','研发部门','/ar/factory/1','127.0.0.1','内网IP','[1]',NULL,1,'\r\n### Error updating database.  Cause: java.sql.SQLIntegrityConstraintViolationException: Cannot delete or update a parent row: a foreign key constraint fails (`ry-vue`.`sandbox_zone`, CONSTRAINT `sandbox_zone_ibfk_2` FOREIGN KEY (`factory_id`) REFERENCES `factory` (`factory_id`) ON DELETE RESTRICT ON UPDATE RESTRICT)\r\n### The error may exist in file [D:\\Project\\Java\\IdeaProjects\\2222201\\ruoyi-admin\\target\\classes\\mapper\\ar\\FactoryMapper.xml]\r\n### The error may involve com.ruoyi.ar.mapper.FactoryMapper.deleteFactoryByFactoryIds-Inline\r\n### The error occurred while setting parameters\r\n### SQL: delete from factory where factory_id in           (               ?          )\r\n### Cause: java.sql.SQLIntegrityConstraintViolationException: Cannot delete or update a parent row: a foreign key constraint fails (`ry-vue`.`sandbox_zone`, CONSTRAINT `sandbox_zone_ibfk_2` FOREIGN KEY (`factory_id`) REFERENCES `factory` (`factory_id`) ON DELETE RESTRICT ON UPDATE RESTRICT)\n; Cannot delete or update a parent row: a foreign key constraint fails (`ry-vue`.`sandbox_zone`, CONSTRAINT `sandbox_zone_ibfk_2` FOREIGN KEY (`factory_id`) REFERENCES `factory` (`factory_id`) ON DELETE RESTRICT ON UPDATE RESTRICT); nested exception is java.sql.SQLIntegrityConstraintViolationException: Cannot delete or update a parent row: a foreign key constraint fails (`ry-vue`.`sandbox_zone`, CONSTRAINT `sandbox_zone_ibfk_2` FOREIGN KEY (`factory_id`) REFERENCES `factory` (`factory_id`) ON DELETE RESTRICT ON UPDATE RESTRICT)','2025-04-29 15:16:24',136),(470,'工厂',3,'com.ruoyi.ar.controller.FactoryController.remove()','DELETE',1,'admin','研发部门','/ar/factory/1','127.0.0.1','内网IP','[1]',NULL,1,'\r\n### Error updating database.  Cause: java.sql.SQLIntegrityConstraintViolationException: Cannot delete or update a parent row: a foreign key constraint fails (`ry-vue`.`sandbox_zone`, CONSTRAINT `sandbox_zone_ibfk_2` FOREIGN KEY (`factory_id`) REFERENCES `factory` (`factory_id`) ON DELETE RESTRICT ON UPDATE RESTRICT)\r\n### The error may exist in file [D:\\Project\\Java\\IdeaProjects\\2222201\\ruoyi-admin\\target\\classes\\mapper\\ar\\FactoryMapper.xml]\r\n### The error may involve com.ruoyi.ar.mapper.FactoryMapper.deleteFactoryByFactoryIds-Inline\r\n### The error occurred while setting parameters\r\n### SQL: delete from factory where factory_id in           (               ?          )\r\n### Cause: java.sql.SQLIntegrityConstraintViolationException: Cannot delete or update a parent row: a foreign key constraint fails (`ry-vue`.`sandbox_zone`, CONSTRAINT `sandbox_zone_ibfk_2` FOREIGN KEY (`factory_id`) REFERENCES `factory` (`factory_id`) ON DELETE RESTRICT ON UPDATE RESTRICT)\n; Cannot delete or update a parent row: a foreign key constraint fails (`ry-vue`.`sandbox_zone`, CONSTRAINT `sandbox_zone_ibfk_2` FOREIGN KEY (`factory_id`) REFERENCES `factory` (`factory_id`) ON DELETE RESTRICT ON UPDATE RESTRICT); nested exception is java.sql.SQLIntegrityConstraintViolationException: Cannot delete or update a parent row: a foreign key constraint fails (`ry-vue`.`sandbox_zone`, CONSTRAINT `sandbox_zone_ibfk_2` FOREIGN KEY (`factory_id`) REFERENCES `factory` (`factory_id`) ON DELETE RESTRICT ON UPDATE RESTRICT)','2025-04-29 15:16:51',4),(471,'合作案例',1,'com.ruoyi.school.controller.CooperationCaseController.add()','POST',1,'admin','研发部门','/school/case','127.0.0.1','内网IP','{\"caseName\":\"板式陶瓷膜工厂数字孪生项目\",\"cooperationUnit\":\"粤海集团\",\"description\":\"无\",\"params\":{}}','{\"msg\":\"操作成功\",\"code\":200}',0,NULL,'2025-04-29 15:34:19',26),(472,'VR素材',2,'com.ruoyi.school.controller.VrMaterialController.edit()','PUT',1,'admin','研发部门','/school/material','127.0.0.1','内网IP','{\"category\":\"3D模型\",\"description\":\"成品膜片装配体3D模型\",\"fileUrl\":\"Assets/models/成品膜片.SLDASM\",\"name\":\"成品膜片\",\"params\":{},\"sceneId\":3,\"vrMaterialId\":1}','{\"msg\":\"操作成功\",\"code\":200}',0,NULL,'2025-04-29 15:36:20',11),(473,'VR展区',2,'com.ruoyi.vr.controller.VrExhibitZoneController.edit()','PUT',1,'admin','研发部门','/vr/exhibitZone','127.0.0.1','内网IP','{\"description\":\"学生团队聚焦于科学研究与技术开发，通过新的科学发现、技术发明、产品创新和工艺改进，推动生产力发展和社会进步，是驱动现代社会发展的核心动力。\",\"exhibitZoneId\":2,\"exhibitZoneName\":\"科技创新\",\"params\":{},\"showroomId\":5}','{\"msg\":\"操作成功\",\"code\":200}',0,NULL,'2025-04-29 15:40:22',15),(474,'VR展厅',3,'com.ruoyi.vr.controller.VrShowroomController.remove()','DELETE',1,'admin','研发部门','/vr/showroom/1','127.0.0.1','内网IP','[1]','{\"msg\":\"操作成功\",\"code\":200}',0,NULL,'2025-04-29 15:40:52',12),(475,'VR展厅',3,'com.ruoyi.vr.controller.VrShowroomController.remove()','DELETE',1,'admin','研发部门','/vr/showroom/2','127.0.0.1','内网IP','[2]','{\"msg\":\"操作成功\",\"code\":200}',0,NULL,'2025-04-29 15:40:54',9),(476,'VR展厅',3,'com.ruoyi.vr.controller.VrShowroomController.remove()','DELETE',1,'admin','研发部门','/vr/showroom/4','127.0.0.1','内网IP','[4]','{\"msg\":\"操作成功\",\"code\":200}',0,NULL,'2025-04-29 15:40:56',5),(477,'AR内容',2,'com.ruoyi.ar.controller.ArContentController.edit()','PUT',1,'admin','研发部门','/ar/content','127.0.0.1','内网IP','{\"arContentId\":17,\"category\":\"视频\",\"description\":\"粉料储存罐简称料筒，共配置5个料筒，用于储存混合完成的5种粉料。\",\"fileUrl\":\"/data/videos/equipment/粉料储存罐.mp4\",\"name\":\"粉料储存罐\",\"params\":{},\"usageStatus\":\"1\"}','{\"msg\":\"操作成功\",\"code\":200}',0,NULL,'2025-04-29 16:08:25',91),(478,'菜单管理',3,'com.ruoyi.web.controller.system.SysMenuController.remove()','DELETE',1,'admin','研发部门','/system/menu/2545','127.0.0.1','内网IP','2545','{\"msg\":\"存在子菜单,不允许删除\",\"code\":601}',0,NULL,'2025-04-29 16:22:17',6),(479,'菜单管理',3,'com.ruoyi.web.controller.system.SysMenuController.remove()','DELETE',1,'admin','研发部门','/system/menu/2540','127.0.0.1','内网IP','2540','{\"msg\":\"操作成功\",\"code\":200}',0,NULL,'2025-04-29 16:22:28',16),(480,'菜单管理',3,'com.ruoyi.web.controller.system.SysMenuController.remove()','DELETE',1,'admin','研发部门','/system/menu/2541','127.0.0.1','内网IP','2541','{\"msg\":\"操作成功\",\"code\":200}',0,NULL,'2025-04-29 16:22:31',8),(481,'菜单管理',3,'com.ruoyi.web.controller.system.SysMenuController.remove()','DELETE',1,'admin','研发部门','/system/menu/2542','127.0.0.1','内网IP','2542','{\"msg\":\"操作成功\",\"code\":200}',0,NULL,'2025-04-29 16:22:33',18),(482,'菜单管理',3,'com.ruoyi.web.controller.system.SysMenuController.remove()','DELETE',1,'admin','研发部门','/system/menu/2543','127.0.0.1','内网IP','2543','{\"msg\":\"操作成功\",\"code\":200}',0,NULL,'2025-04-29 16:22:35',15),(483,'菜单管理',3,'com.ruoyi.web.controller.system.SysMenuController.remove()','DELETE',1,'admin','研发部门','/system/menu/2544','127.0.0.1','内网IP','2544','{\"msg\":\"操作成功\",\"code\":200}',0,NULL,'2025-04-29 16:22:38',10),(484,'菜单管理',3,'com.ruoyi.web.controller.system.SysMenuController.remove()','DELETE',1,'admin','研发部门','/system/menu/2539','127.0.0.1','内网IP','2539','{\"msg\":\"操作成功\",\"code\":200}',0,NULL,'2025-04-29 16:22:41',10),(485,'菜单管理',2,'com.ruoyi.web.controller.system.SysMenuController.edit()','PUT',1,'admin','研发部门','/system/menu','127.0.0.1','内网IP','{\"children\":[],\"component\":\"ar/applications/index\",\"createTime\":\"2025-02-12 18:03:58\",\"icon\":\"#\",\"isCache\":\"0\",\"isFrame\":\"1\",\"menuId\":2497,\"menuName\":\"AR应用\",\"menuType\":\"C\",\"orderNum\":6,\"params\":{},\"parentId\":2044,\"path\":\"applications\",\"perms\":\"ar:applications:list\",\"routeName\":\"\",\"status\":\"0\",\"updateBy\":\"admin\",\"visible\":\"0\"}','{\"msg\":\"操作成功\",\"code\":200}',0,NULL,'2025-04-29 16:23:11',40),(486,'菜单管理',2,'com.ruoyi.web.controller.system.SysMenuController.edit()','PUT',1,'admin','研发部门','/system/menu','127.0.0.1','内网IP','{\"children\":[],\"component\":\"ar/applications/index\",\"createTime\":\"2025-02-12 18:03:58\",\"icon\":\"#\",\"isCache\":\"0\",\"isFrame\":\"1\",\"menuId\":2497,\"menuName\":\"AR应用\",\"menuType\":\"C\",\"orderNum\":11,\"params\":{},\"parentId\":2044,\"path\":\"applications\",\"perms\":\"ar:applications:list\",\"routeName\":\"\",\"status\":\"0\",\"updateBy\":\"admin\",\"visible\":\"0\"}','{\"msg\":\"操作成功\",\"code\":200}',0,NULL,'2025-04-29 16:23:27',18),(487,'菜单管理',2,'com.ruoyi.web.controller.system.SysMenuController.edit()','PUT',1,'admin','研发部门','/system/menu','127.0.0.1','内网IP','{\"children\":[],\"component\":\"ar/configuration/index\",\"createTime\":\"2025-02-12 18:21:59\",\"icon\":\"#\",\"isCache\":\"0\",\"isFrame\":\"1\",\"menuId\":2509,\"menuName\":\"出厂配置\",\"menuType\":\"C\",\"orderNum\":12,\"params\":{},\"parentId\":2044,\"path\":\"configuration\",\"perms\":\"ar:configuration:list\",\"routeName\":\"\",\"status\":\"0\",\"updateBy\":\"admin\",\"visible\":\"0\"}','{\"msg\":\"操作成功\",\"code\":200}',0,NULL,'2025-04-29 16:23:37',22),(488,'菜单管理',2,'com.ruoyi.web.controller.system.SysMenuController.edit()','PUT',1,'admin','研发部门','/system/menu','127.0.0.1','内网IP','{\"children\":[],\"component\":\"ar/sandAssociation/index\",\"createTime\":\"2025-03-25 14:51:32\",\"icon\":\"#\",\"isCache\":\"0\",\"isFrame\":\"1\",\"menuId\":2545,\"menuName\":\"二维码_沙盘分区关联\",\"menuType\":\"C\",\"orderNum\":3,\"params\":{},\"parentId\":2044,\"path\":\"sandAssociation\",\"perms\":\"ar:sandAssociation:list\",\"routeName\":\"\",\"status\":\"0\",\"updateBy\":\"admin\",\"visible\":\"0\"}','{\"msg\":\"操作成功\",\"code\":200}',0,NULL,'2025-04-29 16:27:38',10),(489,'菜单管理',2,'com.ruoyi.web.controller.system.SysMenuController.edit()','PUT',1,'admin','研发部门','/system/menu','127.0.0.1','内网IP','{\"children\":[],\"component\":\"ar/deviceAssociation/index\",\"createTime\":\"2025-03-25 16:34:21\",\"icon\":\"#\",\"isCache\":\"0\",\"isFrame\":\"1\",\"menuId\":2551,\"menuName\":\"设备关联\",\"menuType\":\"C\",\"orderNum\":2,\"params\":{},\"parentId\":2044,\"path\":\"deviceAssociation\",\"perms\":\"ar:deviceAssociation:list\",\"routeName\":\"\",\"status\":\"0\",\"updateBy\":\"admin\",\"visible\":\"0\"}','{\"msg\":\"操作成功\",\"code\":200}',0,NULL,'2025-04-29 16:27:43',9),(490,'菜单管理',2,'com.ruoyi.web.controller.system.SysMenuController.edit()','PUT',1,'admin','研发部门','/system/menu','127.0.0.1','内网IP','{\"children\":[],\"component\":\"ar/zone/index\",\"createTime\":\"2025-01-20 17:22:20\",\"icon\":\"cascader\",\"isCache\":\"0\",\"isFrame\":\"1\",\"menuId\":2338,\"menuName\":\"沙盘分区\",\"menuType\":\"C\",\"orderNum\":2,\"params\":{},\"parentId\":2044,\"path\":\"zone\",\"perms\":\"ar:zone:list\",\"routeName\":\"\",\"status\":\"0\",\"updateBy\":\"admin\",\"visible\":\"0\"}','{\"msg\":\"操作成功\",\"code\":200}',0,NULL,'2025-04-29 16:27:50',8),(491,'菜单管理',2,'com.ruoyi.web.controller.system.SysMenuController.edit()','PUT',1,'admin','研发部门','/system/menu','127.0.0.1','内网IP','{\"children\":[],\"component\":\"ar/zone/index\",\"createTime\":\"2025-01-20 17:22:20\",\"icon\":\"cascader\",\"isCache\":\"0\",\"isFrame\":\"1\",\"menuId\":2338,\"menuName\":\"沙盘分区\",\"menuType\":\"C\",\"orderNum\":3,\"params\":{},\"parentId\":2044,\"path\":\"zone\",\"perms\":\"ar:zone:list\",\"routeName\":\"\",\"status\":\"0\",\"updateBy\":\"admin\",\"visible\":\"0\"}','{\"msg\":\"操作成功\",\"code\":200}',0,NULL,'2025-04-29 16:28:00',13),(492,'菜单管理',2,'com.ruoyi.web.controller.system.SysMenuController.edit()','PUT',1,'admin','研发部门','/system/menu','127.0.0.1','内网IP','{\"children\":[],\"component\":\"ar/deviceAssociation/index\",\"createTime\":\"2025-03-25 16:34:21\",\"icon\":\"#\",\"isCache\":\"0\",\"isFrame\":\"1\",\"menuId\":2551,\"menuName\":\"设备关联\",\"menuType\":\"C\",\"orderNum\":4,\"params\":{},\"parentId\":2044,\"path\":\"deviceAssociation\",\"perms\":\"ar:deviceAssociation:list\",\"routeName\":\"\",\"status\":\"0\",\"updateBy\":\"admin\",\"visible\":\"0\"}','{\"msg\":\"操作成功\",\"code\":200}',0,NULL,'2025-04-29 16:28:14',10),(493,'菜单管理',2,'com.ruoyi.web.controller.system.SysMenuController.edit()','PUT',1,'admin','研发部门','/system/menu','127.0.0.1','内网IP','{\"children\":[],\"component\":\"ar/applications/index\",\"createTime\":\"2025-02-12 18:03:58\",\"icon\":\"eye\",\"isCache\":\"0\",\"isFrame\":\"1\",\"menuId\":2497,\"menuName\":\"AR应用\",\"menuType\":\"C\",\"orderNum\":11,\"params\":{},\"parentId\":2044,\"path\":\"applications\",\"perms\":\"ar:applications:list\",\"routeName\":\"\",\"status\":\"0\",\"updateBy\":\"admin\",\"visible\":\"0\"}','{\"msg\":\"操作成功\",\"code\":200}',0,NULL,'2025-04-29 16:29:00',8),(494,'菜单管理',2,'com.ruoyi.web.controller.system.SysMenuController.edit()','PUT',1,'admin','研发部门','/system/menu','127.0.0.1','内网IP','{\"children\":[],\"component\":\"ar/configuration/index\",\"createTime\":\"2025-02-12 18:21:59\",\"icon\":\"validCode\",\"isCache\":\"0\",\"isFrame\":\"1\",\"menuId\":2509,\"menuName\":\"出厂配置\",\"menuType\":\"C\",\"orderNum\":12,\"params\":{},\"parentId\":2044,\"path\":\"configuration\",\"perms\":\"ar:configuration:list\",\"routeName\":\"\",\"status\":\"0\",\"updateBy\":\"admin\",\"visible\":\"0\"}','{\"msg\":\"操作成功\",\"code\":200}',0,NULL,'2025-04-29 16:29:08',14),(495,'二维码',3,'com.ruoyi.ar.controller.QrCodeController.remove()','DELETE',1,'admin','研发部门','/ar/code/6','127.0.0.1','内网IP','[6]',NULL,1,'\r\n### Error updating database.  Cause: java.sql.SQLIntegrityConstraintViolationException: Cannot delete or update a parent row: a foreign key constraint fails (`ry-vue`.`sandbox_zone`, CONSTRAINT `sandbox_zone_ibfk_1` FOREIGN KEY (`qr_code_id`) REFERENCES `qr_code` (`qr_code_id`) ON DELETE RESTRICT ON UPDATE RESTRICT)\r\n### The error may exist in file [D:\\Project\\Java\\IdeaProjects\\2222201\\ruoyi-admin\\target\\classes\\mapper\\ar\\QrCodeMapper.xml]\r\n### The error may involve com.ruoyi.ar.mapper.QrCodeMapper.deleteQrCodeByQrCodeIds-Inline\r\n### The error occurred while setting parameters\r\n### SQL: delete from qr_code where qr_code_id in           (               ?          )\r\n### Cause: java.sql.SQLIntegrityConstraintViolationException: Cannot delete or update a parent row: a foreign key constraint fails (`ry-vue`.`sandbox_zone`, CONSTRAINT `sandbox_zone_ibfk_1` FOREIGN KEY (`qr_code_id`) REFERENCES `qr_code` (`qr_code_id`) ON DELETE RESTRICT ON UPDATE RESTRICT)\n; Cannot delete or update a parent row: a foreign key constraint fails (`ry-vue`.`sandbox_zone`, CONSTRAINT `sandbox_zone_ibfk_1` FOREIGN KEY (`qr_code_id`) REFERENCES `qr_code` (`qr_code_id`) ON DELETE RESTRICT ON UPDATE RESTRICT); nested exception is java.sql.SQLIntegrityConstraintViolationException: Cannot delete or update a parent row: a foreign key constraint fails (`ry-vue`.`sandbox_zone`, CONSTRAINT `sandbox_zone_ibfk_1` FOREIGN KEY (`qr_code_id`) REFERENCES `qr_code` (`qr_code_id`) ON DELETE RESTRICT ON UPDATE RESTRICT)','2025-04-29 16:34:04',19),(496,'沙盘分区',2,'com.ruoyi.ar.controller.SandboxZoneController.edit()','PUT',1,'admin','研发部门','/ar/zone','127.0.0.1','内网IP','{\"description\":\"1:10比例还原焊装生产线，演示激光焊接工艺和质量检测流程\",\"factoryId\":1,\"factoryName\":\"广东工业大学\",\"name\":\"白车身焊装沙盘1\",\"params\":{},\"qrCodeId\":6,\"zoneId\":12}','{\"msg\":\"操作成功\",\"code\":200}',0,NULL,'2025-04-29 16:34:16',15),(497,'沙盘分区',2,'com.ruoyi.ar.controller.SandboxZoneController.edit()','PUT',1,'admin','研发部门','/ar/zone','127.0.0.1','内网IP','{\"description\":\"堆放原料包的分区。原料由货车运输来料。叉车将整托原料从来料货车上搬运至原料存放货架。需要生产时，由人工叉车将其中两种粉料原料运至原料上料机器人定制位。\",\"factoryId\":8,\"name\":\"原料区\",\"params\":{},\"zoneId\":18}','{\"msg\":\"操作成功\",\"code\":200}',0,NULL,'2025-04-29 16:34:45',15),(498,'二维码',3,'com.ruoyi.ar.controller.QrCodeController.remove()','DELETE',1,'admin','研发部门','/ar/code/6','127.0.0.1','内网IP','[6]','{\"msg\":\"操作成功\",\"code\":200}',0,NULL,'2025-04-29 16:35:55',16),(499,'二维码',3,'com.ruoyi.ar.controller.QrCodeController.remove()','DELETE',1,'admin','研发部门','/ar/code/7','127.0.0.1','内网IP','[7]','{\"msg\":\"操作成功\",\"code\":200}',0,NULL,'2025-04-29 16:35:57',11),(500,'二维码',3,'com.ruoyi.ar.controller.QrCodeController.remove()','DELETE',1,'admin','研发部门','/ar/code/8','127.0.0.1','内网IP','[8]','{\"msg\":\"操作成功\",\"code\":200}',0,NULL,'2025-04-29 16:35:58',16),(501,'二维码',3,'com.ruoyi.ar.controller.QrCodeController.remove()','DELETE',1,'admin','研发部门','/ar/code/9','127.0.0.1','内网IP','[9]','{\"msg\":\"操作成功\",\"code\":200}',0,NULL,'2025-04-29 16:36:00',13),(502,'菜单管理',2,'com.ruoyi.web.controller.system.SysMenuController.edit()','PUT',1,'admin','研发部门','/system/menu','127.0.0.1','内网IP','{\"children\":[],\"component\":\"ar/arAssociation/index\",\"createTime\":\"2025-02-25 21:15:02\",\"icon\":\"#\",\"isCache\":\"0\",\"isFrame\":\"1\",\"menuId\":2527,\"menuName\":\"二维码_AR内容关联\",\"menuType\":\"C\",\"orderNum\":1,\"params\":{},\"parentId\":2044,\"path\":\"arAssociation\",\"perms\":\"ar:arAssociation:list\",\"routeName\":\"\",\"status\":\"0\",\"updateBy\":\"admin\",\"visible\":\"0\"}','{\"msg\":\"操作成功\",\"code\":200}',0,NULL,'2025-04-29 16:40:11',8),(503,'菜单管理',2,'com.ruoyi.web.controller.system.SysMenuController.edit()','PUT',1,'admin','研发部门','/system/menu','127.0.0.1','内网IP','{\"children\":[],\"component\":\"ar/arAssociation/index\",\"createTime\":\"2025-02-25 21:15:02\",\"icon\":\"#\",\"isCache\":\"0\",\"isFrame\":\"1\",\"menuId\":2527,\"menuName\":\"二维码_AR内容关联\",\"menuType\":\"C\",\"orderNum\":2,\"params\":{},\"parentId\":2044,\"path\":\"arAssociation\",\"perms\":\"ar:arAssociation:list\",\"routeName\":\"\",\"status\":\"0\",\"updateBy\":\"admin\",\"visible\":\"0\"}','{\"msg\":\"操作成功\",\"code\":200}',0,NULL,'2025-04-29 16:40:20',10),(504,'菜单管理',2,'com.ruoyi.web.controller.system.SysMenuController.edit()','PUT',1,'admin','研发部门','/system/menu','127.0.0.1','内网IP','{\"children\":[],\"component\":\"ar/code/index\",\"createTime\":\"2025-01-20 17:25:43\",\"icon\":\"dashboard\",\"isCache\":\"0\",\"isFrame\":\"1\",\"menuId\":2410,\"menuName\":\"二维码\",\"menuType\":\"C\",\"orderNum\":1,\"params\":{},\"parentId\":2044,\"path\":\"code\",\"perms\":\"ar:code:list\",\"routeName\":\"\",\"status\":\"0\",\"updateBy\":\"admin\",\"visible\":\"0\"}','{\"msg\":\"操作成功\",\"code\":200}',0,NULL,'2025-04-29 16:40:34',11),(505,'菜单管理',2,'com.ruoyi.web.controller.system.SysMenuController.edit()','PUT',1,'admin','研发部门','/system/menu','127.0.0.1','内网IP','{\"children\":[],\"component\":\"ar/content/index\",\"createTime\":\"2025-01-20 16:00:19\",\"icon\":\"language\",\"isCache\":\"0\",\"isFrame\":\"1\",\"menuId\":2254,\"menuName\":\"AR内容\",\"menuType\":\"C\",\"orderNum\":2,\"params\":{},\"parentId\":2044,\"path\":\"content\",\"perms\":\"ar:content:list\",\"routeName\":\"\",\"status\":\"0\",\"updateBy\":\"admin\",\"visible\":\"0\"}','{\"msg\":\"操作成功\",\"code\":200}',0,NULL,'2025-04-29 16:40:39',13),(506,'菜单管理',2,'com.ruoyi.web.controller.system.SysMenuController.edit()','PUT',1,'admin','研发部门','/system/menu','127.0.0.1','内网IP','{\"children\":[],\"component\":\"ar/deviceAssociation/index\",\"createTime\":\"2025-03-25 16:34:21\",\"icon\":\"#\",\"isCache\":\"0\",\"isFrame\":\"1\",\"menuId\":2551,\"menuName\":\"二维码_设备关联\",\"menuType\":\"C\",\"orderNum\":4,\"params\":{},\"parentId\":2044,\"path\":\"deviceAssociation\",\"perms\":\"ar:deviceAssociation:list\",\"routeName\":\"\",\"status\":\"0\",\"updateBy\":\"admin\",\"visible\":\"0\"}','{\"msg\":\"操作成功\",\"code\":200}',0,NULL,'2025-04-29 16:40:54',10),(507,'设备',2,'com.ruoyi.ar.controller.DeviceController.edit()','PUT',1,'admin','研发部门','/ar/device','127.0.0.1','内网IP','{\"description\":\"挤出区上料机器人将泥棒料放进挤出设备，泥棒料在挤出设备中被加工成陶瓷膜片。\",\"deviceNumber\":30,\"factoryNumber\":\"8\",\"name\":\"挤出区上料机器人\",\"params\":{},\"status\":\"\"}','{\"msg\":\"操作成功\",\"code\":200}',0,NULL,'2025-04-29 16:43:47',12),(508,'工厂',3,'com.ruoyi.ar.controller.FactoryController.remove()','DELETE',1,'admin','研发部门','/ar/factory/1','127.0.0.1','内网IP','[1]','{\"msg\":\"操作成功\",\"code\":200}',0,NULL,'2025-04-29 16:44:58',7),(509,'工厂',3,'com.ruoyi.ar.controller.FactoryController.remove()','DELETE',1,'admin','研发部门','/ar/factory/2','127.0.0.1','内网IP','[2]','{\"msg\":\"操作成功\",\"code\":200}',0,NULL,'2025-04-29 16:45:00',21),(510,'工厂',3,'com.ruoyi.ar.controller.FactoryController.remove()','DELETE',1,'admin','研发部门','/ar/factory/3','127.0.0.1','内网IP','[3]','{\"msg\":\"操作成功\",\"code\":200}',0,NULL,'2025-04-29 16:45:02',53),(511,'工厂',3,'com.ruoyi.ar.controller.FactoryController.remove()','DELETE',1,'admin','研发部门','/ar/factory/4','127.0.0.1','内网IP','[4]','{\"msg\":\"操作成功\",\"code\":200}',0,NULL,'2025-04-29 16:45:05',71),(512,'工厂',3,'com.ruoyi.ar.controller.FactoryController.remove()','DELETE',1,'admin','研发部门','/ar/factory/5','127.0.0.1','内网IP','[5]','{\"msg\":\"操作成功\",\"code\":200}',0,NULL,'2025-04-29 16:45:07',9),(513,'材料清单明细',3,'com.ruoyi.ar.controller.MaterialTransactionDetailController.remove()','DELETE',1,'admin','研发部门','/ar/materialTransactionDetail/11','127.0.0.1','内网IP','[11]','{\"msg\":\"操作成功\",\"code\":200}',0,NULL,'2025-04-29 16:52:43',9),(514,'材料清单明细',3,'com.ruoyi.ar.controller.MaterialTransactionDetailController.remove()','DELETE',1,'admin','研发部门','/ar/materialTransactionDetail/10','127.0.0.1','内网IP','[10]','{\"msg\":\"操作成功\",\"code\":200}',0,NULL,'2025-04-29 16:52:45',4),(515,'菜单管理',2,'com.ruoyi.web.controller.system.SysMenuController.edit()','PUT',1,'admin','研发部门','/system/menu','127.0.0.1','内网IP','{\"children\":[],\"component\":\"ar/productTransaction/index\",\"createTime\":\"2025-01-14 19:48:12\",\"icon\":\"link\",\"isCache\":\"0\",\"isFrame\":\"1\",\"menuId\":2210,\"menuName\":\"产品出入库单\",\"menuType\":\"C\",\"orderNum\":2,\"params\":{},\"parentId\":2216,\"path\":\"productTransaction\",\"perms\":\"ar:productTransaction:list\",\"routeName\":\"\",\"status\":\"0\",\"updateBy\":\"admin\",\"visible\":\"0\"}','{\"msg\":\"操作成功\",\"code\":200}',0,NULL,'2025-04-29 18:05:13',25),(516,'菜单管理',2,'com.ruoyi.web.controller.system.SysMenuController.edit()','PUT',1,'admin','研发部门','/system/menu','127.0.0.1','内网IP','{\"children\":[],\"component\":\"ar/productTransactionDetail/index\",\"createTime\":\"2025-01-20 17:25:22\",\"icon\":\"documentation\",\"isCache\":\"0\",\"isFrame\":\"1\",\"menuId\":2380,\"menuName\":\"产品清单明细\",\"menuType\":\"C\",\"orderNum\":3,\"params\":{},\"parentId\":2216,\"path\":\"productTransactionDetail\",\"perms\":\"ar:productTransactionDetail:list\",\"routeName\":\"\",\"status\":\"0\",\"updateBy\":\"admin\",\"visible\":\"0\"}','{\"msg\":\"操作成功\",\"code\":200}',0,NULL,'2025-04-29 18:05:19',11),(517,'菜单管理',2,'com.ruoyi.web.controller.system.SysMenuController.edit()','PUT',1,'admin','研发部门','/system/menu','127.0.0.1','内网IP','{\"children\":[],\"component\":\"ar/batch/index\",\"createTime\":\"2025-01-21 20:07:08\",\"icon\":\"date-range\",\"isCache\":\"0\",\"isFrame\":\"1\",\"menuId\":2434,\"menuName\":\"生产批次\",\"menuType\":\"C\",\"orderNum\":4,\"params\":{},\"parentId\":2216,\"path\":\"batch\",\"perms\":\"ar:batch:list\",\"routeName\":\"\",\"status\":\"0\",\"updateBy\":\"admin\",\"visible\":\"0\"}','{\"msg\":\"操作成功\",\"code\":200}',0,NULL,'2025-04-29 18:05:24',15),(518,'菜单管理',2,'com.ruoyi.web.controller.system.SysMenuController.edit()','PUT',1,'admin','研发部门','/system/menu','127.0.0.1','内网IP','{\"children\":[],\"component\":\"ar/materialTransaction/index\",\"createTime\":\"2025-01-14 18:33:46\",\"icon\":\"link\",\"isCache\":\"0\",\"isFrame\":\"1\",\"menuId\":2186,\"menuName\":\"材料出入库单\",\"menuType\":\"C\",\"orderNum\":2,\"params\":{},\"parentId\":2229,\"path\":\"materialTransaction\",\"perms\":\"ar:materialTransaction:list\",\"routeName\":\"\",\"status\":\"0\",\"updateBy\":\"admin\",\"visible\":\"0\"}','{\"msg\":\"操作成功\",\"code\":200}',0,NULL,'2025-04-29 18:05:31',10),(519,'菜单管理',2,'com.ruoyi.web.controller.system.SysMenuController.edit()','PUT',1,'admin','研发部门','/system/menu','127.0.0.1','内网IP','{\"children\":[],\"component\":\"ar/materialTransactionDetail/index\",\"createTime\":\"2025-01-21 20:07:02\",\"icon\":\"documentation\",\"isCache\":\"0\",\"isFrame\":\"1\",\"menuId\":2428,\"menuName\":\"材料清单明细\",\"menuType\":\"C\",\"orderNum\":3,\"params\":{},\"parentId\":2229,\"path\":\"materialTransactionDetail\",\"perms\":\"ar:materialTransactionDetail:list\",\"routeName\":\"\",\"status\":\"0\",\"updateBy\":\"admin\",\"visible\":\"0\"}','{\"msg\":\"操作成功\",\"code\":200}',0,NULL,'2025-04-29 18:05:37',6),(520,'菜单管理',2,'com.ruoyi.web.controller.system.SysMenuController.edit()','PUT',1,'admin','研发部门','/system/menu','127.0.0.1','内网IP','{\"children\":[],\"component\":\"ar/supplyBatch/index\",\"createTime\":\"2025-01-14 19:15:33\",\"icon\":\"form\",\"isCache\":\"0\",\"isFrame\":\"1\",\"menuId\":2198,\"menuName\":\"供应批次\",\"menuType\":\"C\",\"orderNum\":4,\"params\":{},\"parentId\":2229,\"path\":\"supplyBatch\",\"perms\":\"ar:supplyBatch:list\",\"routeName\":\"\",\"status\":\"0\",\"updateBy\":\"admin\",\"visible\":\"0\"}','{\"msg\":\"操作成功\",\"code\":200}',0,NULL,'2025-04-29 18:05:41',8),(521,'菜单管理',2,'com.ruoyi.web.controller.system.SysMenuController.edit()','PUT',1,'admin','研发部门','/system/menu','127.0.0.1','内网IP','{\"children\":[],\"component\":\"ar/materialTransaction/index\",\"createTime\":\"2025-01-14 18:33:46\",\"icon\":\"druid\",\"isCache\":\"0\",\"isFrame\":\"1\",\"menuId\":2186,\"menuName\":\"材料出入库单\",\"menuType\":\"C\",\"orderNum\":2,\"params\":{},\"parentId\":2229,\"path\":\"materialTransaction\",\"perms\":\"ar:materialTransaction:list\",\"routeName\":\"\",\"status\":\"0\",\"updateBy\":\"admin\",\"visible\":\"0\"}','{\"msg\":\"操作成功\",\"code\":200}',0,NULL,'2025-04-29 18:05:59',7),(522,'菜单管理',2,'com.ruoyi.web.controller.system.SysMenuController.edit()','PUT',1,'admin','研发部门','/system/menu','127.0.0.1','内网IP','{\"children\":[],\"component\":\"ar/materialTransactionDetail/index\",\"createTime\":\"2025-01-21 20:07:02\",\"icon\":\"edit\",\"isCache\":\"0\",\"isFrame\":\"1\",\"menuId\":2428,\"menuName\":\"材料清单明细\",\"menuType\":\"C\",\"orderNum\":3,\"params\":{},\"parentId\":2229,\"path\":\"materialTransactionDetail\",\"perms\":\"ar:materialTransactionDetail:list\",\"routeName\":\"\",\"status\":\"0\",\"updateBy\":\"admin\",\"visible\":\"0\"}','{\"msg\":\"操作成功\",\"code\":200}',0,NULL,'2025-04-29 18:06:07',15),(523,'菜单管理',2,'com.ruoyi.web.controller.system.SysMenuController.edit()','PUT',1,'admin','研发部门','/system/menu','127.0.0.1','内网IP','{\"children\":[],\"component\":\"ar/productTransactionDetail/index\",\"createTime\":\"2025-01-20 17:25:22\",\"icon\":\"button\",\"isCache\":\"0\",\"isFrame\":\"1\",\"menuId\":2380,\"menuName\":\"产品清单明细\",\"menuType\":\"C\",\"orderNum\":3,\"params\":{},\"parentId\":2216,\"path\":\"productTransactionDetail\",\"perms\":\"ar:productTransactionDetail:list\",\"routeName\":\"\",\"status\":\"0\",\"updateBy\":\"admin\",\"visible\":\"0\"}','{\"msg\":\"操作成功\",\"code\":200}',0,NULL,'2025-04-29 18:06:18',17),(524,'菜单管理',2,'com.ruoyi.web.controller.system.SysMenuController.edit()','PUT',1,'admin','研发部门','/system/menu','127.0.0.1','内网IP','{\"children\":[],\"component\":\"ar/productTransaction/index\",\"createTime\":\"2025-01-14 19:48:12\",\"icon\":\"build\",\"isCache\":\"0\",\"isFrame\":\"1\",\"menuId\":2210,\"menuName\":\"产品出入库单\",\"menuType\":\"C\",\"orderNum\":2,\"params\":{},\"parentId\":2216,\"path\":\"productTransaction\",\"perms\":\"ar:productTransaction:list\",\"routeName\":\"\",\"status\":\"0\",\"updateBy\":\"admin\",\"visible\":\"0\"}','{\"msg\":\"操作成功\",\"code\":200}',0,NULL,'2025-04-29 18:06:58',15),(525,'产品信息',3,'com.ruoyi.ar.controller.ProductController.remove()','DELETE',1,'admin','研发部门','/ar/product/4,5','127.0.0.1','内网IP','[4,5]',NULL,1,'\r\n### Error updating database.  Cause: java.sql.SQLIntegrityConstraintViolationException: Cannot delete or update a parent row: a foreign key constraint fails (`ry-vue`.`production_batch`, CONSTRAINT `production_batch_ibfk_1` FOREIGN KEY (`product_id`) REFERENCES `product` (`product_id`) ON DELETE RESTRICT ON UPDATE RESTRICT)\r\n### The error may exist in file [D:\\Project\\Java\\IdeaProjects\\2222201\\ruoyi-admin\\target\\classes\\mapper\\ar\\ProductMapper.xml]\r\n### The error may involve com.ruoyi.ar.mapper.ProductMapper.deleteProductByProductIds-Inline\r\n### The error occurred while setting parameters\r\n### SQL: delete from product where product_id in           (               ?          ,              ?          )\r\n### Cause: java.sql.SQLIntegrityConstraintViolationException: Cannot delete or update a parent row: a foreign key constraint fails (`ry-vue`.`production_batch`, CONSTRAINT `production_batch_ibfk_1` FOREIGN KEY (`product_id`) REFERENCES `product` (`product_id`) ON DELETE RESTRICT ON UPDATE RESTRICT)\n; Cannot delete or update a parent row: a foreign key constraint fails (`ry-vue`.`production_batch`, CONSTRAINT `production_batch_ibfk_1` FOREIGN KEY (`product_id`) REFERENCES `product` (`product_id`) ON DELETE RESTRICT ON UPDATE RESTRICT); nested exception is java.sql.SQLIntegrityConstraintViolationException: Cannot delete or update a parent row: a foreign key constraint fails (`ry-vue`.`production_batch`, CONSTRAINT `production_batch_ibfk_1` FOREIGN KEY (`product_id`) REFERENCES `product` (`product_id`) ON DELETE RESTRICT ON UPDATE RESTRICT)','2025-04-29 18:16:22',12),(526,'产品出入库单',3,'com.ruoyi.ar.controller.ProductTransactionController.remove()','DELETE',1,'admin','研发部门','/ar/productTransaction/1','127.0.0.1','内网IP','[1]','{\"msg\":\"操作成功\",\"code\":200}',0,NULL,'2025-04-29 18:16:30',52),(527,'生产批次',3,'com.ruoyi.ar.controller.ProductionBatchController.remove()','DELETE',1,'admin','研发部门','/ar/batch/1','127.0.0.1','内网IP','[1]','{\"msg\":\"操作成功\",\"code\":200}',0,NULL,'2025-04-29 18:16:38',5),(528,'产品信息',3,'com.ruoyi.ar.controller.ProductController.remove()','DELETE',1,'admin','研发部门','/ar/product/4,5','127.0.0.1','内网IP','[4,5]','{\"msg\":\"操作成功\",\"code\":200}',0,NULL,'2025-04-29 18:16:42',5),(529,'VR内容',2,'com.ruoyi.vr.controller.VrContentController.edit()','PUT',1,'admin','研发部门','/vr/content','127.0.0.1','内网IP','{\"category\":\"图片\",\"createdAt\":\"2025-04-29 16:00:11\",\"description\":\"滴水不沾\",\"fileUrl\":\"Assets/StuSystem/SchoolEnterprise/chuangxinanli/dishuibuzhan/1.png，2.png\",\"name\":\"滴水不沾——持续强化“双创”教育，坚持创新攻坚之路\",\"params\":{},\"updatedAt\":\"2025-04-29 16:00:11\",\"usageStatus\":\"0\",\"vrContentId\":39,\"workId\":1}','{\"msg\":\"操作成功\",\"code\":200}',0,NULL,'2025-04-30 09:35:14',49),(530,'载体',2,'com.ruoyi.vr.controller.VrCarrierController.edit()','PUT',1,'admin','研发部门','/vr/carrier','127.0.0.1','内网IP','{\"carrierId\":1,\"carrierName\":\"中型展板01\",\"carrierType\":1,\"exhibitZoneId\":2,\"params\":{},\"specifications\":\"B01\",\"status\":\"1\"}','{\"msg\":\"操作成功\",\"code\":200}',0,NULL,'2025-04-30 09:47:26',12),(531,'载体',2,'com.ruoyi.vr.controller.VrCarrierController.edit()','PUT',1,'admin','研发部门','/vr/carrier','127.0.0.1','内网IP','{\"carrierId\":1,\"carrierName\":\"中型展板01\",\"carrierType\":1,\"exhibitZoneId\":2,\"params\":{},\"specifications\":\"B01\",\"status\":\"1\"}','{\"msg\":\"操作成功\",\"code\":200}',0,NULL,'2025-04-30 09:47:58',5),(532,'载体',1,'com.ruoyi.vr.controller.VrCarrierController.add()','POST',1,'admin','研发部门','/vr/carrier','127.0.0.1','内网IP','{\"carrierId\":75,\"carrierName\":\"1\",\"carrierType\":0,\"exhibitZoneId\":1,\"params\":{},\"specifications\":\"B00\",\"status\":\"0\"}','{\"msg\":\"操作成功\",\"code\":200}',0,NULL,'2025-04-30 09:50:53',61),(533,'载体',3,'com.ruoyi.vr.controller.VrCarrierController.remove()','DELETE',1,'admin','研发部门','/vr/carrier/75','127.0.0.1','内网IP','[75]','{\"msg\":\"操作成功\",\"code\":200}',0,NULL,'2025-04-30 09:50:56',7),(534,'菜单管理',2,'com.ruoyi.web.controller.system.SysMenuController.edit()','PUT',1,'admin','研发部门','/system/menu','127.0.0.1','内网IP','{\"children\":[],\"component\":\"vr/applications/index\",\"createTime\":\"2025-02-24 10:34:54\",\"icon\":\"#\",\"isCache\":\"0\",\"isFrame\":\"1\",\"menuId\":2515,\"menuName\":\"VR应用\",\"menuType\":\"C\",\"orderNum\":6,\"params\":{},\"parentId\":2099,\"path\":\"applications\",\"perms\":\"vr:applications:list\",\"routeName\":\"\",\"status\":\"0\",\"updateBy\":\"admin\",\"visible\":\"0\"}','{\"msg\":\"操作成功\",\"code\":200}',0,NULL,'2025-04-30 10:31:50',15),(535,'菜单管理',2,'com.ruoyi.web.controller.system.SysMenuController.edit()','PUT',1,'admin','研发部门','/system/menu','127.0.0.1','内网IP','{\"children\":[],\"component\":\"school/applications/index\",\"createTime\":\"2025-02-24 10:44:54\",\"icon\":\"#\",\"isCache\":\"0\",\"isFrame\":\"1\",\"menuId\":2521,\"menuName\":\"校企应用\",\"menuType\":\"C\",\"orderNum\":5,\"params\":{},\"parentId\":2100,\"path\":\"applications\",\"perms\":\"school:applications:list\",\"routeName\":\"\",\"status\":\"0\",\"updateBy\":\"admin\",\"visible\":\"0\"}','{\"msg\":\"操作成功\",\"code\":200}',0,NULL,'2025-04-30 10:32:09',9),(536,'VR场景',3,'com.ruoyi.school.controller.VrSceneController.remove()','DELETE',1,'admin','研发部门','/school/scene/2','127.0.0.1','内网IP','[2]','{\"msg\":\"操作成功\",\"code\":200}',0,NULL,'2025-04-30 10:32:46',7),(537,'VR场景',3,'com.ruoyi.school.controller.VrSceneController.remove()','DELETE',1,'admin','研发部门','/school/scene/1','127.0.0.1','内网IP','[1]','{\"msg\":\"操作成功\",\"code\":200}',0,NULL,'2025-04-30 10:32:48',5),(538,'合作案例',3,'com.ruoyi.school.controller.CooperationCaseController.remove()','DELETE',1,'admin','研发部门','/school/case/2','127.0.0.1','内网IP','[2]','{\"msg\":\"操作成功\",\"code\":200}',0,NULL,'2025-04-30 10:32:53',11),(539,'合作案例',3,'com.ruoyi.school.controller.CooperationCaseController.remove()','DELETE',1,'admin','研发部门','/school/case/1','127.0.0.1','内网IP','[1]','{\"msg\":\"操作成功\",\"code\":200}',0,NULL,'2025-04-30 10:32:54',4),(540,'材料信息',2,'com.ruoyi.ar.controller.MaterialController.edit()','PUT',1,'admin','研发部门','/ar/material','127.0.0.1','内网IP','{\"materialDescription\":\"增强陶瓷膜的机械强度和化学稳定性，性能优良\",\"materialId\":2,\"materialModel\":\"ZrO2-800 目\",\"materialName\":\"氧化锆陶瓷颗粒\",\"params\":{},\"stockAmount\":50,\"warehouseZoneId\":5}','{\"msg\":\"操作成功\",\"code\":200}',0,NULL,'2025-05-01 10:39:35',81),(541,'材料信息',2,'com.ruoyi.ar.controller.MaterialController.edit()','PUT',1,'admin','研发部门','/ar/material','127.0.0.1','内网IP','{\"materialDescription\":\"在膜制备过程中起粘结作用，保证膜结构的稳定性\",\"materialId\":3,\"materialModel\":\"NJ-101\",\"materialName\":\"有机粘结剂\",\"params\":{},\"stockAmount\":170,\"warehouseZoneId\":5}','{\"msg\":\"操作成功\",\"code\":200}',0,NULL,'2025-05-01 10:39:39',10),(542,'材料信息',2,'com.ruoyi.ar.controller.MaterialController.edit()','PUT',1,'admin','研发部门','/ar/material','127.0.0.1','内网IP','{\"materialDescription\":\"用于形成陶瓷膜的微孔结构，控制孔径大小\",\"materialId\":4,\"materialModel\":\"ZK-20\",\"materialName\":\"造孔剂\",\"params\":{},\"stockAmount\":210,\"warehouseZoneId\":5}','{\"msg\":\"操作成功\",\"code\":200}',0,NULL,'2025-05-01 10:39:46',5),(543,'材料信息',2,'com.ruoyi.ar.controller.MaterialController.edit()','PUT',1,'admin','研发部门','/ar/material','127.0.0.1','内网IP','{\"materialDescription\":\"作为板式陶瓷膜的支撑结构，提供力学支撑\",\"materialId\":5,\"materialModel\":\"SCT-01\",\"materialName\":\"支撑体原料\",\"params\":{},\"stockAmount\":-130,\"warehouseZoneId\":6}','{\"msg\":\"操作成功\",\"code\":200}',0,NULL,'2025-05-01 10:39:54',8),(544,'材料信息',2,'com.ruoyi.ar.controller.MaterialController.edit()','PUT',1,'admin','研发部门','/ar/material','127.0.0.1','内网IP','{\"materialDescription\":\"改善陶瓷膜的性能，如亲水性、抗污染性等\",\"materialId\":6,\"materialModel\":\"TJ-001\",\"materialName\":\"添加剂 A\",\"params\":{},\"stockAmount\":-140,\"warehouseZoneId\":6}','{\"msg\":\"操作成功\",\"code\":200}',0,NULL,'2025-05-01 10:39:59',9),(545,'材料信息',2,'com.ruoyi.ar.controller.MaterialController.edit()','PUT',1,'admin','研发部门','/ar/material','127.0.0.1','内网IP','{\"materialDescription\":\"辅助调整陶瓷膜的微观结构和性能\",\"materialId\":7,\"materialModel\":\"TJ-002\",\"materialName\":\"添加剂 B\",\"params\":{},\"stockAmount\":200,\"warehouseZoneId\":6}','{\"msg\":\"操作成功\",\"code\":200}',0,NULL,'2025-05-01 10:40:03',20),(546,'材料信息',2,'com.ruoyi.ar.controller.MaterialController.edit()','PUT',1,'admin','研发部门','/ar/material','127.0.0.1','内网IP','{\"materialDescription\":\"用于膜组件的密封，防止液体泄漏\",\"materialId\":8,\"materialModel\":\"MF-003\",\"materialName\":\"密封胶\",\"params\":{},\"stockAmount\":320,\"warehouseZoneId\":6}','{\"msg\":\"操作成功\",\"code\":200}',0,NULL,'2025-05-01 10:40:07',11),(547,'材料信息',2,'com.ruoyi.ar.controller.MaterialController.edit()','PUT',1,'admin','研发部门','/ar/material','127.0.0.1','内网IP','{\"materialDescription\":\"在膜生产过程中辅助过滤，提高膜的质量\",\"materialId\":9,\"materialModel\":\"GLB-100\",\"materialName\":\"过滤布\",\"params\":{},\"stockAmount\":-30,\"warehouseZoneId\":6}','{\"msg\":\"操作成功\",\"code\":200}',0,NULL,'2025-05-01 10:40:10',8),(548,'材料信息',2,'com.ruoyi.ar.controller.MaterialController.edit()','PUT',1,'admin','研发部门','/ar/material','127.0.0.1','内网IP','{\"materialDescription\":\"用于负载催化剂，提升膜的催化性能\",\"materialId\":10,\"materialModel\":\"CTZ-001\",\"materialName\":\"催化剂载体材料\",\"params\":{},\"stockAmount\":-20,\"warehouseZoneId\":6}','{\"msg\":\"操作成功\",\"code\":200}',0,NULL,'2025-05-01 10:40:13',4),(549,'二维码',1,'com.ruoyi.ar.controller.QrCodeController.add()','POST',1,'admin','研发部门','/ar/code','127.0.0.1','内网IP','{\"params\":{},\"qrCode\":\"https://schoolworkweb.oss-cn-beijing.aliyuncs.com/school-images/2025/05/01/6812dfa55554972be4638b7a.png\",\"qrCodeId\":12,\"qrCodeName\":\"包装物流区\"}','{\"msg\":\"操作成功\",\"code\":200}',0,NULL,'2025-05-01 10:42:47',23),(550,'二维码',1,'com.ruoyi.ar.controller.QrCodeController.add()','POST',1,'admin','研发部门','/ar/code','127.0.0.1','内网IP','{\"params\":{},\"qrCode\":\"https://schoolworkweb.oss-cn-beijing.aliyuncs.com/school-images/2025/05/01/6812dfbb5554972be4638b7b.png\",\"qrCodeId\":13,\"qrCodeName\":\"仓储区\"}','{\"msg\":\"操作成功\",\"code\":200}',0,NULL,'2025-05-01 10:43:16',6),(551,'二维码',1,'com.ruoyi.ar.controller.QrCodeController.add()','POST',1,'admin','研发部门','/ar/code','127.0.0.1','内网IP','{\"params\":{},\"qrCode\":\"https://schoolworkweb.oss-cn-beijing.aliyuncs.com/school-images/2025/05/01/6812dfd75554972be4638b7d.png\",\"qrCodeId\":14,\"qrCodeName\":\"干燥区\"}','{\"msg\":\"操作成功\",\"code\":200}',0,NULL,'2025-05-01 10:43:42',8),(552,'二维码',1,'com.ruoyi.ar.controller.QrCodeController.add()','POST',1,'admin','研发部门','/ar/code','127.0.0.1','内网IP','{\"params\":{},\"qrCode\":\"https://schoolworkweb.oss-cn-beijing.aliyuncs.com/school-images/2025/05/01/6812dfe55554972be4638b7e.png\",\"qrCodeId\":15,\"qrCodeName\":\"工厂总览\"}','{\"msg\":\"操作成功\",\"code\":200}',0,NULL,'2025-05-01 10:43:57',7),(553,'二维码',1,'com.ruoyi.ar.controller.QrCodeController.add()','POST',1,'admin','研发部门','/ar/code','127.0.0.1','内网IP','{\"params\":{},\"qrCode\":\"https://schoolworkweb.oss-cn-beijing.aliyuncs.com/school-images/2025/05/01/6812dff95554972be4638b7f.png\",\"qrCodeId\":16,\"qrCodeName\":\"混料区\"}','{\"msg\":\"操作成功\",\"code\":200}',0,NULL,'2025-05-01 10:44:11',7),(554,'二维码',1,'com.ruoyi.ar.controller.QrCodeController.add()','POST',1,'admin','研发部门','/ar/code','127.0.0.1','内网IP','{\"params\":{},\"qrCode\":\"https://schoolworkweb.oss-cn-beijing.aliyuncs.com/school-images/2025/05/01/6812e0075554972be4638b80.png\",\"qrCodeId\":17,\"qrCodeName\":\"挤出区\"}','{\"msg\":\"操作成功\",\"code\":200}',0,NULL,'2025-05-01 10:44:25',5),(555,'二维码',1,'com.ruoyi.ar.controller.QrCodeController.add()','POST',1,'admin','研发部门','/ar/code','127.0.0.1','内网IP','{\"params\":{},\"qrCode\":\"https://schoolworkweb.oss-cn-beijing.aliyuncs.com/school-images/2025/05/01/6812e0135554972be4638b81.png\",\"qrCodeId\":18,\"qrCodeName\":\"切割区\"}','{\"msg\":\"操作成功\",\"code\":200}',0,NULL,'2025-05-01 10:44:36',6),(556,'二维码',1,'com.ruoyi.ar.controller.QrCodeController.add()','POST',1,'admin','研发部门','/ar/code','127.0.0.1','内网IP','{\"params\":{},\"qrCode\":\"https://schoolworkweb.oss-cn-beijing.aliyuncs.com/school-images/2025/05/01/6812e01f5554972be4638b82.png\",\"qrCodeId\":19,\"qrCodeName\":\"烧成区\"}','{\"msg\":\"操作成功\",\"code\":200}',0,NULL,'2025-05-01 10:44:48',8),(557,'二维码',1,'com.ruoyi.ar.controller.QrCodeController.add()','POST',1,'admin','研发部门','/ar/code','127.0.0.1','内网IP','{\"params\":{},\"qrCode\":\"https://schoolworkweb.oss-cn-beijing.aliyuncs.com/school-images/2025/05/01/6812e02c5554972be4638b83.png\",\"qrCodeId\":20,\"qrCodeName\":\"原料区\"}','{\"msg\":\"操作成功\",\"code\":200}',0,NULL,'2025-05-01 10:45:01',11),(558,'出厂配置',3,'com.ruoyi.ar.controller.ArApplicationConfigurationController.remove()','DELETE',1,'admin','研发部门','/ar/configuration/1','127.0.0.1','内网IP','[1]','{\"msg\":\"操作成功\",\"code\":200}',0,NULL,'2025-05-01 10:57:35',30),(559,'VR应用',3,'com.ruoyi.vr.controller.VrApplicationsController.remove()','DELETE',1,'admin','研发部门','/vr/applications/3','127.0.0.1','内网IP','[3]','{\"msg\":\"操作成功\",\"code\":200}',0,NULL,'2025-05-01 10:58:10',16),(560,'VR应用',3,'com.ruoyi.vr.controller.VrApplicationsController.remove()','DELETE',1,'admin','研发部门','/vr/applications/2','127.0.0.1','内网IP','[2]','{\"msg\":\"操作成功\",\"code\":200}',0,NULL,'2025-05-01 10:58:13',5),(561,'VR应用',3,'com.ruoyi.vr.controller.VrApplicationsController.remove()','DELETE',1,'admin','研发部门','/vr/applications/1','127.0.0.1','内网IP','[1]','{\"msg\":\"操作成功\",\"code\":200}',0,NULL,'2025-05-01 10:58:15',5),(562,'校企应用',3,'com.ruoyi.school.controller.SchoolApplicationsController.remove()','DELETE',1,'admin','研发部门','/school/applications/1','127.0.0.1','内网IP','[1]','{\"msg\":\"操作成功\",\"code\":200}',0,NULL,'2025-05-01 10:58:25',8),(563,'校企应用',3,'com.ruoyi.school.controller.SchoolApplicationsController.remove()','DELETE',1,'admin','研发部门','/school/applications/2','127.0.0.1','内网IP','[2]','{\"msg\":\"操作成功\",\"code\":200}',0,NULL,'2025-05-01 10:58:27',6),(564,'角色管理',2,'com.ruoyi.web.controller.system.SysRoleController.edit()','PUT',1,'admin','研发部门','/system/role','127.0.0.1','内网IP','{\"admin\":false,\"createTime\":\"2024-12-24 16:55:22\",\"dataScope\":\"2\",\"delFlag\":\"0\",\"deptCheckStrictly\":true,\"flag\":false,\"menuCheckStrictly\":true,\"menuIds\":[2044,2410,2411,2412,2413,2414,2415,2254,2255,2256,2257,2258,2259,2527,2528,2529,2530,2531,2532,2338,2339,2340,2341,2342,2343,2545,2546,2547,2548,2549,2550,2344,2345,2346,2347,2348,2349,2551,2552,2553,2554,2555,2556,2149,2150,2151,2152,2153,2154,2314,2315,2316,2317,2318,2319,2302,2303,2304,2305,2306,2307,2162,2163,2164,2165,2166,2167,2229,2180,2181,2182,2183,2184,2185,2186,2187,2188,2189,2190,2191,2428,2429,2430,2431,2432,2433,2198,2199,2200,2201,2202,2203,2216,2204,2205,2206,2207,2208,2209,2210,2211,2212,2213,2214,2215,2380,2381,2382,2383,2384,2385,2434,2435,2436,2437,2438,2439,2497,2498,2499,2500,2501,2502,2509,2510,2511,2512,2513,2514],\"params\":{},\"remark\":\"AR端普通用户\",\"roleId\":2,\"roleKey\":\"ARcommon\",\"roleName\":\"AR端普通用户\",\"roleSort\":2,\"status\":\"0\",\"updateBy\":\"admin\"}','{\"msg\":\"操作成功\",\"code\":200}',0,NULL,'2025-05-01 11:26:28',64),(565,'角色管理',2,'com.ruoyi.web.controller.system.SysRoleController.edit()','PUT',1,'admin','研发部门','/system/role','127.0.0.1','内网IP','{\"admin\":false,\"createTime\":\"2025-01-07 20:34:08\",\"dataScope\":\"1\",\"delFlag\":\"0\",\"deptCheckStrictly\":true,\"flag\":false,\"menuCheckStrictly\":true,\"menuIds\":[2099,2326,2327,2328,2329,2330,2331,2308,2309,2310,2311,2312,2313,2290,2291,2292,2293,2294,2295,2416,2417,2418,2419,2420,2421,2332,2333,2334,2335,2336,2337,2515,2516,2517,2518,2519,2520],\"params\":{},\"remark\":\"VR端普通用户\",\"roleId\":100,\"roleKey\":\"research\",\"roleName\":\"VR端普通用户\",\"roleSort\":3,\"status\":\"0\",\"updateBy\":\"admin\"}','{\"msg\":\"操作成功\",\"code\":200}',0,NULL,'2025-05-01 11:26:55',13),(566,'角色管理',2,'com.ruoyi.web.controller.system.SysRoleController.edit()','PUT',1,'admin','研发部门','/system/role','127.0.0.1','内网IP','{\"admin\":false,\"createTime\":\"2025-01-07 20:34:08\",\"dataScope\":\"1\",\"delFlag\":\"0\",\"deptCheckStrictly\":true,\"flag\":false,\"menuCheckStrictly\":true,\"menuIds\":[2099,2326,2327,2328,2329,2330,2331,2308,2309,2310,2311,2312,2313,2290,2291,2292,2293,2294,2295,2416,2417,2418,2419,2420,2421,2332,2333,2334,2335,2336,2337,2515,2516,2517,2518,2519,2520],\"params\":{},\"remark\":\"VR端普通用户\",\"roleId\":100,\"roleKey\":\"VRcommon\",\"roleName\":\"VR端普通用户\",\"roleSort\":3,\"status\":\"0\",\"updateBy\":\"admin\"}','{\"msg\":\"操作成功\",\"code\":200}',0,NULL,'2025-05-01 11:27:05',18),(567,'角色管理',1,'com.ruoyi.web.controller.system.SysRoleController.add()','POST',1,'admin','研发部门','/system/role','127.0.0.1','内网IP','{\"admin\":false,\"createBy\":\"admin\",\"deptCheckStrictly\":true,\"deptIds\":[],\"flag\":false,\"menuCheckStrictly\":true,\"menuIds\":[2100,2296,2298,2299,2300,2301,2320,2321,2322,2323,2324,2325,2452,2453,2454,2455,2456,2457,2521,2522,2523,2524,2525,2526],\"params\":{},\"remark\":\"校企端普通用户\",\"roleId\":101,\"roleKey\":\"SCHcommon\",\"roleName\":\"校企端普通用户\",\"roleSort\":3,\"status\":\"0\"}','{\"msg\":\"操作成功\",\"code\":200}',0,NULL,'2025-05-01 11:27:44',11),(568,'角色管理',2,'com.ruoyi.web.controller.system.SysRoleController.edit()','PUT',1,'admin','研发部门','/system/role','127.0.0.1','内网IP','{\"admin\":false,\"createTime\":\"2025-05-01 11:27:44\",\"dataScope\":\"1\",\"delFlag\":\"0\",\"deptCheckStrictly\":true,\"flag\":false,\"menuCheckStrictly\":true,\"menuIds\":[2100,2296,2298,2299,2300,2301,2320,2321,2322,2323,2324,2325,2452,2453,2454,2455,2456,2457,2521,2522,2523,2524,2525,2526],\"params\":{},\"remark\":\"校企端普通用户\",\"roleId\":101,\"roleKey\":\"SCHcommon\",\"roleName\":\"校企端普通用户\",\"roleSort\":4,\"status\":\"0\",\"updateBy\":\"admin\"}','{\"msg\":\"操作成功\",\"code\":200}',0,NULL,'2025-05-01 11:27:51',18),(569,'角色管理',4,'com.ruoyi.web.controller.system.SysRoleController.cancelAuthUser()','PUT',1,'admin','研发部门','/system/role/authUser/cancel','127.0.0.1','内网IP','{\"roleId\":2,\"userId\":101}','{\"msg\":\"操作成功\",\"code\":200}',0,NULL,'2025-05-01 11:28:46',8),(570,'沙盘分区',2,'com.ruoyi.ar.controller.SandboxZoneController.edit()','PUT',1,'admin','研发部门','/ar/zone','127.0.0.1','内网IP','{\"description\":\"堆放原料包的分区。原料由货车运输来料。叉车将整托原料从来料货车上搬运至原料存放货架。需要生产时，由人工叉车将其中两种粉料原料运至原料上料机器人定制位。\",\"factoryId\":8,\"factoryName\":\"粤海陶瓷膜片厂\",\"name\":\"原料区\",\"params\":{},\"qrCodeId\":20,\"zoneId\":18}','{\"msg\":\"操作成功\",\"code\":200}',0,NULL,'2025-05-01 11:44:41',14),(571,'沙盘分区',2,'com.ruoyi.ar.controller.SandboxZoneController.edit()','PUT',1,'admin','研发部门','/ar/zone','127.0.0.1','内网IP','{\"description\":\"均匀混合陶瓷原料、添加剂和溶剂。混料工序将陶瓷原料、添加剂（如分散剂、粘结剂、烧结助剂和增塑剂等）和溶剂按一定比例混合均匀，形成具有良好流动性和稳定性的浆料。固体原料包由上料机器人搬运至投料口，按照设置的配比参数输送至混料机。液体料由人工定量输送，将液体料输料管放入料桶，按照设定参数自动输送至混料机。\",\"factoryId\":8,\"factoryName\":\"粤海陶瓷膜片厂\",\"name\":\"混料区\",\"params\":{},\"qrCodeId\":16,\"zoneId\":19}','{\"msg\":\"操作成功\",\"code\":200}',0,NULL,'2025-05-01 11:44:49',7),(572,'沙盘分区',2,'com.ruoyi.ar.controller.SandboxZoneController.edit()','PUT',1,'admin','研发部门','/ar/zone','127.0.0.1','内网IP','{\"description\":\"进行缓干工艺的分区。挤出成型的陶瓷膜片由AGV小车从挤出区搬运至干燥间，并按照设定的干燥时间（4天）进行缓干工艺。\",\"factoryId\":8,\"factoryName\":\"粤海陶瓷膜片厂\",\"name\":\"干燥区\",\"params\":{},\"qrCodeId\":14,\"zoneId\":22}','{\"msg\":\"操作成功\",\"code\":200}',0,NULL,'2025-05-01 11:45:01',6),(573,'沙盘分区',2,'com.ruoyi.ar.controller.SandboxZoneController.edit()','PUT',1,'admin','研发部门','/ar/zone','127.0.0.1','内网IP','{\"description\":\"烧制陶瓷膜片的分区。在窑炉内高温烧结，形成致密结构。下料机器人将陶瓷膜片放置于承烧板上。接着，装卸窑机器人将叠放满膜片的承烧板搬运至窑车定置位，窑车装载完成后进入窑炉进行为期4天的烧制。烧制完成后窑车出炉，装卸窑机器人将陶瓷膜片叉取回定置位。\",\"factoryId\":8,\"factoryName\":\"粤海陶瓷膜片厂\",\"name\":\"烧成区\",\"params\":{},\"qrCodeId\":19,\"zoneId\":23}','{\"msg\":\"操作成功\",\"code\":200}',0,NULL,'2025-05-01 11:45:06',7),(574,'沙盘分区',2,'com.ruoyi.ar.controller.SandboxZoneController.edit()','PUT',1,'admin','研发部门','/ar/zone','127.0.0.1','内网IP','{\"description\":\"切割陶瓷膜片为成品尺寸，除尘及后处理。检测合格的膜片输送至切割区，切割长度为600mm±1mm，膜片切割完成后，由输送线输送至自动除尘区。\",\"factoryId\":8,\"factoryName\":\"粤海陶瓷膜片厂\",\"name\":\"切割区\",\"params\":{},\"qrCodeId\":18,\"zoneId\":24}','{\"msg\":\"操作成功\",\"code\":200}',0,NULL,'2025-05-01 11:45:11',8),(575,'沙盘分区',2,'com.ruoyi.ar.controller.SandboxZoneController.edit()','PUT',1,'admin','研发部门','/ar/zone','127.0.0.1','内网IP','{\"description\":\"从陈腐后的泥坯料挤出陶瓷膜片。泥胚料箱由AGV小车搬运到膜片挤出上料工位。上料机器人负责抓取泥坯料，投料到挤出机入料口。挤出设备将膜片挤出、切断，由皮带输送线往前输送。每个膜片放置到毛毡板上，由下料机器人运送至膜片料架。膜片料架放满后，利用AGV自动搬运至干燥间。\",\"factoryId\":8,\"factoryName\":\"粤海陶瓷膜片厂\",\"name\":\"挤出区\",\"params\":{},\"qrCodeId\":17,\"zoneId\":21}','{\"msg\":\"操作成功\",\"code\":200}',0,NULL,'2025-05-01 11:45:16',4),(576,'沙盘分区',3,'com.ruoyi.ar.controller.SandboxZoneController.remove()','DELETE',1,'admin','研发部门','/ar/zone/14','127.0.0.1','内网IP','[14]','{\"msg\":\"操作成功\",\"code\":200}',0,NULL,'2025-05-01 11:45:46',7),(577,'沙盘分区',3,'com.ruoyi.ar.controller.SandboxZoneController.remove()','DELETE',1,'admin','研发部门','/ar/zone/13','127.0.0.1','内网IP','[13]','{\"msg\":\"操作成功\",\"code\":200}',0,NULL,'2025-05-01 11:45:48',6),(578,'沙盘分区',3,'com.ruoyi.ar.controller.SandboxZoneController.remove()','DELETE',1,'admin','研发部门','/ar/zone/12','127.0.0.1','内网IP','[12]','{\"msg\":\"操作成功\",\"code\":200}',0,NULL,'2025-05-01 11:45:50',5),(579,'沙盘分区',2,'com.ruoyi.ar.controller.SandboxZoneController.edit()','PUT',1,'admin','研发部门','/ar/zone','127.0.0.1','内网IP','{\"description\":\"板式陶瓷膜成品检验与包装。经过胶装、缓干处理后的板式陶瓷膜成品送至包装区，检验合格后，人工将成品膜片进行包装处理。\",\"factoryId\":8,\"factoryName\":\"粤海陶瓷膜片厂\",\"name\":\"包装区\",\"params\":{},\"qrCodeId\":12,\"zoneId\":25}','{\"msg\":\"操作成功\",\"code\":200}',0,NULL,'2025-05-01 11:45:58',20),(580,'沙盘分区',2,'com.ruoyi.ar.controller.SandboxZoneController.edit()','PUT',1,'admin','研发部门','/ar/zone','127.0.0.1','内网IP','{\"description\":\"存放和管理板式陶瓷膜成品的区域。入库管理：成品经过质量检验合格后，由入库员负责接收、核对，将成品安全、有序地存放在货架上，并进行标识，以便快速识别和查找。库存管理：利用仓储管理系统（WMS）对库存进行实时监控和管理。出库管理：根据销售订单或发货计划，由出库员负责出库成品的核对，组织发货装车。\",\"factoryId\":8,\"factoryName\":\"粤海陶瓷膜片厂\",\"name\":\"仓储区\",\"params\":{},\"qrCodeId\":13,\"zoneId\":26}','{\"msg\":\"操作成功\",\"code\":200}',0,NULL,'2025-05-01 11:46:02',9),(581,'二维码',1,'com.ruoyi.ar.controller.QrCodeController.add()','POST',1,'admin','研发部门','/ar/code','127.0.0.1','内网IP','{\"params\":{},\"qrCode\":\"https://schoolworkweb.oss-cn-beijing.aliyuncs.com/school-images/2025/05/01/6812efc65554972be4638b84.png\",\"qrCodeId\":21,\"qrCodeName\":\"输送线\"}','{\"msg\":\"操作成功\",\"code\":200}',0,NULL,'2025-05-01 11:51:48',10),(582,'二维码',1,'com.ruoyi.ar.controller.QrCodeController.add()','POST',1,'admin','研发部门','/ar/code','127.0.0.1','内网IP','{\"params\":{},\"qrCode\":\"https://schoolworkweb.oss-cn-beijing.aliyuncs.com/school-images/2025/05/01/6812efe65554972be4638b85.png\",\"qrCodeId\":22,\"qrCodeName\":\"粉料储存罐\"}','{\"msg\":\"操作成功\",\"code\":200}',0,NULL,'2025-05-01 11:52:25',6),(583,'二维码',1,'com.ruoyi.ar.controller.QrCodeController.add()','POST',1,'admin','研发部门','/ar/code','127.0.0.1','内网IP','{\"params\":{},\"qrCode\":\"https://schoolworkweb.oss-cn-beijing.aliyuncs.com/school-images/2025/05/01/6812f0075554972be4638b86.png\",\"qrCodeId\":23,\"qrCodeName\":\"混料机\"}','{\"msg\":\"操作成功\",\"code\":200}',0,NULL,'2025-05-01 11:52:54',6),(584,'二维码',1,'com.ruoyi.ar.controller.QrCodeController.add()','POST',1,'admin','研发部门','/ar/code','127.0.0.1','内网IP','{\"params\":{},\"qrCode\":\"https://schoolworkweb.oss-cn-beijing.aliyuncs.com/school-images/2025/05/01/6812f01c5554972be4638b87.png\",\"qrCodeId\":24,\"qrCodeName\":\"上料机器人\"}','{\"msg\":\"操作成功\",\"code\":200}',0,NULL,'2025-05-01 11:53:09',6),(585,'二维码',1,'com.ruoyi.ar.controller.QrCodeController.add()','POST',1,'admin','研发部门','/ar/code','127.0.0.1','内网IP','{\"params\":{},\"qrCode\":\"https://schoolworkweb.oss-cn-beijing.aliyuncs.com/school-images/2025/05/01/6812f0945554972be4638b88.png\",\"qrCodeId\":25,\"qrCodeName\":\"挤出设备\"}','{\"msg\":\"操作成功\",\"code\":200}',0,NULL,'2025-05-01 11:55:07',7),(586,'二维码',1,'com.ruoyi.ar.controller.QrCodeController.add()','POST',1,'admin','研发部门','/ar/code','127.0.0.1','内网IP','{\"params\":{},\"qrCode\":\"https://schoolworkweb.oss-cn-beijing.aliyuncs.com/school-images/2025/05/01/6812f0a05554972be4638b89.png\",\"qrCodeId\":26,\"qrCodeName\":\"皮带传输线\"}','{\"msg\":\"操作成功\",\"code\":200}',0,NULL,'2025-05-01 11:55:19',4),(587,'二维码',1,'com.ruoyi.ar.controller.QrCodeController.add()','POST',1,'admin','研发部门','/ar/code','127.0.0.1','内网IP','{\"params\":{},\"qrCode\":\"https://schoolworkweb.oss-cn-beijing.aliyuncs.com/school-images/2025/05/01/6812f0ac5554972be4638b8a.png\",\"qrCodeId\":27,\"qrCodeName\":\"下料机器人\"}','{\"msg\":\"操作成功\",\"code\":200}',0,NULL,'2025-05-01 11:55:33',4),(588,'二维码',1,'com.ruoyi.ar.controller.QrCodeController.add()','POST',1,'admin','研发部门','/ar/code','127.0.0.1','内网IP','{\"params\":{},\"qrCode\":\"https://schoolworkweb.oss-cn-beijing.aliyuncs.com/school-images/2025/05/01/6812f0bd5554972be4638b8b.png\",\"qrCodeId\":28,\"qrCodeName\":\"捏合设备\"}','{\"msg\":\"操作成功\",\"code\":200}',0,NULL,'2025-05-01 11:55:47',5),(589,'二维码',1,'com.ruoyi.ar.controller.QrCodeController.add()','POST',1,'admin','研发部门','/ar/code','127.0.0.1','内网IP','{\"params\":{},\"qrCode\":\"https://schoolworkweb.oss-cn-beijing.aliyuncs.com/school-images/2025/05/01/6812f0c85554972be4638b8c.png\",\"qrCodeId\":29,\"qrCodeName\":\"抓取机器人\"}','{\"msg\":\"操作成功\",\"code\":200}',0,NULL,'2025-05-01 11:55:58',6),(590,'二维码',1,'com.ruoyi.ar.controller.QrCodeController.add()','POST',1,'admin','研发部门','/ar/code','127.0.0.1','内网IP','{\"params\":{},\"qrCode\":\"https://schoolworkweb.oss-cn-beijing.aliyuncs.com/school-images/2025/05/01/6812f0d95554972be4638b8d.png\",\"qrCodeId\":30,\"qrCodeName\":\"切割设备\"}','{\"msg\":\"操作成功\",\"code\":200}',0,NULL,'2025-05-01 11:56:14',8),(591,'二维码',1,'com.ruoyi.ar.controller.QrCodeController.add()','POST',1,'admin','研发部门','/ar/code','127.0.0.1','内网IP','{\"params\":{},\"qrCode\":\"https://schoolworkweb.oss-cn-beijing.aliyuncs.com/school-images/2025/05/01/6812f0e85554972be4638b8e.png\",\"qrCodeId\":31,\"qrCodeName\":\"膜片下料机器人\"}','{\"msg\":\"操作成功\",\"code\":200}',0,NULL,'2025-05-01 11:56:36',14),(592,'二维码',1,'com.ruoyi.ar.controller.QrCodeController.add()','POST',1,'admin','研发部门','/ar/code','127.0.0.1','内网IP','{\"params\":{},\"qrCode\":\"https://schoolworkweb.oss-cn-beijing.aliyuncs.com/school-images/2025/05/01/6812f0fa5554972be4638b8f.png\",\"qrCodeId\":32,\"qrCodeName\":\"窑车\"}','{\"msg\":\"操作成功\",\"code\":200}',0,NULL,'2025-05-01 11:56:51',7),(593,'二维码',1,'com.ruoyi.ar.controller.QrCodeController.add()','POST',1,'admin','研发部门','/ar/code','127.0.0.1','内网IP','{\"params\":{},\"qrCode\":\"https://schoolworkweb.oss-cn-beijing.aliyuncs.com/school-images/2025/05/01/6812f1085554972be4638b90.png\",\"qrCodeId\":33,\"qrCodeName\":\"装卸窑机器人\"}','{\"msg\":\"操作成功\",\"code\":200}',0,NULL,'2025-05-01 11:57:10',6),(594,'二维码',1,'com.ruoyi.ar.controller.QrCodeController.add()','POST',1,'admin','研发部门','/ar/code','127.0.0.1','内网IP','{\"params\":{},\"qrCode\":\"https://schoolworkweb.oss-cn-beijing.aliyuncs.com/school-images/2025/05/01/6812f11d5554972be4638b91.png\",\"qrCodeId\":34,\"qrCodeName\":\"原料包\"}','{\"msg\":\"操作成功\",\"code\":200}',0,NULL,'2025-05-01 11:57:24',6),(595,'AR内容',2,'com.ruoyi.ar.controller.ArContentController.edit()','PUT',1,'admin','研发部门','/ar/content','127.0.0.1','内网IP','{\"arContentId\":1,\"category\":\"视频\",\"description\":\"原料上料机器人内置三维视觉定位系统，准确地将原料包搬运至投料口。\",\"fileUrl\":\"/data/videos/equipment/原料上料机器人.mp4\",\"name\":\"原料上料机器人\",\"params\":{},\"qrCodeId\":24,\"usageStatus\":\"1\"}','{\"msg\":\"操作成功\",\"code\":200}',0,NULL,'2025-05-01 12:00:05',16),(596,'AR内容',2,'com.ruoyi.ar.controller.ArContentController.edit()','PUT',1,'admin','研发部门','/ar/content','127.0.0.1','内网IP','{\"arContentId\":2,\"category\":\"视频\",\"description\":\"混料机用于混合不同的原料。原料分粉料和液体料两种，分别输送至混料机入料口，然后进行混料处理。\",\"fileUrl\":\"/data/videos/equipment/混料机.mp4\",\"name\":\"混料机\",\"params\":{},\"qrCodeId\":23,\"usageStatus\":\"1\"}','{\"msg\":\"操作成功\",\"code\":200}',0,NULL,'2025-05-01 12:00:45',8),(597,'AR内容',2,'com.ruoyi.ar.controller.ArContentController.edit()','PUT',1,'admin','研发部门','/ar/content','127.0.0.1','内网IP','{\"arContentId\":3,\"category\":\"视频\",\"description\":\"粉料储存罐简称料筒，共配置5个料筒，用于储存混合完成的5种粉料。\",\"fileUrl\":\"/data/videos/equipment/粉料储存罐.mp4\",\"name\":\"粉料储存罐\",\"params\":{},\"qrCodeId\":22,\"usageStatus\":\"1\"}','{\"msg\":\"操作成功\",\"code\":200}',0,NULL,'2025-05-01 12:00:54',13),(598,'AR内容',2,'com.ruoyi.ar.controller.ArContentController.edit()','PUT',1,'admin','研发部门','/ar/content','127.0.0.1','内网IP','{\"arContentId\":18,\"category\":\"视频\",\"description\":\"捏合区下料机器人抓取泥坯料，将其放置于泥坯料箱。料箱装满后，机器人将料箱盖子盖上，再由AGV小车将泥坯料箱运走。\",\"fileUrl\":\"/data/videos/equipment/捏合区下料机器人.mp4\",\"name\":\"捏合区下料机器人\",\"params\":{},\"qrCodeId\":27,\"usageStatus\":\"1\"}','{\"msg\":\"操作成功\",\"code\":200}',0,NULL,'2025-05-01 12:01:15',5),(599,'AR内容',2,'com.ruoyi.ar.controller.ArContentController.edit()','PUT',1,'admin','研发部门','/ar/content','127.0.0.1','内网IP','{\"arContentId\":19,\"category\":\"视频\",\"description\":\"捏合设备将混合泥料捏合成型，由传送带运输至切断机构，切割成相同长度的泥棒料。\",\"fileUrl\":\"/data/videos/equipment/捏合设备.mp4\",\"name\":\"捏合设备\",\"params\":{},\"qrCodeId\":28,\"usageStatus\":\"1\"}','{\"msg\":\"操作成功\",\"code\":200}',0,NULL,'2025-05-01 12:01:25',5),(600,'AR内容',2,'com.ruoyi.ar.controller.ArContentController.edit()','PUT',1,'admin','研发部门','/ar/content','127.0.0.1','内网IP','{\"arContentId\":21,\"category\":\"视频\",\"description\":\"输送系统将毛毡板和陶瓷膜片输送至膜片对接位，在毛毡板和陶瓷膜片叠加后，继续往前输送至指定的下料抓取区域。\",\"fileUrl\":\"/data/videos/equipment/皮带输送线.mp4\",\"name\":\"皮带输送线\",\"params\":{},\"qrCodeId\":26,\"usageStatus\":\"1\"}','{\"msg\":\"操作成功\",\"code\":200}',0,NULL,'2025-05-01 12:01:41',4),(601,'AR内容',2,'com.ruoyi.ar.controller.ArContentController.edit()','PUT',1,'admin','研发部门','/ar/content','127.0.0.1','内网IP','{\"arContentId\":23,\"category\":\"视频\",\"description\":\"膜片下料机器人配备膜片上下料夹具。负责从料架上叉取膜片，并移动膜片到激光打标机打标，再将打标好的膜片移动到承烧板定置位。\",\"fileUrl\":\"/data/videos/equipment/膜片下料机器人.mp4\",\"name\":\"膜片下料机器人\",\"params\":{},\"qrCodeId\":27,\"usageStatus\":\"1\"}','{\"msg\":\"操作成功\",\"code\":200}',0,NULL,'2025-05-01 12:01:47',8),(602,'AR内容',2,'com.ruoyi.ar.controller.ArContentController.edit()','PUT',1,'admin','研发部门','/ar/content','127.0.0.1','内网IP','{\"arContentId\":22,\"category\":\"视频\",\"description\":\"毛毡板膜片由毛毡板和陶瓷膜片组成，毛毡板起到防粘结和缓冲等作用。从输送线出来后，毛毡板膜片下料机器人将其插取至膜片料架。\",\"fileUrl\":\"/data/videos/equipment/毛毡板膜片下料机器人.mp4\",\"name\":\"毛毡板膜片下料机器人\",\"params\":{},\"qrCodeId\":31,\"usageStatus\":\"1\"}','{\"msg\":\"操作成功\",\"code\":200}',0,NULL,'2025-05-01 12:02:01',7),(603,'AR内容',2,'com.ruoyi.ar.controller.ArContentController.edit()','PUT',1,'admin','研发部门','/ar/content','127.0.0.1','内网IP','{\"arContentId\":23,\"category\":\"视频\",\"description\":\"膜片下料机器人配备膜片上下料夹具。负责从料架上叉取膜片，并移动膜片到激光打标机打标，再将打标好的膜片移动到承烧板定置位。\",\"fileUrl\":\"/data/videos/equipment/膜片下料机器人.mp4\",\"name\":\"膜片下料机器人\",\"params\":{},\"qrCodeId\":31,\"usageStatus\":\"1\"}','{\"msg\":\"操作成功\",\"code\":200}',0,NULL,'2025-05-01 12:02:14',5),(604,'AR内容',2,'com.ruoyi.ar.controller.ArContentController.edit()','PUT',1,'admin','研发部门','/ar/content','127.0.0.1','内网IP','{\"arContentId\":24,\"category\":\"视频\",\"description\":\"装卸窑机器人将膜片与承烧板整体叉取并搬运至窑车。待膜片烧制完成后，由装卸窑机器人将烧制好的膜片与承烧板整体叉取到定置位。\",\"fileUrl\":\"/data/videos/equipment/装卸窑机器人.mp4\",\"name\":\"装卸窑机器人\",\"params\":{},\"qrCodeId\":33,\"usageStatus\":\"1\"}','{\"msg\":\"操作成功\",\"code\":200}',0,NULL,'2025-05-01 12:02:20',6),(605,'AR内容',2,'com.ruoyi.ar.controller.ArContentController.edit()','PUT',1,'admin','研发部门','/ar/content','127.0.0.1','内网IP','{\"arContentId\":25,\"category\":\"视频\",\"description\":\"窑车耐高温，负责装载和运送陶瓷膜片。窑车将膜片与承烧板整体运载到窑炉里烧制。烧制完成后，再将膜片与承烧板整体从窑炉运出。\",\"fileUrl\":\"/data/videos/equipment/窑车.mp4\",\"name\":\"窑车\",\"params\":{},\"qrCodeId\":32,\"usageStatus\":\"1\"}','{\"msg\":\"操作成功\",\"code\":200}',0,NULL,'2025-05-01 12:02:32',14),(606,'AR内容',2,'com.ruoyi.ar.controller.ArContentController.edit()','PUT',1,'admin','研发部门','/ar/content','127.0.0.1','内网IP','{\"arContentId\":20,\"params\":{},\"qrCodeId\":25}','{\"msg\":\"操作成功\",\"code\":200}',0,NULL,'2025-05-01 12:03:03',11),(607,'AR内容',2,'com.ruoyi.ar.controller.ArContentController.edit()','PUT',1,'admin','研发部门','/ar/content','127.0.0.1','内网IP','{\"arContentId\":28,\"params\":{},\"qrCodeId\":24}','{\"msg\":\"操作成功\",\"code\":200}',0,NULL,'2025-05-01 12:04:29',13),(608,'AR内容',2,'com.ruoyi.ar.controller.ArContentController.edit()','PUT',1,'admin','研发部门','/ar/content','127.0.0.1','内网IP','{\"arContentId\":26,\"category\":\"视频\",\"description\":\"切割陶瓷膜片的自动化机械设备。切割设备将膜片切割成600mm±1mm的长度。\",\"fileUrl\":\"/data/videos/equipment/切割设备.mp4\",\"name\":\"切割设备\",\"params\":{},\"qrCodeId\":30,\"usageStatus\":\"1\"}','{\"msg\":\"操作成功\",\"code\":200}',0,NULL,'2025-05-01 15:37:22',22),(609,'AR内容',2,'com.ruoyi.ar.controller.ArContentController.edit()','PUT',1,'admin','研发部门','/ar/content','127.0.0.1','内网IP','{\"arContentId\":27,\"category\":\"视频\",\"description\":\"经过多道工序和检测后，得到陶瓷膜片成品。成品经输送线传输至包装工位，由人工进行包装。\",\"fileUrl\":\"/data/videos/equipment/成品输送线.mp4\",\"name\":\"成品输送线\",\"params\":{},\"qrCodeId\":21,\"usageStatus\":\"1\"}','{\"msg\":\"操作成功\",\"code\":200}',0,NULL,'2025-05-01 15:37:30',13),(610,'AR内容',2,'com.ruoyi.ar.controller.ArContentController.edit()','PUT',1,'admin','研发部门','/ar/content','127.0.0.1','内网IP','{\"arContentId\":29,\"category\":\"视频\",\"description\":\"原料区用于堆放原料包。叉车将整托原料从货车上搬运至原料存放货架。生产时，由叉车将粉料运至原料上料机器人定置位。\",\"fileUrl\":\"/data/videos/partitioning/挤出区上料机器人.mp4\",\"name\":\"原料区\",\"params\":{},\"qrCodeId\":20,\"usageStatus\":\"1\"}','{\"msg\":\"操作成功\",\"code\":200}',0,NULL,'2025-05-01 15:37:35',7),(611,'AR内容',2,'com.ruoyi.ar.controller.ArContentController.edit()','PUT',1,'admin','研发部门','/ar/content','127.0.0.1','内网IP','{\"arContentId\":30,\"category\":\"视频\",\"description\":\"原料上料机器人将原料包搬运至投料口，人工将液体料投入料筒。粉料和液体料被自动输送至混料机。最终，在混料机中搅拌均匀。\",\"fileUrl\":\"/data/videos/partitioning/原料区.mp4\",\"name\":\"混料区\",\"params\":{},\"qrCodeId\":16,\"usageStatus\":\"1\"}','{\"msg\":\"操作成功\",\"code\":200}',0,NULL,'2025-05-01 15:37:56',6),(612,'AR内容',2,'com.ruoyi.ar.controller.ArContentController.edit()','PUT',1,'admin','研发部门','/ar/content','127.0.0.1','内网IP','{\"arContentId\":31,\"category\":\"视频\",\"description\":\"上料机器人从泥胚料箱里抓取泥胚，投放到挤出机入料口。挤出机挤出陶瓷膜片，由皮带输送线往前输送。同时，毛毡板输送系统将毛毡板运至膜片对接位，承接膜片，叠加为毛毡板膜片后，跟随输送线到达下料位置。下料机器人将毛毡板膜片插取至膜片料架。料架放满后，由AGV自动搬运至干燥间。\",\"fileUrl\":\"/data/videos/partitioning/挤出区.mp4\",\"name\":\"挤出区\",\"params\":{},\"qrCodeId\":17,\"usageStatus\":\"1\"}','{\"msg\":\"操作成功\",\"code\":200}',0,NULL,'2025-05-01 15:38:01',5),(613,'AR内容',2,'com.ruoyi.ar.controller.ArContentController.edit()','PUT',1,'admin','研发部门','/ar/content','127.0.0.1','内网IP','{\"arContentId\":32,\"category\":\"视频\",\"description\":\"陶瓷膜片在烧成区的窑炉内烧制。下料机器人将毛毡板膜片叉取至叠板机，然后将膜片吸取到激光打标机，打标后的膜片被放置到承烧板。装卸窑机器人将承烧板搬运至窑车。装载完成后，窑车进入窑炉烧制。烧制4天，窑车出炉，装卸窑机器人把烧制好的膜片叉取到定置位。\",\"fileUrl\":\"/data/videos/partitioning/烧成区.mp4\",\"name\":\"烧成区\",\"params\":{},\"qrCodeId\":19,\"usageStatus\":\"1\"}','{\"msg\":\"操作成功\",\"code\":200}',0,NULL,'2025-05-01 15:38:07',5),(614,'AR内容',2,'com.ruoyi.ar.controller.ArContentController.edit()','PUT',1,'admin','研发部门','/ar/content','127.0.0.1','内网IP','{\"arContentId\":33,\"category\":\"视频\",\"description\":\"装满膜片的料架由AGV小车搬运至干燥间，自然干燥4天，再运至窑炉烧制。\",\"fileUrl\":\"/data/videos/partitioning/干燥区.mp4\",\"name\":\"干燥区\",\"params\":{},\"qrCodeId\":14,\"usageStatus\":\"1\"}','{\"msg\":\"操作成功\",\"code\":200}',0,NULL,'2025-05-01 15:38:10',5),(615,'AR内容',2,'com.ruoyi.ar.controller.ArContentController.edit()','PUT',1,'admin','研发部门','/ar/content','127.0.0.1','内网IP','{\"arContentId\":35,\"category\":\"视频\",\"description\":\"经机器检测合格的膜片输送至切割区，由自动切割机切割为600毫米长度。切割完成后，运送至自动除尘设备和人工检测区。\",\"fileUrl\":\"/data/videos/partitioning/切割区.mp4\",\"name\":\"切割区\",\"params\":{},\"qrCodeId\":18,\"usageStatus\":\"1\"}','{\"msg\":\"操作成功\",\"code\":200}',0,NULL,'2025-05-01 15:38:53',5),(616,'AR内容',2,'com.ruoyi.ar.controller.ArContentController.edit()','PUT',1,'admin','研发部门','/ar/content','127.0.0.1','内网IP','{\"arContentId\":36,\"category\":\"视频\",\"description\":\"成品陶瓷膜片由输送线送至包装区，通过人工将成品膜片进行包装处理。\",\"fileUrl\":\"/data/videos/partitioning/包装区.mp4\",\"name\":\"包装区\",\"params\":{},\"qrCodeId\":12,\"usageStatus\":\"0\"}','{\"msg\":\"操作成功\",\"code\":200}',0,NULL,'2025-05-01 15:38:56',10),(617,'AR内容',2,'com.ruoyi.ar.controller.ArContentController.edit()','PUT',1,'admin','研发部门','/ar/content','127.0.0.1','内网IP','{\"arContentId\":37,\"category\":\"视频\",\"description\":\"仓储区负责产品库存和出入库管理。\",\"fileUrl\":\"/data/videos/partitioning/仓储区.mp4\",\"name\":\"仓储区\",\"params\":{},\"qrCodeId\":13,\"usageStatus\":\"0\"}','{\"msg\":\"操作成功\",\"code\":200}',0,NULL,'2025-05-01 15:38:59',13),(618,'AR内容',2,'com.ruoyi.ar.controller.ArContentController.edit()','PUT',1,'admin','研发部门','/ar/content','127.0.0.1','内网IP','{\"arContentId\":38,\"category\":\"图文\",\"description\":\"原料上料机器人的图文介绍\",\"fileUrl\":\"/data/images/equipment//原料上料机器人.png\",\"name\":\"原料上料机器人\",\"params\":{},\"qrCodeId\":24,\"usageStatus\":\"1\"}','{\"msg\":\"操作成功\",\"code\":200}',0,NULL,'2025-05-01 15:39:04',6),(619,'AR内容',2,'com.ruoyi.ar.controller.ArContentController.edit()','PUT',1,'admin','研发部门','/ar/content','127.0.0.1','内网IP','{\"arContentId\":39,\"category\":\"图文\",\"description\":\"混料机的图文介绍\",\"fileUrl\":\"/data/images/equipment/混料机.png\",\"name\":\"混料机\",\"params\":{},\"qrCodeId\":23,\"usageStatus\":\"1\"}','{\"msg\":\"操作成功\",\"code\":200}',0,NULL,'2025-05-01 15:39:12',4),(620,'AR内容',2,'com.ruoyi.ar.controller.ArContentController.edit()','PUT',1,'admin','研发部门','/ar/content','127.0.0.1','内网IP','{\"arContentId\":40,\"category\":\"图文\",\"description\":\"粉料储存罐的图文介绍\",\"fileUrl\":\"/data/images/equipment/粉料储存罐.png\",\"name\":\"粉料储存罐\",\"params\":{},\"qrCodeId\":23,\"usageStatus\":\"1\"}','{\"msg\":\"操作成功\",\"code\":200}',0,NULL,'2025-05-01 15:39:29',5),(621,'AR内容',2,'com.ruoyi.ar.controller.ArContentController.edit()','PUT',1,'admin','研发部门','/ar/content','127.0.0.1','内网IP','{\"arContentId\":41,\"category\":\"图文\",\"description\":\"捏合区下料机器人的图文介绍\",\"fileUrl\":\"/data/images/equipment/捏合区下料机器人.png\",\"name\":\"捏合区下料机器人\",\"params\":{},\"qrCodeId\":27,\"usageStatus\":\"1\"}','{\"msg\":\"操作成功\",\"code\":200}',0,NULL,'2025-05-01 15:39:34',6),(622,'AR内容',2,'com.ruoyi.ar.controller.ArContentController.edit()','PUT',1,'admin','研发部门','/ar/content','127.0.0.1','内网IP','{\"arContentId\":42,\"category\":\"图文\",\"description\":\"捏合设备的图文介绍\",\"fileUrl\":\"/data/images/equipment/捏合设备.png\",\"name\":\"捏合设备\",\"params\":{},\"qrCodeId\":28,\"usageStatus\":\"1\"}','{\"msg\":\"操作成功\",\"code\":200}',0,NULL,'2025-05-01 15:39:48',5),(623,'AR内容',2,'com.ruoyi.ar.controller.ArContentController.edit()','PUT',1,'admin','研发部门','/ar/content','127.0.0.1','内网IP','{\"arContentId\":43,\"category\":\"图文\",\"description\":\"挤出设备的图文介绍\",\"fileUrl\":\"/data/images/equipment/挤出设备.png\",\"name\":\"挤出设备\",\"params\":{},\"qrCodeId\":25,\"usageStatus\":\"1\"}','{\"msg\":\"操作成功\",\"code\":200}',0,NULL,'2025-05-01 15:39:57',5),(624,'AR内容',2,'com.ruoyi.ar.controller.ArContentController.edit()','PUT',1,'admin','研发部门','/ar/content','127.0.0.1','内网IP','{\"arContentId\":44,\"category\":\"图文\",\"description\":\"皮带输送线的图文介绍\",\"fileUrl\":\"/data/images/equipment/皮带输送线.png\",\"name\":\"皮带输送线\",\"params\":{},\"qrCodeId\":21,\"usageStatus\":\"1\"}','{\"msg\":\"操作成功\",\"code\":200}',0,NULL,'2025-05-01 15:40:01',4),(625,'AR内容',2,'com.ruoyi.ar.controller.ArContentController.edit()','PUT',1,'admin','研发部门','/ar/content','127.0.0.1','内网IP','{\"arContentId\":45,\"category\":\"图文\",\"description\":\"毛毡板膜片下料机器人的图文介绍\",\"fileUrl\":\"/data/images/equipment/毛毡板膜片下料机器人.png\",\"name\":\"毛毡板膜片下料机器人\",\"params\":{},\"qrCodeId\":31,\"usageStatus\":\"1\"}','{\"msg\":\"操作成功\",\"code\":200}',0,NULL,'2025-05-01 15:40:14',5),(626,'AR内容',2,'com.ruoyi.ar.controller.ArContentController.edit()','PUT',1,'admin','研发部门','/ar/content','127.0.0.1','内网IP','{\"arContentId\":46,\"category\":\"图文\",\"description\":\"膜片下料机器人的图文介绍\",\"fileUrl\":\"/data/images/equipment/膜片下料机器人.png\",\"name\":\"膜片下料机器人\",\"params\":{},\"qrCodeId\":31,\"usageStatus\":\"1\"}','{\"msg\":\"操作成功\",\"code\":200}',0,NULL,'2025-05-01 15:40:18',20),(627,'AR内容',2,'com.ruoyi.ar.controller.ArContentController.edit()','PUT',1,'admin','研发部门','/ar/content','127.0.0.1','内网IP','{\"arContentId\":47,\"category\":\"图文\",\"description\":\"装卸窑机器人的图文介绍\",\"fileUrl\":\"/data/images/equipment/装卸窑机器人.png\",\"name\":\"装卸窑机器人\",\"params\":{},\"qrCodeId\":33,\"usageStatus\":\"1\"}','{\"msg\":\"操作成功\",\"code\":200}',0,NULL,'2025-05-01 15:40:26',7),(628,'AR内容',2,'com.ruoyi.ar.controller.ArContentController.edit()','PUT',1,'admin','研发部门','/ar/content','127.0.0.1','内网IP','{\"arContentId\":48,\"category\":\"图文\",\"description\":\"窑车的图文介绍\",\"fileUrl\":\"/data/images/equipment/窑车.png\",\"name\":\"窑车\",\"params\":{},\"qrCodeId\":32,\"usageStatus\":\"1\"}','{\"msg\":\"操作成功\",\"code\":200}',0,NULL,'2025-05-01 15:40:37',13),(629,'AR内容',2,'com.ruoyi.ar.controller.ArContentController.edit()','PUT',1,'admin','研发部门','/ar/content','127.0.0.1','内网IP','{\"arContentId\":50,\"category\":\"图文\",\"description\":\"成品输送线的图文介绍\",\"fileUrl\":\"/data/images/equipment/成品输送线.png\",\"name\":\"成品输送线\",\"params\":{},\"qrCodeId\":21,\"usageStatus\":\"1\"}','{\"msg\":\"操作成功\",\"code\":200}',0,NULL,'2025-05-01 15:40:43',7),(630,'AR内容',2,'com.ruoyi.ar.controller.ArContentController.edit()','PUT',1,'admin','研发部门','/ar/content','127.0.0.1','内网IP','{\"arContentId\":49,\"category\":\"图文\",\"description\":\"切割设备的图文介绍\",\"fileUrl\":\"/data/images/equipment/切割设备.png\",\"name\":\"切割设备\",\"params\":{},\"qrCodeId\":30,\"usageStatus\":\"1\"}','{\"msg\":\"操作成功\",\"code\":200}',0,NULL,'2025-05-01 15:40:56',13),(631,'AR内容',2,'com.ruoyi.ar.controller.ArContentController.edit()','PUT',1,'admin','研发部门','/ar/content','127.0.0.1','内网IP','{\"arContentId\":51,\"category\":\"图文\",\"description\":\"挤出区上料机器人的图文介绍\",\"fileUrl\":\"/data/images/equipment/挤出区上料机器人.png\",\"name\":\"挤出区上料机器人\",\"params\":{},\"qrCodeId\":24,\"usageStatus\":\"1\"}','{\"msg\":\"操作成功\",\"code\":200}',0,NULL,'2025-05-01 15:41:02',12),(632,'AR内容',2,'com.ruoyi.ar.controller.ArContentController.edit()','PUT',1,'admin','研发部门','/ar/content','127.0.0.1','内网IP','{\"arContentId\":52,\"category\":\"图文\",\"description\":\"原料区的图文介绍\",\"fileUrl\":\"/data/images/partitioning/挤出区上料机器人.png\",\"name\":\"原料区\",\"params\":{},\"qrCodeId\":20,\"usageStatus\":\"1\"}','{\"msg\":\"操作成功\",\"code\":200}',0,NULL,'2025-05-01 15:41:08',4),(633,'AR内容',2,'com.ruoyi.ar.controller.ArContentController.edit()','PUT',1,'admin','研发部门','/ar/content','127.0.0.1','内网IP','{\"arContentId\":53,\"category\":\"图文\",\"description\":\"混料区的图文介绍\",\"fileUrl\":\"/data/images/partitioning/原料区.png\",\"name\":\"混料区\",\"params\":{},\"qrCodeId\":16,\"usageStatus\":\"1\"}','{\"msg\":\"操作成功\",\"code\":200}',0,NULL,'2025-05-01 15:41:17',7),(634,'AR内容',2,'com.ruoyi.ar.controller.ArContentController.edit()','PUT',1,'admin','研发部门','/ar/content','127.0.0.1','内网IP','{\"arContentId\":54,\"category\":\"图文\",\"description\":\"挤出区的图文介绍\",\"fileUrl\":\"/data/images/partitioning/挤出区.png\",\"name\":\"挤出区\",\"params\":{},\"qrCodeId\":17,\"usageStatus\":\"1\"}','{\"msg\":\"操作成功\",\"code\":200}',0,NULL,'2025-05-01 15:41:23',8),(635,'AR内容',2,'com.ruoyi.ar.controller.ArContentController.edit()','PUT',1,'admin','研发部门','/ar/content','127.0.0.1','内网IP','{\"arContentId\":83,\"category\":\"音频\",\"description\":\"仓储区的音频介绍\",\"fileUrl\":\"/data/audios/partitioning/仓储区.MP4\",\"name\":\"仓储区\",\"params\":{},\"qrCodeId\":13,\"usageStatus\":\"1\"}','{\"msg\":\"操作成功\",\"code\":200}',0,NULL,'2025-05-01 15:41:36',11),(636,'AR内容',2,'com.ruoyi.ar.controller.ArContentController.edit()','PUT',1,'admin','研发部门','/ar/content','127.0.0.1','内网IP','{\"arContentId\":82,\"category\":\"音频\",\"description\":\"包装区的音频介绍\",\"fileUrl\":\"/data/audios/partitioning/包装区.MP4\",\"name\":\"包装区\",\"params\":{},\"qrCodeId\":12,\"usageStatus\":\"1\"}','{\"msg\":\"操作成功\",\"code\":200}',0,NULL,'2025-05-01 15:41:46',7),(637,'AR内容',2,'com.ruoyi.ar.controller.ArContentController.edit()','PUT',1,'admin','研发部门','/ar/content','127.0.0.1','内网IP','{\"arContentId\":81,\"category\":\"音频\",\"description\":\"切割区的音频介绍\",\"fileUrl\":\"/data/audios/partitioning/切割区.MP4\",\"name\":\"切割区\",\"params\":{},\"qrCodeId\":18,\"usageStatus\":\"1\"}','{\"msg\":\"操作成功\",\"code\":200}',0,NULL,'2025-05-01 15:41:51',6),(638,'AR内容',2,'com.ruoyi.ar.controller.ArContentController.edit()','PUT',1,'admin','研发部门','/ar/content','127.0.0.1','内网IP','{\"arContentId\":79,\"category\":\"音频\",\"description\":\"干燥区的音频介绍\",\"fileUrl\":\"/data/audios/partitioning/干燥区.MP4\",\"name\":\"干燥区\",\"params\":{},\"qrCodeId\":14,\"usageStatus\":\"1\"}','{\"msg\":\"操作成功\",\"code\":200}',0,NULL,'2025-05-01 15:42:22',12),(639,'AR内容',2,'com.ruoyi.ar.controller.ArContentController.edit()','PUT',1,'admin','研发部门','/ar/content','127.0.0.1','内网IP','{\"arContentId\":78,\"category\":\"音频\",\"description\":\"烧成区的音频介绍\",\"fileUrl\":\"/data/audios/partitioning/烧成区.MP4\",\"name\":\"烧成区\",\"params\":{},\"qrCodeId\":19,\"usageStatus\":\"1\"}','{\"msg\":\"操作成功\",\"code\":200}',0,NULL,'2025-05-01 15:42:27',7),(640,'AR内容',2,'com.ruoyi.ar.controller.ArContentController.edit()','PUT',1,'admin','研发部门','/ar/content','127.0.0.1','内网IP','{\"arContentId\":77,\"category\":\"音频\",\"description\":\"挤出区的音频介绍\",\"fileUrl\":\"/data/audios/partitioning/挤出区.MP4\",\"name\":\"挤出区\",\"params\":{},\"qrCodeId\":17,\"usageStatus\":\"1\"}','{\"msg\":\"操作成功\",\"code\":200}',0,NULL,'2025-05-01 15:42:34',8),(641,'AR内容',2,'com.ruoyi.ar.controller.ArContentController.edit()','PUT',1,'admin','研发部门','/ar/content','127.0.0.1','内网IP','{\"arContentId\":76,\"category\":\"音频\",\"description\":\"混料区的音频介绍\",\"fileUrl\":\"/data/audios/partitioning/原料区.MP4\",\"name\":\"混料区\",\"params\":{},\"qrCodeId\":16,\"usageStatus\":\"1\"}','{\"msg\":\"操作成功\",\"code\":200}',0,NULL,'2025-05-01 15:42:37',15),(642,'AR内容',2,'com.ruoyi.ar.controller.ArContentController.edit()','PUT',1,'admin','研发部门','/ar/content','127.0.0.1','内网IP','{\"arContentId\":75,\"category\":\"音频\",\"description\":\"原料区的音频介绍\",\"fileUrl\":\"/data/audios/partitioning/挤出区上料机器人.MP4\",\"name\":\"原料区\",\"params\":{},\"qrCodeId\":20,\"usageStatus\":\"1\"}','{\"msg\":\"操作成功\",\"code\":200}',0,NULL,'2025-05-01 15:42:43',5),(643,'AR内容',2,'com.ruoyi.ar.controller.ArContentController.edit()','PUT',1,'admin','研发部门','/ar/content','127.0.0.1','内网IP','{\"arContentId\":74,\"category\":\"音频\",\"description\":\"挤出区上料机器人的音频介绍\",\"fileUrl\":\"/data/audios/equipment/挤出区上料机器人.MP4\",\"name\":\"挤出区上料机器人\",\"params\":{},\"qrCodeId\":24,\"usageStatus\":\"1\"}','{\"msg\":\"操作成功\",\"code\":200}',0,NULL,'2025-05-01 15:43:18',7),(644,'AR内容',2,'com.ruoyi.ar.controller.ArContentController.edit()','PUT',1,'admin','研发部门','/ar/content','127.0.0.1','内网IP','{\"arContentId\":73,\"category\":\"音频\",\"description\":\"成品输送线的音频介绍\",\"fileUrl\":\"/data/audios/equipment/成品输送线.MP4\",\"name\":\"成品输送线\",\"params\":{},\"qrCodeId\":21,\"usageStatus\":\"1\"}','{\"msg\":\"操作成功\",\"code\":200}',0,NULL,'2025-05-01 15:43:24',14),(645,'AR内容',2,'com.ruoyi.ar.controller.ArContentController.edit()','PUT',1,'admin','研发部门','/ar/content','127.0.0.1','内网IP','{\"arContentId\":72,\"category\":\"音频\",\"description\":\"切割设备的音频介绍\",\"fileUrl\":\"/data/audios/equipment/切割设备.MP4\",\"name\":\"切割设备\",\"params\":{},\"qrCodeId\":30,\"usageStatus\":\"1\"}','{\"msg\":\"操作成功\",\"code\":200}',0,NULL,'2025-05-01 15:43:32',7),(646,'AR内容',2,'com.ruoyi.ar.controller.ArContentController.edit()','PUT',1,'admin','研发部门','/ar/content','127.0.0.1','内网IP','{\"arContentId\":71,\"category\":\"音频\",\"description\":\"窑车的音频介绍\",\"fileUrl\":\"/data/audios/equipment/窑车.MP4\",\"name\":\"窑车\",\"params\":{},\"qrCodeId\":32,\"usageStatus\":\"1\"}','{\"msg\":\"操作成功\",\"code\":200}',0,NULL,'2025-05-01 15:43:35',5),(647,'AR内容',2,'com.ruoyi.ar.controller.ArContentController.edit()','PUT',1,'admin','研发部门','/ar/content','127.0.0.1','内网IP','{\"arContentId\":70,\"category\":\"音频\",\"description\":\"装卸窑机器人的音频介绍\",\"fileUrl\":\"/data/audios/equipment/装卸窑机器人.MP4\",\"name\":\"装卸窑机器人\",\"params\":{},\"qrCodeId\":33,\"usageStatus\":\"1\"}','{\"msg\":\"操作成功\",\"code\":200}',0,NULL,'2025-05-01 15:43:39',4),(648,'AR内容',2,'com.ruoyi.ar.controller.ArContentController.edit()','PUT',1,'admin','研发部门','/ar/content','127.0.0.1','内网IP','{\"arContentId\":69,\"category\":\"音频\",\"description\":\"膜片下料机器人的音频介绍\",\"fileUrl\":\"/data/audios/equipment/膜片下料机器人.MP4\",\"name\":\"膜片下料机器人\",\"params\":{},\"qrCodeId\":31,\"usageStatus\":\"1\"}','{\"msg\":\"操作成功\",\"code\":200}',0,NULL,'2025-05-01 15:43:43',6),(649,'AR内容',2,'com.ruoyi.ar.controller.ArContentController.edit()','PUT',1,'admin','研发部门','/ar/content','127.0.0.1','内网IP','{\"arContentId\":68,\"category\":\"音频\",\"description\":\"毛毡板膜片下料机器人的音频介绍\",\"fileUrl\":\"/data/audios/equipment/毛毡板膜片下料机器人.MP4\",\"name\":\"毛毡板膜片下料机器人\",\"params\":{},\"qrCodeId\":31,\"usageStatus\":\"1\"}','{\"msg\":\"操作成功\",\"code\":200}',0,NULL,'2025-05-01 15:43:51',14),(650,'AR内容',2,'com.ruoyi.ar.controller.ArContentController.edit()','PUT',1,'admin','研发部门','/ar/content','127.0.0.1','内网IP','{\"arContentId\":67,\"category\":\"音频\",\"description\":\"皮带输送线的音频介绍\",\"fileUrl\":\"/data/audios/equipment/皮带输送线.MP4\",\"name\":\"皮带输送线\",\"params\":{},\"qrCodeId\":26,\"usageStatus\":\"1\"}','{\"msg\":\"操作成功\",\"code\":200}',0,NULL,'2025-05-01 15:44:03',5),(651,'AR内容',2,'com.ruoyi.ar.controller.ArContentController.edit()','PUT',1,'admin','研发部门','/ar/content','127.0.0.1','内网IP','{\"arContentId\":66,\"category\":\"音频\",\"description\":\"挤出设备的音频介绍\",\"fileUrl\":\"/data/audios/equipment/挤出设备.MP4\",\"name\":\"挤出设备\",\"params\":{},\"qrCodeId\":25,\"usageStatus\":\"1\"}','{\"msg\":\"操作成功\",\"code\":200}',0,NULL,'2025-05-01 15:44:11',10),(652,'AR内容',2,'com.ruoyi.ar.controller.ArContentController.edit()','PUT',1,'admin','研发部门','/ar/content','127.0.0.1','内网IP','{\"arContentId\":65,\"category\":\"音频\",\"description\":\"捏合设备的音频介绍\",\"fileUrl\":\"/data/audios/equipment/捏合设备.MP4\",\"name\":\"捏合设备\",\"params\":{},\"qrCodeId\":28,\"usageStatus\":\"1\"}','{\"msg\":\"操作成功\",\"code\":200}',0,NULL,'2025-05-01 15:44:17',7),(653,'AR内容',2,'com.ruoyi.ar.controller.ArContentController.edit()','PUT',1,'admin','研发部门','/ar/content','127.0.0.1','内网IP','{\"arContentId\":64,\"category\":\"音频\",\"description\":\"捏合区下料机器人的音频介绍\",\"fileUrl\":\"/data/audios/equipment/捏合区下料机器人.MP4\",\"name\":\"捏合区下料机器人\",\"params\":{},\"qrCodeId\":27,\"usageStatus\":\"1\"}','{\"msg\":\"操作成功\",\"code\":200}',0,NULL,'2025-05-01 15:44:55',8),(654,'AR内容',2,'com.ruoyi.ar.controller.ArContentController.edit()','PUT',1,'admin','研发部门','/ar/content','127.0.0.1','内网IP','{\"arContentId\":62,\"category\":\"音频\",\"description\":\"混料机的音频介绍\",\"fileUrl\":\"/data/audios/equipment/混料机.MP4\",\"name\":\"混料机\",\"params\":{},\"qrCodeId\":23,\"usageStatus\":\"1\"}','{\"msg\":\"操作成功\",\"code\":200}',0,NULL,'2025-05-01 15:45:01',6),(655,'AR内容',2,'com.ruoyi.ar.controller.ArContentController.edit()','PUT',1,'admin','研发部门','/ar/content','127.0.0.1','内网IP','{\"arContentId\":63,\"category\":\"音频\",\"description\":\"粉料储存罐的音频介绍\",\"fileUrl\":\"/data/audios/equipment/粉料储存罐.MP4\",\"name\":\"粉料储存罐\",\"params\":{},\"qrCodeId\":22,\"usageStatus\":\"1\"}','{\"msg\":\"操作成功\",\"code\":200}',0,NULL,'2025-05-01 15:45:07',12),(656,'AR内容',2,'com.ruoyi.ar.controller.ArContentController.edit()','PUT',1,'admin','研发部门','/ar/content','127.0.0.1','内网IP','{\"arContentId\":61,\"category\":\"音频\",\"description\":\"原料上料机器人的音频介绍\",\"fileUrl\":\"/data/audios/equipment//原料上料机器人.MP4\",\"name\":\"原料上料机器人\",\"params\":{},\"qrCodeId\":24,\"usageStatus\":\"1\"}','{\"msg\":\"操作成功\",\"code\":200}',0,NULL,'2025-05-01 15:45:12',6),(657,'AR内容',2,'com.ruoyi.ar.controller.ArContentController.edit()','PUT',1,'admin','研发部门','/ar/content','127.0.0.1','内网IP','{\"arContentId\":60,\"category\":\"图文\",\"description\":\"仓储区的图文介绍\",\"fileUrl\":\"/data/images/partitioning/仓储区.png\",\"name\":\"仓储区\",\"params\":{},\"qrCodeId\":13,\"usageStatus\":\"1\"}','{\"msg\":\"操作成功\",\"code\":200}',0,NULL,'2025-05-01 15:45:15',4),(658,'AR内容',2,'com.ruoyi.ar.controller.ArContentController.edit()','PUT',1,'admin','研发部门','/ar/content','127.0.0.1','内网IP','{\"arContentId\":59,\"category\":\"图文\",\"description\":\"包装区的图文介绍\",\"fileUrl\":\"/data/images/partitioning/包装区.png\",\"name\":\"包装区\",\"params\":{},\"qrCodeId\":12,\"usageStatus\":\"1\"}','{\"msg\":\"操作成功\",\"code\":200}',0,NULL,'2025-05-01 15:45:24',7),(659,'AR内容',2,'com.ruoyi.ar.controller.ArContentController.edit()','PUT',1,'admin','研发部门','/ar/content','127.0.0.1','内网IP','{\"arContentId\":58,\"category\":\"图文\",\"description\":\"切割区的图文介绍\",\"fileUrl\":\"/data/images/partitioning/切割区.png\",\"name\":\"切割区\",\"params\":{},\"qrCodeId\":18,\"usageStatus\":\"1\"}','{\"msg\":\"操作成功\",\"code\":200}',0,NULL,'2025-05-01 15:45:29',6),(660,'AR内容',2,'com.ruoyi.ar.controller.ArContentController.edit()','PUT',1,'admin','研发部门','/ar/content','127.0.0.1','内网IP','{\"arContentId\":56,\"category\":\"图文\",\"description\":\"干燥区的图文介绍\",\"fileUrl\":\"/data/images/partitioning/干燥区.png\",\"name\":\"干燥区\",\"params\":{},\"qrCodeId\":14,\"usageStatus\":\"1\"}','{\"msg\":\"操作成功\",\"code\":200}',0,NULL,'2025-05-01 15:45:52',6),(661,'AR内容',2,'com.ruoyi.ar.controller.ArContentController.edit()','PUT',1,'admin','研发部门','/ar/content','127.0.0.1','内网IP','{\"arContentId\":55,\"category\":\"图文\",\"description\":\"烧成区的图文介绍\",\"fileUrl\":\"/data/images/partitioning/烧成区.png\",\"name\":\"烧成区\",\"params\":{},\"qrCodeId\":19,\"usageStatus\":\"1\"}','{\"msg\":\"操作成功\",\"code\":200}',0,NULL,'2025-05-01 15:46:01',12),(662,'设备',2,'com.ruoyi.ar.controller.DeviceController.edit()','PUT',1,'admin','研发部门','/ar/device','127.0.0.1','内网IP','{\"description\":\"用于搬运原料的机器人。通过三维视觉等定位系统进行定位后，原料上料机器人将原料逐包搬运至原料定量输送系统的投料口。\",\"deviceNumber\":17,\"factoryNumber\":\"8\",\"name\":\"原料上料机器人\",\"params\":{},\"qrCodeNumber\":24,\"status\":\"0\"}','{\"msg\":\"操作成功\",\"code\":200}',0,NULL,'2025-05-01 15:48:46',20),(663,'设备',2,'com.ruoyi.ar.controller.DeviceController.edit()','PUT',1,'admin','研发部门','/ar/device','127.0.0.1','内网IP','{\"description\":\"用于混合不同原料的设备。将粉料按照设置的配比参数输送至混料机入料口，液体料由人工从输料管放入料桶按照设定的定量参数自动输送至混料机入料口。\",\"deviceNumber\":18,\"factoryNumber\":\"8\",\"name\":\"混料机\",\"params\":{},\"qrCodeNumber\":23,\"status\":\"0\"}','{\"msg\":\"操作成功\",\"code\":200}',0,NULL,'2025-05-01 15:48:51',6),(664,'设备',2,'com.ruoyi.ar.controller.DeviceController.edit()','PUT',1,'admin','研发部门','/ar/device','127.0.0.1','内网IP','{\"description\":\"用于储存混合完成的原料，也称料筒。粉料缓存罐有4个，分别对应4种粉料。\",\"deviceNumber\":19,\"factoryNumber\":\"8\",\"name\":\"粉料储存罐\",\"params\":{},\"qrCodeNumber\":22,\"status\":\"0\"}','{\"msg\":\"操作成功\",\"code\":200}',0,NULL,'2025-05-01 15:48:59',5),(665,'设备',2,'com.ruoyi.ar.controller.DeviceController.edit()','PUT',1,'admin','研发部门','/ar/device','127.0.0.1','内网IP','{\"description\":\"六自由度抓取机器人。机器人部署在捏合设备出口，负责抓取泥坯料并放到泥坯料箱。料箱装满后，机器人将料箱盖子盖上，再由AGV小车将泥坯料箱运走。\",\"deviceNumber\":20,\"factoryNumber\":\"8\",\"name\":\"捏合区下料机器人\",\"params\":{},\"qrCodeNumber\":27,\"status\":\"0\"}','{\"msg\":\"操作成功\",\"code\":200}',0,NULL,'2025-05-01 15:49:06',14),(666,'设备',2,'com.ruoyi.ar.controller.DeviceController.edit()','PUT',1,'admin','研发部门','/ar/device','127.0.0.1','内网IP','{\"deviceNumber\":23,\"params\":{},\"qrCodeNumber\":21}','{\"msg\":\"操作成功\",\"code\":200}',0,NULL,'2025-05-01 15:49:48',14),(667,'设备',2,'com.ruoyi.ar.controller.DeviceController.edit()','PUT',1,'admin','研发部门','/ar/device','127.0.0.1','内网IP','{\"description\":\"将原料捏合成泥坯材料的设备。捏合设备将投送过来的混合泥料捏合成泥坯材料，通过传送带依次将捏合的材料输出。\",\"deviceNumber\":21,\"factoryNumber\":\"8\",\"name\":\"捏合设备\",\"params\":{},\"qrCodeNumber\":28,\"status\":\"0\"}','{\"msg\":\"操作成功\",\"code\":200}',0,NULL,'2025-05-01 15:49:58',12),(668,'设备',2,'com.ruoyi.ar.controller.DeviceController.edit()','PUT',1,'admin','研发部门','/ar/device','127.0.0.1','内网IP','{\"description\":\"陶瓷膜片挤出设备。负责可将入料口处的泥胚挤出成陶瓷膜片，按设计尺寸切成多段。\",\"deviceNumber\":22,\"factoryNumber\":\"8\",\"name\":\"挤出设备\",\"params\":{},\"qrCodeNumber\":25,\"status\":\"0\"}','{\"msg\":\"操作成功\",\"code\":200}',0,NULL,'2025-05-01 15:50:04',13),(669,'设备',2,'com.ruoyi.ar.controller.DeviceController.edit()','PUT',1,'admin','研发部门','/ar/device','127.0.0.1','内网IP','{\"description\":\"五自由度机械臂根据应用需求，可将毛毡板和膜片从下料区域整体插取至膜片料架进行存放。\",\"deviceNumber\":24,\"factoryNumber\":\"8\",\"name\":\"毛毡板膜片下料机器人\",\"params\":{},\"qrCodeNumber\":27,\"status\":\"0\"}','{\"msg\":\"操作成功\",\"code\":200}',0,NULL,'2025-05-01 16:03:30',12),(670,'设备',2,'com.ruoyi.ar.controller.DeviceController.edit()','PUT',1,'admin','研发部门','/ar/device','127.0.0.1','内网IP','{\"description\":\"五自由度机械臂根据应用需求，可将毛毡板和膜片从下料区域整体插取至膜片料架进行存放。\",\"deviceNumber\":24,\"factoryNumber\":\"8\",\"name\":\"毛毡板膜片下料机器人\",\"params\":{},\"qrCodeNumber\":31,\"status\":\"0\"}','{\"msg\":\"操作成功\",\"code\":200}',0,NULL,'2025-05-01 16:03:35',5),(671,'设备',2,'com.ruoyi.ar.controller.DeviceController.edit()','PUT',1,'admin','研发部门','/ar/device','127.0.0.1','内网IP','{\"description\":\"六自由度机械臂。膜片下料机器人配备膜片上下料夹具。负责从料架上叉取膜片，并移动膜片到激光打标机打标，再将打标好的膜片移动到承烧板定置位。\",\"deviceNumber\":25,\"factoryNumber\":\"8\",\"name\":\"膜片下料机器人\",\"params\":{},\"qrCodeNumber\":31,\"status\":\"0\"}','{\"msg\":\"操作成功\",\"code\":200}',0,NULL,'2025-05-01 16:03:39',3),(672,'设备',2,'com.ruoyi.ar.controller.DeviceController.edit()','PUT',1,'admin','研发部门','/ar/device','127.0.0.1','内网IP','{\"description\":\"六自由度机械臂。装卸窑机器人将膜片与承烧板整体叉取并搬运至窑车。待膜片烧制完成后，由装卸窑机器人将烧制好的膜片与承烧板整体叉取到定置位。\",\"deviceNumber\":26,\"factoryNumber\":\"8\",\"name\":\"装卸窑机器人\",\"params\":{},\"qrCodeNumber\":33,\"status\":\"0\"}','{\"msg\":\"操作成功\",\"code\":200}',0,NULL,'2025-05-01 16:03:43',13),(673,'设备',2,'com.ruoyi.ar.controller.DeviceController.edit()','PUT',1,'admin','研发部门','/ar/device','127.0.0.1','内网IP','{\"description\":\"挤出区上料机器人将泥棒料放进挤出设备，泥棒料在挤出设备中被加工成陶瓷膜片。\",\"deviceNumber\":30,\"factoryNumber\":\"8\",\"name\":\"挤出区上料机器人\",\"params\":{},\"qrCodeNumber\":24,\"status\":\"\"}','{\"msg\":\"操作成功\",\"code\":200}',0,NULL,'2025-05-01 16:03:54',5),(674,'设备',2,'com.ruoyi.ar.controller.DeviceController.edit()','PUT',1,'admin','研发部门','/ar/device','127.0.0.1','内网IP','{\"description\":\"运输成品膜片的设备。在各种加工和检测后得到最终产品，人工在输送线上包装产品。\",\"deviceNumber\":29,\"factoryNumber\":\"8\",\"name\":\"成品输送线\",\"params\":{},\"qrCodeNumber\":21,\"status\":\"0\"}','{\"msg\":\"操作成功\",\"code\":200}',0,NULL,'2025-05-01 16:04:03',4),(675,'设备',2,'com.ruoyi.ar.controller.DeviceController.edit()','PUT',1,'admin','研发部门','/ar/device','127.0.0.1','内网IP','{\"description\":\"切割陶瓷膜片的自动化机械设备。切割设备将膜片切割成600mm±1mm的长度。\",\"deviceNumber\":28,\"factoryNumber\":\"8\",\"name\":\"切割设备\",\"params\":{},\"qrCodeNumber\":30,\"status\":\"0\"}','{\"msg\":\"操作成功\",\"code\":200}',0,NULL,'2025-05-01 16:04:07',5),(676,'设备',2,'com.ruoyi.ar.controller.DeviceController.edit()','PUT',1,'admin','研发部门','/ar/device','127.0.0.1','内网IP','{\"description\":\"装载并移动陶瓷膜片进行烧制的移动装置。负责将膜片与承烧板整体运载到窑炉进行烧制。烧制完成后，再将膜片与承烧板整体从窑炉运出至窑车定置位。\",\"deviceNumber\":27,\"factoryNumber\":\"8\",\"name\":\"窑车\",\"params\":{},\"qrCodeNumber\":32,\"status\":\"0\"}','{\"msg\":\"操作成功\",\"code\":200}',0,NULL,'2025-05-01 16:04:11',5),(677,'角色管理',1,'com.ruoyi.web.controller.system.SysRoleController.add()','POST',1,'admin','研发部门','/system/role','127.0.0.1','内网IP','{\"admin\":false,\"createBy\":\"admin\",\"deptCheckStrictly\":true,\"deptIds\":[],\"flag\":false,\"menuCheckStrictly\":true,\"menuIds\":[2044,2410,2411,2412,2413,2414,2415,2254,2255,2256,2257,2258,2259,2527,2528,2529,2530,2531,2532,2338,2339,2340,2341,2342,2343,2545,2546,2547,2548,2549,2550,2344,2345,2346,2347,2348,2349,2551,2552,2553,2554,2555,2556,2149,2150,2151,2152,2153,2154,2314,2315,2316,2317,2318,2319,2302,2303,2304,2305,2306,2307,2162,2163,2164,2165,2166,2167,2229,2180,2181,2182,2183,2184,2185,2186,2187,2188,2189,2190,2191,2428,2429,2430,2431,2432,2433,2198,2199,2200,2201,2202,2203,2216,2204,2205,2206,2207,2208,2209,2210,2211,2212,2213,2214,2215,2380,2381,2382,2383,2384,2385,2434,2435,2436,2437,2438,2439,2497,2498,2499,2500,2501,2502,2509,2510,2511,2512,2513,2514],\"params\":{},\"roleId\":102,\"roleKey\":\"ARManager\",\"roleName\":\"AR端管理员\",\"roleSort\":0,\"status\":\"0\"}','{\"msg\":\"操作成功\",\"code\":200}',0,NULL,'2025-05-01 16:06:31',41),(678,'角色管理',1,'com.ruoyi.web.controller.system.SysRoleController.add()','POST',1,'admin','研发部门','/system/role','127.0.0.1','内网IP','{\"admin\":false,\"createBy\":\"admin\",\"deptCheckStrictly\":true,\"deptIds\":[],\"flag\":false,\"menuCheckStrictly\":true,\"menuIds\":[2099,2326,2327,2328,2329,2330,2331,2308,2309,2310,2311,2312,2313,2290,2291,2292,2293,2294,2295,2416,2417,2418,2419,2420,2421,2332,2333,2334,2335,2336,2337,2515,2516,2517,2518,2519,2520],\"params\":{},\"roleId\":103,\"roleKey\":\"VRManager\",\"roleName\":\"VR端管理员\",\"roleSort\":0,\"status\":\"0\"}','{\"msg\":\"操作成功\",\"code\":200}',0,NULL,'2025-05-01 16:07:23',19),(679,'角色管理',1,'com.ruoyi.web.controller.system.SysRoleController.add()','POST',1,'admin','研发部门','/system/role','127.0.0.1','内网IP','{\"admin\":false,\"createBy\":\"admin\",\"deptCheckStrictly\":true,\"deptIds\":[],\"flag\":false,\"menuCheckStrictly\":true,\"menuIds\":[2099,2326,2327,2328,2329,2330,2331,2308,2309,2310,2311,2312,2313,2290,2291,2292,2293,2294,2295,2416,2417,2418,2419,2420,2421,2332,2333,2334,2335,2336,2337,2515,2516,2517,2518,2519,2520],\"params\":{},\"roleId\":104,\"roleKey\":\"SCHManger\",\"roleName\":\"校企端管理员\",\"roleSort\":6,\"status\":\"0\"}','{\"msg\":\"操作成功\",\"code\":200}',0,NULL,'2025-05-01 16:07:55',22),(680,'角色管理',2,'com.ruoyi.web.controller.system.SysRoleController.edit()','PUT',1,'admin','研发部门','/system/role','127.0.0.1','内网IP','{\"admin\":false,\"createTime\":\"2025-05-01 16:07:55\",\"dataScope\":\"1\",\"delFlag\":\"0\",\"deptCheckStrictly\":true,\"flag\":false,\"menuCheckStrictly\":true,\"menuIds\":[2099,2326,2327,2328,2329,2330,2331,2308,2309,2310,2311,2312,2313,2290,2291,2292,2293,2294,2295,2416,2417,2418,2419,2420,2421,2332,2333,2334,2335,2336,2337,2515,2516,2517,2518,2519,2520],\"params\":{},\"roleId\":104,\"roleKey\":\"SCHManger\",\"roleName\":\"校企端管理员\",\"roleSort\":7,\"status\":\"0\",\"updateBy\":\"admin\"}','{\"msg\":\"操作成功\",\"code\":200}',0,NULL,'2025-05-01 16:08:03',26),(681,'角色管理',2,'com.ruoyi.web.controller.system.SysRoleController.edit()','PUT',1,'admin','研发部门','/system/role','127.0.0.1','内网IP','{\"admin\":false,\"createTime\":\"2025-05-01 16:06:31\",\"dataScope\":\"1\",\"delFlag\":\"0\",\"deptCheckStrictly\":true,\"flag\":false,\"menuCheckStrictly\":true,\"menuIds\":[2044,2410,2411,2412,2413,2414,2415,2254,2255,2256,2257,2258,2259,2527,2528,2529,2530,2531,2532,2338,2339,2340,2341,2342,2343,2545,2546,2547,2548,2549,2550,2344,2345,2346,2347,2348,2349,2551,2552,2553,2554,2555,2556,2149,2150,2151,2152,2153,2154,2314,2315,2316,2317,2318,2319,2302,2303,2304,2305,2306,2307,2162,2163,2164,2165,2166,2167,2229,2180,2181,2182,2183,2184,2185,2186,2187,2188,2189,2190,2191,2428,2429,2430,2431,2432,2433,2198,2199,2200,2201,2202,2203,2216,2204,2205,2206,2207,2208,2209,2210,2211,2212,2213,2214,2215,2380,2381,2382,2383,2384,2385,2434,2435,2436,2437,2438,2439,2497,2498,2499,2500,2501,2502,2509,2510,2511,2512,2513,2514],\"params\":{},\"roleId\":102,\"roleKey\":\"ARManager\",\"roleName\":\"AR端管理员\",\"roleSort\":5,\"status\":\"0\",\"updateBy\":\"admin\"}','{\"msg\":\"操作成功\",\"code\":200}',0,NULL,'2025-05-01 16:08:08',27),(682,'角色管理',2,'com.ruoyi.web.controller.system.SysRoleController.edit()','PUT',1,'admin','研发部门','/system/role','127.0.0.1','内网IP','{\"admin\":false,\"createTime\":\"2025-05-01 16:07:23\",\"dataScope\":\"1\",\"delFlag\":\"0\",\"deptCheckStrictly\":true,\"flag\":false,\"menuCheckStrictly\":true,\"menuIds\":[2099,2326,2327,2328,2329,2330,2331,2308,2309,2310,2311,2312,2313,2290,2291,2292,2293,2294,2295,2416,2417,2418,2419,2420,2421,2332,2333,2334,2335,2336,2337,2515,2516,2517,2518,2519,2520],\"params\":{},\"roleId\":103,\"roleKey\":\"VRManager\",\"roleName\":\"VR端管理员\",\"roleSort\":6,\"status\":\"0\",\"updateBy\":\"admin\"}','{\"msg\":\"操作成功\",\"code\":200}',0,NULL,'2025-05-01 16:08:12',14),(683,'角色管理',2,'com.ruoyi.web.controller.system.SysRoleController.edit()','PUT',1,'admin','研发部门','/system/role','127.0.0.1','内网IP','{\"admin\":false,\"createTime\":\"2024-12-24 16:55:22\",\"dataScope\":\"2\",\"delFlag\":\"0\",\"deptCheckStrictly\":true,\"flag\":false,\"menuCheckStrictly\":true,\"menuIds\":[2044,2410,2411,2412,2413,2414,2415,2254,2255,2256,2257,2258,2259,2527,2528,2529,2530,2531,2532,2338,2339,2340,2341,2342,2343,2545,2546,2547,2548,2549,2550,2344,2345,2346,2347,2348,2349,2551,2552,2553,2554,2555,2556,2149,2150,2151,2152,2153,2154,2314,2315,2316,2317,2318,2319,2302,2303,2304,2305,2306,2307,2162,2163,2164,2165,2166,2167,2229,2180,2181,2182,2183,2184,2185,2186,2187,2188,2189,2190,2191,2428,2429,2430,2431,2432,2433,2198,2199,2200,2201,2202,2203,2216,2204,2205,2206,2207,2208,2209,2210,2211,2212,2213,2214,2215,2380,2381,2382,2383,2384,2385,2434,2435,2436,2437,2438,2439],\"params\":{},\"remark\":\"AR端普通用户\",\"roleId\":2,\"roleKey\":\"ARcommon\",\"roleName\":\"AR端普通用户\",\"roleSort\":2,\"status\":\"0\",\"updateBy\":\"admin\"}','{\"msg\":\"操作成功\",\"code\":200}',0,NULL,'2025-05-01 16:08:36',25),(684,'角色管理',2,'com.ruoyi.web.controller.system.SysRoleController.edit()','PUT',1,'admin','研发部门','/system/role','127.0.0.1','内网IP','{\"admin\":false,\"createTime\":\"2025-01-07 20:34:08\",\"dataScope\":\"1\",\"delFlag\":\"0\",\"deptCheckStrictly\":true,\"flag\":false,\"menuCheckStrictly\":true,\"menuIds\":[2099,2326,2327,2328,2329,2330,2331,2308,2309,2310,2311,2312,2313,2290,2291,2292,2293,2294,2295,2416,2417,2418,2419,2420,2421,2332,2333,2334,2335,2336,2337],\"params\":{},\"remark\":\"VR端普通用户\",\"roleId\":100,\"roleKey\":\"VRcommon\",\"roleName\":\"VR端普通用户\",\"roleSort\":3,\"status\":\"0\",\"updateBy\":\"admin\"}','{\"msg\":\"操作成功\",\"code\":200}',0,NULL,'2025-05-01 16:08:48',20),(685,'角色管理',2,'com.ruoyi.web.controller.system.SysRoleController.edit()','PUT',1,'admin','研发部门','/system/role','127.0.0.1','内网IP','{\"admin\":false,\"createTime\":\"2025-05-01 11:27:44\",\"dataScope\":\"1\",\"delFlag\":\"0\",\"deptCheckStrictly\":true,\"flag\":false,\"menuCheckStrictly\":true,\"menuIds\":[2100,2296,2298,2299,2300,2301,2320,2321,2322,2323,2324,2325,2452,2453,2454,2455,2456,2457],\"params\":{},\"remark\":\"校企端普通用户\",\"roleId\":101,\"roleKey\":\"SCHcommon\",\"roleName\":\"校企端普通用户\",\"roleSort\":4,\"status\":\"0\",\"updateBy\":\"admin\"}','{\"msg\":\"操作成功\",\"code\":200}',0,NULL,'2025-05-01 16:08:57',23),(686,'用户管理',3,'com.ruoyi.web.controller.system.SysUserController.remove()','DELETE',1,'admin','研发部门','/system/user/100','127.0.0.1','内网IP','[100]','{\"msg\":\"操作成功\",\"code\":200}',0,NULL,'2025-05-01 16:09:15',13),(687,'用户管理',3,'com.ruoyi.web.controller.system.SysUserController.remove()','DELETE',1,'admin','研发部门','/system/user/101','127.0.0.1','内网IP','[101]','{\"msg\":\"操作成功\",\"code\":200}',0,NULL,'2025-05-01 16:09:17',12),(688,'用户管理',3,'com.ruoyi.web.controller.system.SysUserController.remove()','DELETE',1,'admin','研发部门','/system/user/2','127.0.0.1','内网IP','[2]','{\"msg\":\"操作成功\",\"code\":200}',0,NULL,'2025-05-01 16:09:26',11),(689,'用户管理',1,'com.ruoyi.web.controller.system.SysUserController.add()','POST',1,'admin','研发部门','/system/user','127.0.0.1','内网IP','{\"admin\":false,\"createBy\":\"admin\",\"nickName\":\"AR普通用户\",\"params\":{},\"postIds\":[],\"roleIds\":[2],\"status\":\"0\",\"userId\":102,\"userName\":\"ar\"}','{\"msg\":\"操作成功\",\"code\":200}',0,NULL,'2025-05-01 16:09:59',109),(690,'用户管理',1,'com.ruoyi.web.controller.system.SysUserController.add()','POST',1,'admin','研发部门','/system/user','127.0.0.1','内网IP','{\"admin\":false,\"createBy\":\"admin\",\"nickName\":\"vr普通用户\",\"params\":{},\"postIds\":[],\"roleIds\":[100],\"status\":\"0\",\"userId\":103,\"userName\":\"vr\"}','{\"msg\":\"操作成功\",\"code\":200}',0,NULL,'2025-05-01 16:10:22',92),(691,'用户管理',1,'com.ruoyi.web.controller.system.SysUserController.add()','POST',1,'admin','研发部门','/system/user','127.0.0.1','内网IP','{\"admin\":false,\"createBy\":\"admin\",\"nickName\":\"校企普通用户\",\"params\":{},\"postIds\":[],\"roleIds\":[101],\"status\":\"0\",\"userId\":104,\"userName\":\"school\"}','{\"msg\":\"操作成功\",\"code\":200}',0,NULL,'2025-05-01 16:10:50',99),(692,'用户管理',1,'com.ruoyi.web.controller.system.SysUserController.add()','POST',1,'admin','研发部门','/system/user','127.0.0.1','内网IP','{\"admin\":false,\"createBy\":\"admin\",\"nickName\":\"ar管理员\",\"params\":{},\"postIds\":[],\"roleIds\":[102],\"status\":\"0\",\"userId\":105,\"userName\":\"aradmin\"}','{\"msg\":\"操作成功\",\"code\":200}',0,NULL,'2025-05-01 16:11:24',111),(693,'用户管理',1,'com.ruoyi.web.controller.system.SysUserController.add()','POST',1,'admin','研发部门','/system/user','127.0.0.1','内网IP','{\"admin\":false,\"createBy\":\"admin\",\"nickName\":\"vr管理员\",\"params\":{},\"postIds\":[],\"roleIds\":[],\"status\":\"0\",\"userId\":106,\"userName\":\"vradmin\"}','{\"msg\":\"操作成功\",\"code\":200}',0,NULL,'2025-05-01 16:11:44',96),(694,'用户管理',1,'com.ruoyi.web.controller.system.SysUserController.add()','POST',1,'admin','研发部门','/system/user','127.0.0.1','内网IP','{\"admin\":false,\"createBy\":\"admin\",\"nickName\":\"校企管理员\",\"params\":{},\"postIds\":[],\"roleIds\":[104],\"status\":\"0\",\"userId\":107,\"userName\":\"schooladmin\"}','{\"msg\":\"操作成功\",\"code\":200}',0,NULL,'2025-05-01 16:12:10',95),(695,'角色管理',2,'com.ruoyi.web.controller.system.SysRoleController.edit()','PUT',1,'admin','研发部门','/system/role','127.0.0.1','内网IP','{\"admin\":false,\"createTime\":\"2025-05-01 16:06:31\",\"dataScope\":\"1\",\"delFlag\":\"0\",\"deptCheckStrictly\":true,\"flag\":false,\"menuCheckStrictly\":true,\"menuIds\":[2044,2410,2411,2412,2413,2414,2415,2254,2255,2256,2257,2258,2259,2527,2528,2529,2530,2531,2532,2338,2339,2340,2341,2342,2343,2545,2546,2547,2548,2549,2550,2344,2345,2346,2347,2348,2349,2551,2552,2553,2554,2555,2556,2149,2150,2151,2152,2153,2154,2314,2315,2316,2317,2318,2319,2302,2303,2304,2305,2306,2307,2162,2163,2164,2165,2166,2167,2229,2180,2181,2182,2183,2184,2185,2186,2187,2188,2189,2190,2191,2428,2429,2430,2431,2432,2433,2198,2199,2200,2201,2202,2203,2216,2204,2205,2206,2207,2208,2209,2210,2211,2212,2213,2214,2215,2380,2381,2382,2383,2384,2385,2434,2435,2436,2437,2438,2439,2497,2498,2499,2500,2501,2502,2509,2510,2511,2512,2513,2514],\"params\":{},\"roleId\":102,\"roleKey\":\"ARadmin\",\"roleName\":\"AR端管理员\",\"roleSort\":5,\"status\":\"0\",\"updateBy\":\"admin\"}','{\"msg\":\"操作成功\",\"code\":200}',0,NULL,'2025-05-01 17:06:44',32),(696,'角色管理',2,'com.ruoyi.web.controller.system.SysRoleController.edit()','PUT',1,'admin','研发部门','/system/role','127.0.0.1','内网IP','{\"admin\":false,\"createTime\":\"2025-05-01 16:07:23\",\"dataScope\":\"1\",\"delFlag\":\"0\",\"deptCheckStrictly\":true,\"flag\":false,\"menuCheckStrictly\":true,\"menuIds\":[2099,2326,2327,2328,2329,2330,2331,2308,2309,2310,2311,2312,2313,2290,2291,2292,2293,2294,2295,2416,2417,2418,2419,2420,2421,2332,2333,2334,2335,2336,2337,2515,2516,2517,2518,2519,2520],\"params\":{},\"roleId\":103,\"roleKey\":\"VRadmin\",\"roleName\":\"VR端管理员\",\"roleSort\":6,\"status\":\"0\",\"updateBy\":\"admin\"}','{\"msg\":\"操作成功\",\"code\":200}',0,NULL,'2025-05-01 17:06:50',15),(697,'角色管理',2,'com.ruoyi.web.controller.system.SysRoleController.edit()','PUT',1,'admin','研发部门','/system/role','127.0.0.1','内网IP','{\"admin\":false,\"createTime\":\"2025-05-01 16:07:55\",\"dataScope\":\"1\",\"delFlag\":\"0\",\"deptCheckStrictly\":true,\"flag\":false,\"menuCheckStrictly\":true,\"menuIds\":[2099,2326,2327,2328,2329,2330,2331,2308,2309,2310,2311,2312,2313,2290,2291,2292,2293,2294,2295,2416,2417,2418,2419,2420,2421,2332,2333,2334,2335,2336,2337,2515,2516,2517,2518,2519,2520],\"params\":{},\"roleId\":104,\"roleKey\":\"SCHadmin\",\"roleName\":\"校企端管理员\",\"roleSort\":7,\"status\":\"0\",\"updateBy\":\"admin\"}','{\"msg\":\"操作成功\",\"code\":200}',0,NULL,'2025-05-01 17:06:57',14),(698,'AR内容',2,'com.ruoyi.ar.controller.ArContentController.edit()','PUT',1,'ar',NULL,'/ar/content','127.0.0.1','内网IP','{\"arContentId\":34,\"params\":{},\"qrCodeId\":12}','{\"msg\":\"操作成功\",\"code\":200}',0,NULL,'2025-05-02 17:03:51',23),(699,'角色管理',4,'com.ruoyi.web.controller.system.SysRoleController.cancelAuthUser()','PUT',1,'admin','研发部门','/system/role/authUser/cancel','127.0.0.1','内网IP','{\"roleId\":101,\"userId\":104}','{\"msg\":\"操作成功\",\"code\":200}',0,NULL,'2025-05-06 19:59:17',13),(700,'用户管理',2,'com.ruoyi.web.controller.system.SysUserController.edit()','PUT',1,'admin','研发部门','/system/user','127.0.0.1','内网IP','{\"admin\":false,\"avatar\":\"\",\"createBy\":\"admin\",\"createTime\":\"2025-05-01 16:09:59\",\"delFlag\":\"0\",\"email\":\"\",\"loginDate\":\"2025-05-02 17:02:41\",\"loginIp\":\"127.0.0.1\",\"nickName\":\"普通用户1\",\"params\":{},\"phonenumber\":\"\",\"postIds\":[],\"roleIds\":[2],\"roles\":[{\"admin\":false,\"dataScope\":\"2\",\"deptCheckStrictly\":false,\"flag\":false,\"menuCheckStrictly\":false,\"params\":{},\"roleId\":2,\"roleKey\":\"ARcommon\",\"roleName\":\"AR端普通用户\",\"roleSort\":2,\"status\":\"0\"}],\"sex\":\"0\",\"status\":\"0\",\"updateBy\":\"admin\",\"userId\":102,\"userName\":\"ar\"}','{\"msg\":\"操作成功\",\"code\":200}',0,NULL,'2025-05-06 19:59:48',16),(701,'用户管理',2,'com.ruoyi.web.controller.system.SysUserController.edit()','PUT',1,'admin','研发部门','/system/user','127.0.0.1','内网IP','{\"admin\":false,\"avatar\":\"\",\"createBy\":\"admin\",\"createTime\":\"2025-05-01 16:09:59\",\"delFlag\":\"0\",\"email\":\"\",\"loginDate\":\"2025-05-02 17:02:41\",\"loginIp\":\"127.0.0.1\",\"nickName\":\"普通用户1\",\"params\":{},\"phonenumber\":\"\",\"postIds\":[],\"roleIds\":[2,100,101],\"roles\":[{\"admin\":false,\"dataScope\":\"2\",\"deptCheckStrictly\":false,\"flag\":false,\"menuCheckStrictly\":false,\"params\":{},\"roleId\":2,\"roleKey\":\"ARcommon\",\"roleName\":\"AR端普通用户\",\"roleSort\":2,\"status\":\"0\"}],\"sex\":\"0\",\"status\":\"0\",\"updateBy\":\"admin\",\"userId\":102,\"userName\":\"ar\"}','{\"msg\":\"操作成功\",\"code\":200}',0,NULL,'2025-05-06 20:00:01',18),(702,'用户管理',3,'com.ruoyi.web.controller.system.SysUserController.remove()','DELETE',1,'admin','研发部门','/system/user/102','127.0.0.1','内网IP','[102]','{\"msg\":\"操作成功\",\"code\":200}',0,NULL,'2025-05-06 20:00:25',18),(703,'用户管理',3,'com.ruoyi.web.controller.system.SysUserController.remove()','DELETE',1,'admin','研发部门','/system/user/103','127.0.0.1','内网IP','[103]','{\"msg\":\"操作成功\",\"code\":200}',0,NULL,'2025-05-06 20:00:28',21),(704,'用户管理',3,'com.ruoyi.web.controller.system.SysUserController.remove()','DELETE',1,'admin','研发部门','/system/user/104','127.0.0.1','内网IP','[104]','{\"msg\":\"操作成功\",\"code\":200}',0,NULL,'2025-05-06 20:00:30',18),(705,'用户管理',1,'com.ruoyi.web.controller.system.SysUserController.add()','POST',1,'admin','研发部门','/system/user','127.0.0.1','内网IP','{\"admin\":false,\"createBy\":\"admin\",\"nickName\":\"lazy\",\"params\":{},\"postIds\":[],\"roleIds\":[],\"status\":\"0\",\"userId\":108,\"userName\":\"普通用户1\"}','{\"msg\":\"操作成功\",\"code\":200}',0,NULL,'2025-05-06 20:01:19',141),(706,'用户管理',3,'com.ruoyi.web.controller.system.SysUserController.remove()','DELETE',1,'admin','研发部门','/system/user/108','127.0.0.1','内网IP','[108]','{\"msg\":\"操作成功\",\"code\":200}',0,NULL,'2025-05-06 20:01:37',23),(707,'用户管理',1,'com.ruoyi.web.controller.system.SysUserController.add()','POST',1,'admin','研发部门','/system/user','127.0.0.1','内网IP','{\"admin\":false,\"createBy\":\"admin\",\"nickName\":\"普通用户1\",\"params\":{},\"postIds\":[],\"roleIds\":[],\"status\":\"0\",\"userId\":109,\"userName\":\"lazy\"}','{\"msg\":\"操作成功\",\"code\":200}',0,NULL,'2025-05-06 20:02:14',88),(708,'用户管理',2,'com.ruoyi.web.controller.system.SysUserController.edit()','PUT',1,'admin','研发部门','/system/user','127.0.0.1','内网IP','{\"admin\":false,\"avatar\":\"\",\"createBy\":\"admin\",\"createTime\":\"2025-05-06 20:02:14\",\"delFlag\":\"0\",\"email\":\"\",\"loginIp\":\"\",\"nickName\":\"普通用户1\",\"params\":{},\"phonenumber\":\"\",\"postIds\":[],\"roleIds\":[2,100,101],\"roles\":[],\"sex\":\"0\",\"status\":\"0\",\"updateBy\":\"admin\",\"userId\":109,\"userName\":\"lazy\"}','{\"msg\":\"操作成功\",\"code\":200}',0,NULL,'2025-05-06 20:02:24',23),(709,'部门管理',2,'com.ruoyi.web.controller.system.SysDeptController.edit()','PUT',1,'admin','研发部门','/system/dept','127.0.0.1','内网IP','{\"ancestors\":\"0\",\"children\":[],\"deptId\":100,\"deptName\":\"校企合作管理\",\"email\":\"lazy@qq.com\",\"leader\":\"\",\"orderNum\":0,\"params\":{},\"parentId\":0,\"phone\":\"15888888888\",\"status\":\"0\",\"updateBy\":\"admin\"}','{\"msg\":\"操作成功\",\"code\":200}',0,NULL,'2025-05-07 10:02:24',13),(710,'菜单管理',2,'com.ruoyi.web.controller.system.SysMenuController.edit()','PUT',1,'admin','研发部门','/system/menu','127.0.0.1','内网IP','{\"children\":[],\"createTime\":\"2024-12-24 16:55:23\",\"icon\":\"monitor\",\"isCache\":\"0\",\"isFrame\":\"1\",\"menuId\":2,\"menuName\":\"系统监控\",\"menuType\":\"M\",\"orderNum\":4,\"params\":{},\"parentId\":0,\"path\":\"monitor\",\"perms\":\"\",\"query\":\"\",\"routeName\":\"\",\"status\":\"0\",\"updateBy\":\"admin\",\"visible\":\"1\"}','{\"msg\":\"操作成功\",\"code\":200}',0,NULL,'2025-05-07 10:48:15',53),(711,'菜单管理',2,'com.ruoyi.web.controller.system.SysMenuController.edit()','PUT',1,'admin','研发部门','/system/menu','127.0.0.1','内网IP','{\"children\":[],\"createTime\":\"2024-12-24 16:55:23\",\"icon\":\"guide\",\"isCache\":\"0\",\"isFrame\":\"0\",\"menuId\":4,\"menuName\":\"若依官网\",\"menuType\":\"M\",\"orderNum\":4,\"params\":{},\"parentId\":0,\"path\":\"http://ruoyi.vip\",\"perms\":\"\",\"query\":\"\",\"routeName\":\"\",\"status\":\"0\",\"updateBy\":\"admin\",\"visible\":\"1\"}','{\"msg\":\"操作成功\",\"code\":200}',0,NULL,'2025-05-07 10:48:23',9),(712,'菜单管理',2,'com.ruoyi.web.controller.system.SysMenuController.edit()','PUT',1,'admin','研发部门','/system/menu','127.0.0.1','内网IP','{\"children\":[],\"createTime\":\"2024-12-24 16:55:23\",\"icon\":\"tool\",\"isCache\":\"0\",\"isFrame\":\"1\",\"menuId\":3,\"menuName\":\"系统工具\",\"menuType\":\"M\",\"orderNum\":4,\"params\":{},\"parentId\":0,\"path\":\"tool\",\"perms\":\"\",\"query\":\"\",\"routeName\":\"\",\"status\":\"0\",\"updateBy\":\"admin\",\"visible\":\"1\"}','{\"msg\":\"操作成功\",\"code\":200}',0,NULL,'2025-05-07 10:48:27',7),(713,'菜单管理',2,'com.ruoyi.web.controller.system.SysMenuController.edit()','PUT',1,'admin','研发部门','/system/menu','127.0.0.1','内网IP','{\"children\":[],\"component\":\"course/index\",\"createTime\":\"2025-01-04 17:19:22\",\"icon\":\"cascader\",\"isCache\":\"0\",\"isFrame\":\"1\",\"menuId\":2035,\"menuName\":\"课程管理\",\"menuType\":\"C\",\"orderNum\":4,\"params\":{},\"parentId\":0,\"path\":\"course\",\"perms\":\"course:list\",\"routeName\":\"\",\"status\":\"0\",\"updateBy\":\"admin\",\"visible\":\"1\"}','{\"msg\":\"操作成功\",\"code\":200}',0,NULL,'2025-05-07 10:48:31',6),(714,'菜单管理',2,'com.ruoyi.web.controller.system.SysMenuController.edit()','PUT',1,'admin','研发部门','/system/menu','127.0.0.1','内网IP','{\"children\":[],\"createTime\":\"2025-01-04 17:23:23\",\"icon\":\"excel\",\"isCache\":\"0\",\"isFrame\":\"1\",\"menuId\":2041,\"menuName\":\"统计分析\",\"menuType\":\"M\",\"orderNum\":4,\"params\":{},\"parentId\":0,\"path\":\"stasticss\",\"perms\":\"\",\"routeName\":\"\",\"status\":\"0\",\"updateBy\":\"admin\",\"visible\":\"1\"}','{\"msg\":\"操作成功\",\"code\":200}',0,NULL,'2025-05-07 10:48:35',7),(715,'部门管理',2,'com.ruoyi.web.controller.system.SysDeptController.edit()','PUT',1,'admin','研发部门','/system/dept','127.0.0.1','内网IP','{\"ancestors\":\"0\",\"children\":[],\"deptId\":100,\"deptName\":\"校企合作创新管理系统\",\"email\":\"lazy@qq.com\",\"leader\":\"\",\"orderNum\":0,\"params\":{},\"parentId\":0,\"phone\":\"15888888888\",\"status\":\"0\",\"updateBy\":\"admin\"}','{\"msg\":\"操作成功\",\"code\":200}',0,NULL,'2025-05-07 11:06:35',9),(716,'部门管理',2,'com.ruoyi.web.controller.system.SysDeptController.edit()','PUT',1,'admin','研发部门','/system/dept','127.0.0.1','内网IP','{\"ancestors\":\"0,100\",\"children\":[],\"deptId\":101,\"deptName\":\"学校\",\"email\":\"lazy@qq.com\",\"leader\":\"lazy\",\"orderNum\":1,\"params\":{},\"parentId\":100,\"parentName\":\"校企合作创新管理系统\",\"phone\":\"15888888888\",\"status\":\"0\",\"updateBy\":\"admin\"}','{\"msg\":\"操作成功\",\"code\":200}',0,NULL,'2025-05-07 11:06:57',16),(717,'部门管理',2,'com.ruoyi.web.controller.system.SysDeptController.edit()','PUT',1,'admin','研发部门','/system/dept','127.0.0.1','内网IP','{\"ancestors\":\"0,100,101\",\"children\":[],\"deptId\":103,\"deptName\":\"校级领导\",\"email\":\"lazy@qq.com\",\"leader\":\"lazy\",\"orderNum\":1,\"params\":{},\"parentId\":101,\"parentName\":\"学校\",\"phone\":\"15888888888\",\"status\":\"0\",\"updateBy\":\"admin\"}','{\"msg\":\"操作成功\",\"code\":200}',0,NULL,'2025-05-07 11:07:57',13),(718,'部门管理',2,'com.ruoyi.web.controller.system.SysDeptController.edit()','PUT',1,'admin','研发部门','/system/dept','127.0.0.1','内网IP','{\"ancestors\":\"0,100,101\",\"children\":[],\"deptId\":104,\"deptName\":\"中层管理部门\",\"email\":\"ry@qq.com\",\"leader\":\"若依\",\"orderNum\":2,\"params\":{},\"parentId\":101,\"parentName\":\"学校\",\"phone\":\"15888888888\",\"status\":\"0\",\"updateBy\":\"admin\"}','{\"msg\":\"操作成功\",\"code\":200}',0,NULL,'2025-05-07 11:08:37',13),(719,'部门管理',2,'com.ruoyi.web.controller.system.SysDeptController.edit()','PUT',1,'admin','研发部门','/system/dept','127.0.0.1','内网IP','{\"ancestors\":\"0,100,101\",\"children\":[],\"deptId\":105,\"deptName\":\"基层行政\",\"email\":\"lazy@qq.com\",\"leader\":\"lazy\",\"orderNum\":3,\"params\":{},\"parentId\":101,\"parentName\":\"学校\",\"phone\":\"15888888888\",\"status\":\"0\",\"updateBy\":\"admin\"}','{\"msg\":\"操作成功\",\"code\":200}',0,NULL,'2025-05-07 11:09:00',12),(720,'部门管理',2,'com.ruoyi.web.controller.system.SysDeptController.edit()','PUT',1,'admin','研发部门','/system/dept','127.0.0.1','内网IP','{\"ancestors\":\"0,100,101\",\"children\":[],\"deptId\":106,\"deptName\":\"教授\",\"email\":\"ry@qq.com\",\"leader\":\"若依\",\"orderNum\":4,\"params\":{},\"parentId\":101,\"parentName\":\"学校\",\"phone\":\"15888888888\",\"status\":\"0\",\"updateBy\":\"admin\"}','{\"msg\":\"操作成功\",\"code\":200}',0,NULL,'2025-05-07 11:09:27',8),(721,'部门管理',2,'com.ruoyi.web.controller.system.SysDeptController.edit()','PUT',1,'admin','研发部门','/system/dept','127.0.0.1','内网IP','{\"ancestors\":\"0,100,101\",\"children\":[],\"deptId\":107,\"deptName\":\"副教授\",\"email\":\"lazy@qq.com\",\"leader\":\"lazy\",\"orderNum\":5,\"params\":{},\"parentId\":101,\"parentName\":\"学校\",\"phone\":\"15888888888\",\"status\":\"0\",\"updateBy\":\"admin\"}','{\"msg\":\"操作成功\",\"code\":200}',0,NULL,'2025-05-07 11:09:50',20),(722,'部门管理',1,'com.ruoyi.web.controller.system.SysDeptController.add()','POST',1,'admin','研发部门','/system/dept','127.0.0.1','内网IP','{\"ancestors\":\"0,100,101\",\"children\":[],\"createBy\":\"admin\",\"deptName\":\"讲师\",\"orderNum\":6,\"params\":{},\"parentId\":101,\"status\":\"0\"}','{\"msg\":\"操作成功\",\"code\":200}',0,NULL,'2025-05-07 11:10:06',10),(723,'部门管理',1,'com.ruoyi.web.controller.system.SysDeptController.add()','POST',1,'admin','研发部门','/system/dept','127.0.0.1','内网IP','{\"ancestors\":\"0,100,101\",\"children\":[],\"createBy\":\"admin\",\"deptName\":\"助教\",\"orderNum\":7,\"params\":{},\"parentId\":101,\"status\":\"0\"}','{\"msg\":\"操作成功\",\"code\":200}',0,NULL,'2025-05-07 11:10:26',9),(724,'部门管理',1,'com.ruoyi.web.controller.system.SysDeptController.add()','POST',1,'admin','研发部门','/system/dept','127.0.0.1','内网IP','{\"ancestors\":\"0,100,101\",\"children\":[],\"createBy\":\"admin\",\"deptName\":\"辅导员\",\"orderNum\":8,\"params\":{},\"parentId\":101,\"status\":\"0\"}','{\"msg\":\"操作成功\",\"code\":200}',0,NULL,'2025-05-07 11:11:10',7),(725,'部门管理',1,'com.ruoyi.web.controller.system.SysDeptController.add()','POST',1,'admin','研发部门','/system/dept','127.0.0.1','内网IP','{\"ancestors\":\"0,100,101\",\"children\":[],\"createBy\":\"admin\",\"deptName\":\"学生会\",\"orderNum\":9,\"params\":{},\"parentId\":101,\"status\":\"0\"}','{\"msg\":\"操作成功\",\"code\":200}',0,NULL,'2025-05-07 11:12:40',7),(726,'部门管理',3,'com.ruoyi.web.controller.system.SysDeptController.remove()','DELETE',1,'admin','研发部门','/system/dept/107','127.0.0.1','内网IP','107','{\"msg\":\"操作成功\",\"code\":200}',0,NULL,'2025-05-07 11:12:49',11),(727,'部门管理',3,'com.ruoyi.web.controller.system.SysDeptController.remove()','DELETE',1,'admin','研发部门','/system/dept/201','127.0.0.1','内网IP','201','{\"msg\":\"操作成功\",\"code\":200}',0,NULL,'2025-05-07 11:12:54',5),(728,'部门管理',3,'com.ruoyi.web.controller.system.SysDeptController.remove()','DELETE',1,'admin','研发部门','/system/dept/105','127.0.0.1','内网IP','105','{\"msg\":\"操作成功\",\"code\":200}',0,NULL,'2025-05-07 11:12:56',5),(729,'部门管理',1,'com.ruoyi.web.controller.system.SysDeptController.add()','POST',1,'admin','研发部门','/system/dept','127.0.0.1','内网IP','{\"ancestors\":\"0,100,101\",\"children\":[],\"createBy\":\"admin\",\"deptName\":\"学生\",\"orderNum\":10,\"params\":{},\"parentId\":101,\"status\":\"0\"}','{\"msg\":\"操作成功\",\"code\":200}',0,NULL,'2025-05-07 11:13:09',7),(730,'部门管理',2,'com.ruoyi.web.controller.system.SysDeptController.edit()','PUT',1,'admin','研发部门','/system/dept','127.0.0.1','内网IP','{\"ancestors\":\"0,100\",\"children\":[],\"deptId\":102,\"deptName\":\"企业\",\"email\":\"lazy@qq.com\",\"leader\":\"lazy\",\"orderNum\":2,\"params\":{},\"parentId\":100,\"parentName\":\"校企合作创新管理系统\",\"phone\":\"15888888888\",\"status\":\"0\",\"updateBy\":\"admin\"}','{\"msg\":\"操作成功\",\"code\":200}',0,NULL,'2025-05-07 11:13:49',15),(731,'部门管理',3,'com.ruoyi.web.controller.system.SysDeptController.remove()','DELETE',1,'admin','研发部门','/system/dept/108','127.0.0.1','内网IP','108','{\"msg\":\"操作成功\",\"code\":200}',0,NULL,'2025-05-07 11:16:45',8),(732,'部门管理',3,'com.ruoyi.web.controller.system.SysDeptController.remove()','DELETE',1,'admin','研发部门','/system/dept/109','127.0.0.1','内网IP','109','{\"msg\":\"操作成功\",\"code\":200}',0,NULL,'2025-05-07 11:16:46',11),(733,'部门管理',1,'com.ruoyi.web.controller.system.SysDeptController.add()','POST',1,'admin','研发部门','/system/dept','127.0.0.1','内网IP','{\"ancestors\":\"0,100,102\",\"children\":[],\"createBy\":\"admin\",\"deptName\":\"技术专家\",\"orderNum\":1,\"params\":{},\"parentId\":102,\"status\":\"0\"}','{\"msg\":\"操作成功\",\"code\":200}',0,NULL,'2025-05-07 11:17:11',5),(734,'部门管理',1,'com.ruoyi.web.controller.system.SysDeptController.add()','POST',1,'admin','研发部门','/system/dept','127.0.0.1','内网IP','{\"ancestors\":\"0,100,102\",\"children\":[],\"createBy\":\"admin\",\"deptName\":\"工程师\",\"orderNum\":2,\"params\":{},\"parentId\":102,\"status\":\"0\"}','{\"msg\":\"操作成功\",\"code\":200}',0,NULL,'2025-05-07 11:17:23',14),(735,'部门管理',1,'com.ruoyi.web.controller.system.SysDeptController.add()','POST',1,'admin','研发部门','/system/dept','127.0.0.1','内网IP','{\"ancestors\":\"0,100,102\",\"children\":[],\"createBy\":\"admin\",\"deptName\":\"总监\",\"orderNum\":3,\"params\":{},\"parentId\":102,\"status\":\"0\"}','{\"msg\":\"操作成功\",\"code\":200}',0,NULL,'2025-05-07 11:17:56',6),(736,'部门管理',1,'com.ruoyi.web.controller.system.SysDeptController.add()','POST',1,'admin','研发部门','/system/dept','127.0.0.1','内网IP','{\"ancestors\":\"0,100,102\",\"children\":[],\"createBy\":\"admin\",\"deptName\":\"主管\",\"orderNum\":4,\"params\":{},\"parentId\":102,\"status\":\"0\"}','{\"msg\":\"操作成功\",\"code\":200}',0,NULL,'2025-05-07 11:19:11',7),(737,'部门管理',1,'com.ruoyi.web.controller.system.SysDeptController.add()','POST',1,'admin','研发部门','/system/dept','127.0.0.1','内网IP','{\"ancestors\":\"0,100,102\",\"children\":[],\"createBy\":\"admin\",\"deptName\":\"员工\",\"orderNum\":5,\"params\":{},\"parentId\":102,\"status\":\"0\"}','{\"msg\":\"操作成功\",\"code\":200}',0,NULL,'2025-05-07 11:19:21',6),(738,'用户头像',2,'com.ruoyi.web.controller.system.SysProfileController.avatar()','POST',1,'aradmin',NULL,'/system/user/profile/avatar','127.0.0.1','内网IP','','{\"msg\":\"操作成功\",\"imgUrl\":\"/profile/avatar/2025/05/07/avatar_20250507144647A001.png\",\"code\":200}',0,NULL,'2025-05-07 14:46:47',155),(739,'用户头像',2,'com.ruoyi.web.controller.system.SysProfileController.avatar()','POST',1,'aradmin',NULL,'/system/user/profile/avatar','127.0.0.1','内网IP','','{\"msg\":\"操作成功\",\"imgUrl\":\"/profile/avatar/2025/05/07/ideabackground_20250507165007A002.jpeg\",\"code\":200}',0,NULL,'2025-05-07 16:50:08',302),(740,'个人信息',2,'com.ruoyi.web.controller.system.SysProfileController.updateProfile()','PUT',1,'aradmin',NULL,'/system/user/profile','127.0.0.1','内网IP','{\"admin\":false,\"email\":\"lucy@qq.com\",\"nickName\":\"路西\",\"params\":{},\"phonenumber\":\"14456523125\",\"sex\":\"1\"}','{\"msg\":\"操作成功\",\"code\":200}',0,NULL,'2025-05-07 16:50:34',72),(741,'二维码',1,'com.ruoyi.ar.controller.QrCodeController.add()','POST',1,'aradmin',NULL,'/ar/code','127.0.0.1','内网IP','{\"params\":{},\"qrCode\":\"https://schoolworkweb.oss-cn-beijing.aliyuncs.com/school-images/2025/05/07/681b32fe555404df93d913db.png\",\"qrCodeId\":35,\"qrCodeName\":\"test\"}','{\"msg\":\"操作成功\",\"code\":200}',0,NULL,'2025-05-07 18:16:32',83),(742,'二维码',3,'com.ruoyi.ar.controller.QrCodeController.remove()','DELETE',1,'aradmin',NULL,'/ar/code/35','127.0.0.1','内网IP','[35]','{\"msg\":\"操作成功\",\"code\":200}',0,NULL,'2025-05-07 18:16:43',58),(743,'二维码',2,'com.ruoyi.ar.controller.QrCodeController.edit()','PUT',1,'aradmin',NULL,'/ar/code','127.0.0.1','内网IP','{\"params\":{},\"qrCode\":\"https://schoolworkweb.oss-cn-beijing.aliyuncs.com/school-images/2025/05/01/6812dfa55554972be4638b7a.png\",\"qrCodeId\":12,\"qrCodeName\":\"包装物流区1\",\"usageStatus\":\"0\"}','{\"msg\":\"操作成功\",\"code\":200}',0,NULL,'2025-05-07 18:17:11',8),(744,'二维码',2,'com.ruoyi.ar.controller.QrCodeController.edit()','PUT',1,'aradmin',NULL,'/ar/code','127.0.0.1','内网IP','{\"params\":{},\"qrCode\":\"https://schoolworkweb.oss-cn-beijing.aliyuncs.com/school-images/2025/05/01/6812dfa55554972be4638b7a.png\",\"qrCodeId\":12,\"qrCodeName\":\"包装物流区\",\"usageStatus\":\"0\"}','{\"msg\":\"操作成功\",\"code\":200}',0,NULL,'2025-05-07 18:17:16',10),(745,'二维码',5,'com.ruoyi.ar.controller.QrCodeController.export()','POST',1,'aradmin',NULL,'/ar/code/export','127.0.0.1','内网IP','{\"pageSize\":\"10\",\"pageNum\":\"1\"}',NULL,0,NULL,'2025-05-07 18:17:34',2026),(746,'材料出入库单',2,'com.ruoyi.ar.controller.MaterialTransactionController.edit()','PUT',1,'aradmin',NULL,'/ar/materialTransaction','127.0.0.1','内网IP','{\"materialTransactionDetailList\":[{\"materialId\":9,\"params\":{},\"quantity\":140,\"transactionDate\":\"2024-07-22\",\"transactionId\":4},{\"materialId\":10,\"params\":{},\"quantity\":210,\"transactionDate\":\"2024-07-22\",\"transactionId\":4}],\"operatorName\":\"王卓\",\"params\":{},\"transactionId\":4,\"transactionType\":0,\"warehouseAdminName\":\"田冰\"}','{\"msg\":\"操作成功\",\"code\":200}',0,NULL,'2025-05-09 10:15:12',107),(747,'材料出入库单',2,'com.ruoyi.ar.controller.MaterialTransactionController.edit()','PUT',1,'aradmin',NULL,'/ar/materialTransaction','127.0.0.1','内网IP','{\"materialTransactionDetailList\":[{\"materialId\":3,\"params\":{},\"quantity\":80,\"transactionDate\":\"2024-11-10\",\"transactionId\":11},{\"materialId\":4,\"params\":{},\"quantity\":170,\"transactionDate\":\"2024-11-10\",\"transactionId\":11},{\"materialId\":5,\"params\":{},\"quantity\":140,\"transactionDate\":\"2024-11-10\",\"transactionId\":11}],\"operatorName\":\"钟小钰\",\"params\":{},\"transactionId\":11,\"transactionType\":0,\"warehouseAdminName\":\"田冰\"}','{\"msg\":\"操作成功\",\"code\":200}',0,NULL,'2025-05-09 10:15:21',10),(748,'材料出入库单',2,'com.ruoyi.ar.controller.MaterialTransactionController.edit()','PUT',1,'aradmin',NULL,'/ar/materialTransaction','127.0.0.1','内网IP','{\"materialTransactionDetailList\":[{\"materialId\":5,\"params\":{},\"quantity\":120,\"transactionDate\":\"2024-09-02\",\"transactionId\":7},{\"materialId\":6,\"params\":{},\"quantity\":30,\"transactionDate\":\"2024-09-02\",\"transactionId\":7}],\"operatorName\":\"钟小钰\",\"params\":{},\"transactionId\":7,\"transactionType\":1,\"warehouseAdminName\":\"田冰\"}','{\"msg\":\"操作成功\",\"code\":200}',0,NULL,'2025-05-09 10:15:55',17),(749,'AR内容',2,'com.ruoyi.ar.controller.ArContentController.edit()','PUT',1,'aradmin',NULL,'/ar/content','127.0.0.1','内网IP','{\"arContentId\":57,\"params\":{},\"qrCodeId\":12}','{\"msg\":\"操作成功\",\"code\":200}',0,NULL,'2025-05-09 15:57:28',39),(750,'AR内容',2,'com.ruoyi.ar.controller.ArContentController.edit()','PUT',1,'aradmin',NULL,'/ar/content','127.0.0.1','内网IP','{\"arContentId\":57,\"params\":{}}','{\"msg\":\"操作成功\",\"code\":200}',0,NULL,'2025-05-09 15:57:46',13),(751,'AR内容',2,'com.ruoyi.ar.controller.ArContentController.edit()','PUT',1,'aradmin',NULL,'/ar/content','127.0.0.1','内网IP','{\"arContentId\":34,\"params\":{}}','{\"msg\":\"操作成功\",\"code\":200}',0,NULL,'2025-05-09 15:57:50',11),(752,'AR内容关联',5,'com.ruoyi.ar.controller.ArAssociationController.export()','POST',1,'aradmin',NULL,'/ar/arAssociation/export','127.0.0.1','内网IP','{\"pageSize\":\"10\",\"pageNum\":\"1\"}',NULL,0,NULL,'2025-05-09 15:58:20',162),(753,'AR内容',2,'com.ruoyi.ar.controller.ArContentController.edit()','PUT',1,'aradmin',NULL,'/ar/content','127.0.0.1','内网IP','{\"arContentId\":34,\"params\":{},\"qrCodeId\":12}','{\"msg\":\"操作成功\",\"code\":200}',0,NULL,'2025-05-09 15:59:14',14),(754,'AR内容',2,'com.ruoyi.ar.controller.ArContentController.edit()','PUT',1,'aradmin',NULL,'/ar/content','127.0.0.1','内网IP','{\"arContentId\":57,\"params\":{},\"qrCodeId\":12}','{\"msg\":\"操作成功\",\"code\":200}',0,NULL,'2025-05-09 15:59:18',6),(755,'AR内容',2,'com.ruoyi.ar.controller.ArContentController.edit()','PUT',1,'aradmin',NULL,'/ar/content','127.0.0.1','内网IP','{\"arContentId\":57,\"params\":{},\"qrCodeId\":0}','{\"msg\":\"操作成功\",\"code\":200}',0,NULL,'2025-05-09 15:59:24',11),(756,'AR内容',2,'com.ruoyi.ar.controller.ArContentController.edit()','PUT',1,'aradmin',NULL,'/ar/content','127.0.0.1','内网IP','{\"arContentId\":34,\"params\":{},\"qrCodeId\":0}','{\"msg\":\"操作成功\",\"code\":200}',0,NULL,'2025-05-09 15:59:25',8),(757,'沙盘分区',1,'com.ruoyi.ar.controller.SandboxZoneController.add()','POST',1,'aradmin',NULL,'/ar/zone','127.0.0.1','内网IP','{\"description\":\"1\",\"factoryId\":8,\"name\":\"1\",\"params\":{},\"qrCodeId\":12}','{\"msg\":\"操作成功\",\"code\":200}',0,NULL,'2025-05-09 15:59:50',25),(758,'沙盘分区',1,'com.ruoyi.ar.controller.SandboxZoneController.add()','POST',1,'aradmin',NULL,'/ar/zone','127.0.0.1','内网IP','{\"description\":\"2\",\"factoryId\":8,\"name\":\"2\",\"params\":{},\"qrCodeId\":12}','{\"msg\":\"操作成功\",\"code\":200}',0,NULL,'2025-05-09 15:59:59',7),(759,'沙盘分区',3,'com.ruoyi.ar.controller.SandboxZoneController.remove()','DELETE',1,'aradmin',NULL,'/ar/zone/28','127.0.0.1','内网IP','[28]','{\"msg\":\"操作成功\",\"code\":200}',0,NULL,'2025-05-09 16:00:08',9),(760,'沙盘分区',3,'com.ruoyi.ar.controller.SandboxZoneController.remove()','DELETE',1,'aradmin',NULL,'/ar/zone/27','127.0.0.1','内网IP','[27]','{\"msg\":\"操作成功\",\"code\":200}',0,NULL,'2025-05-09 16:00:13',12),(761,'沙盘分区',2,'com.ruoyi.ar.controller.SandboxZoneController.edit()','PUT',1,'aradmin',NULL,'/ar/zone','127.0.0.1','内网IP','{\"params\":{},\"qrCodeId\":12,\"zoneId\":20}','{\"msg\":\"操作成功\",\"code\":200}',0,NULL,'2025-05-09 16:00:35',8),(762,'沙盘分区',2,'com.ruoyi.ar.controller.SandboxZoneController.edit()','PUT',1,'aradmin',NULL,'/ar/zone','127.0.0.1','内网IP','{\"params\":{},\"qrCodeId\":0,\"zoneId\":20}','{\"msg\":\"操作成功\",\"code\":200}',0,NULL,'2025-05-09 16:00:39',6),(763,'AR内容',1,'com.ruoyi.ar.controller.ArContentController.add()','POST',1,'aradmin',NULL,'/ar/content','127.0.0.1','内网IP','{\"arContentId\":45326,\"category\":\"视频\",\"description\":\"1\",\"fileUrl\":\"1\",\"name\":\"1\",\"params\":{},\"qrCodeId\":12,\"usageStatus\":\"0\"}','{\"msg\":\"操作成功\",\"code\":200}',0,NULL,'2025-05-09 16:00:59',10),(764,'AR内容',1,'com.ruoyi.ar.controller.ArContentController.add()','POST',1,'aradmin',NULL,'/ar/content','127.0.0.1','内网IP','{\"arContentId\":45327,\"category\":\"3D场景\",\"description\":\"1\",\"fileUrl\":\"1\",\"name\":\"12\",\"params\":{},\"qrCodeId\":12,\"usageStatus\":\"0\"}','{\"msg\":\"操作成功\",\"code\":200}',0,NULL,'2025-05-09 16:01:12',10),(765,'AR内容',3,'com.ruoyi.ar.controller.ArContentController.remove()','DELETE',1,'aradmin',NULL,'/ar/content/45326','127.0.0.1','内网IP','[45326]','{\"msg\":\"操作成功\",\"code\":200}',0,NULL,'2025-05-09 16:01:25',27),(766,'AR内容',3,'com.ruoyi.ar.controller.ArContentController.remove()','DELETE',1,'aradmin',NULL,'/ar/content/45327','127.0.0.1','内网IP','[45327]','{\"msg\":\"操作成功\",\"code\":200}',0,NULL,'2025-05-09 16:01:31',36),(767,'材料出入库单',2,'com.ruoyi.ar.controller.MaterialTransactionController.edit()','PUT',1,'aradmin',NULL,'/ar/materialTransaction','127.0.0.1','内网IP','{\"materialTransactionDetailList\":[{\"materialId\":6,\"params\":{},\"quantity\":95,\"transactionDate\":\"2024-07-08\",\"transactionId\":3},{\"materialId\":7,\"params\":{},\"quantity\":110,\"transactionDate\":\"2024-07-08\",\"transactionId\":3},{\"materialId\":8,\"params\":{},\"quantity\":170,\"transactionDate\":\"2024-07-08\",\"transactionId\":3}],\"operatorName\":\"王卓\",\"params\":{},\"transactionId\":3,\"transactionType\":0,\"warehouseAdminName\":\"田冰\"}','{\"msg\":\"操作成功\",\"code\":200}',0,NULL,'2025-05-10 11:46:30',90),(768,'产品出入库单',2,'com.ruoyi.ar.controller.ProductTransactionController.edit()','PUT',1,'aradmin',NULL,'/ar/productTransaction','127.0.0.1','内网IP','{\"operatorName\":\"郑依娜\",\"params\":{},\"productTransactionDetailList\":[{\"params\":{},\"productId\":1,\"quantity\":280,\"transactionDate\":\"2023-08-18\",\"transactionId\":3},{\"params\":{},\"productId\":2,\"quantity\":330,\"transactionDate\":\"2023-08-18\",\"transactionId\":3},{\"params\":{},\"productId\":3,\"quantity\":220,\"transactionDate\":\"2023-08-18\",\"transactionId\":3}],\"transactionId\":3,\"transactionType\":1,\"warehouseAdminName\":\"苗甜甜\"}','{\"msg\":\"操作成功\",\"code\":200}',0,NULL,'2025-05-10 11:48:16',67),(769,'产品出入库单',2,'com.ruoyi.ar.controller.ProductTransactionController.edit()','PUT',1,'aradmin',NULL,'/ar/productTransaction','127.0.0.1','内网IP','{\"operatorName\":\"刘勇\",\"params\":{},\"productTransactionDetailList\":[{\"params\":{},\"productId\":1,\"quantity\":170,\"transactionDate\":\"2023-09-25\",\"transactionId\":4},{\"params\":{},\"productId\":2,\"quantity\":290,\"transactionDate\":\"2023-09-25\",\"transactionId\":4}],\"transactionId\":4,\"transactionType\":1,\"warehouseAdminName\":\"苗甜甜\"}','{\"msg\":\"操作成功\",\"code\":200}',0,NULL,'2025-05-10 11:48:20',17),(770,'产品出入库单',2,'com.ruoyi.ar.controller.ProductTransactionController.edit()','PUT',1,'aradmin',NULL,'/ar/productTransaction','127.0.0.1','内网IP','{\"operatorName\":\"郑依娜\",\"params\":{},\"productTransactionDetailList\":[{\"params\":{},\"productId\":2,\"quantity\":28,\"transactionDate\":\"2024-01-24\",\"transactionId\":8},{\"params\":{},\"productId\":3,\"quantity\":31,\"transactionDate\":\"2024-01-24\",\"transactionId\":8}],\"transactionId\":8,\"transactionType\":1,\"warehouseAdminName\":\"苗甜甜\"}','{\"msg\":\"操作成功\",\"code\":200}',0,NULL,'2025-05-10 11:48:29',14),(771,'产品出入库单',2,'com.ruoyi.ar.controller.ProductTransactionController.edit()','PUT',1,'aradmin',NULL,'/ar/productTransaction','127.0.0.1','内网IP','{\"operatorName\":\"郑依娜\",\"params\":{},\"productTransactionDetailList\":[{\"params\":{},\"productId\":2,\"quantity\":28,\"transactionDate\":\"2024-01-24\",\"transactionId\":8},{\"params\":{},\"productId\":3,\"quantity\":31,\"transactionDate\":\"2024-01-24\",\"transactionId\":8}],\"transactionId\":8,\"transactionType\":0,\"warehouseAdminName\":\"苗甜甜\"}','{\"msg\":\"操作成功\",\"code\":200}',0,NULL,'2025-05-10 11:48:38',17),(772,'产品出入库单',2,'com.ruoyi.ar.controller.ProductTransactionController.edit()','PUT',1,'aradmin',NULL,'/ar/productTransaction','127.0.0.1','内网IP','{\"operatorName\":\"刘勇\",\"params\":{},\"productTransactionDetailList\":[{\"params\":{},\"productId\":2,\"quantity\":2600,\"transactionDate\":\"2024-03-08\",\"transactionId\":10},{\"params\":{},\"productId\":3,\"quantity\":1800,\"transactionDate\":\"2024-03-08\",\"transactionId\":10}],\"transactionId\":10,\"transactionType\":0,\"warehouseAdminName\":\"柯朗\"}','{\"msg\":\"操作成功\",\"code\":200}',0,NULL,'2025-05-10 11:48:48',20);
/*!40000 ALTER TABLE `sys_oper_log` ENABLE KEYS */;
UNLOCK TABLES;

--
-- Table structure for table `sys_post`
--

DROP TABLE IF EXISTS `sys_post`;
/*!40101 SET @saved_cs_client     = @@character_set_client */;
/*!40101 SET character_set_client = utf8 */;
CREATE TABLE `sys_post` (
  `post_id` bigint NOT NULL AUTO_INCREMENT COMMENT '岗位ID',
  `post_code` varchar(64) CHARACTER SET utf8mb4 COLLATE utf8mb4_0900_ai_ci NOT NULL COMMENT '岗位编码',
  `post_name` varchar(50) CHARACTER SET utf8mb4 COLLATE utf8mb4_0900_ai_ci NOT NULL COMMENT '岗位名称',
  `post_sort` int NOT NULL COMMENT '显示顺序',
  `status` char(1) CHARACTER SET utf8mb4 COLLATE utf8mb4_0900_ai_ci NOT NULL COMMENT '状态（0正常 1停用）',
  `create_by` varchar(64) CHARACTER SET utf8mb4 COLLATE utf8mb4_0900_ai_ci DEFAULT '' COMMENT '创建者',
  `create_time` datetime DEFAULT NULL COMMENT '创建时间',
  `update_by` varchar(64) CHARACTER SET utf8mb4 COLLATE utf8mb4_0900_ai_ci DEFAULT '' COMMENT '更新者',
  `update_time` datetime DEFAULT NULL COMMENT '更新时间',
  `remark` varchar(500) CHARACTER SET utf8mb4 COLLATE utf8mb4_0900_ai_ci DEFAULT NULL COMMENT '备注',
  PRIMARY KEY (`post_id`) USING BTREE
) ENGINE=InnoDB AUTO_INCREMENT=5 DEFAULT CHARSET=utf8mb4 COLLATE=utf8mb4_0900_ai_ci ROW_FORMAT=DYNAMIC COMMENT='岗位信息表';
/*!40101 SET character_set_client = @saved_cs_client */;

--
-- Dumping data for table `sys_post`
--

LOCK TABLES `sys_post` WRITE;
/*!40000 ALTER TABLE `sys_post` DISABLE KEYS */;
INSERT INTO `sys_post` VALUES (1,'ceo','董事长',1,'0','admin','2024-12-24 16:55:22','',NULL,''),(2,'se','项目经理',2,'0','admin','2024-12-24 16:55:22','',NULL,''),(3,'hr','人力资源',3,'0','admin','2024-12-24 16:55:22','',NULL,''),(4,'user','普通员工',4,'0','admin','2024-12-24 16:55:22','',NULL,'');
/*!40000 ALTER TABLE `sys_post` ENABLE KEYS */;
UNLOCK TABLES;

--
-- Table structure for table `sys_role`
--

DROP TABLE IF EXISTS `sys_role`;
/*!40101 SET @saved_cs_client     = @@character_set_client */;
/*!40101 SET character_set_client = utf8 */;
CREATE TABLE `sys_role` (
  `role_id` bigint NOT NULL AUTO_INCREMENT COMMENT '角色ID',
  `role_name` varchar(30) CHARACTER SET utf8mb4 COLLATE utf8mb4_0900_ai_ci NOT NULL COMMENT '角色名称',
  `role_key` varchar(100) CHARACTER SET utf8mb4 COLLATE utf8mb4_0900_ai_ci NOT NULL COMMENT '角色权限字符串',
  `role_sort` int NOT NULL COMMENT '显示顺序',
  `data_scope` char(1) CHARACTER SET utf8mb4 COLLATE utf8mb4_0900_ai_ci DEFAULT '1' COMMENT '数据范围（1：全部数据权限 2：自定数据权限 3：本部门数据权限 4：本部门及以下数据权限）',
  `menu_check_strictly` tinyint(1) DEFAULT '1' COMMENT '菜单树选择项是否关联显示',
  `dept_check_strictly` tinyint(1) DEFAULT '1' COMMENT '部门树选择项是否关联显示',
  `status` char(1) CHARACTER SET utf8mb4 COLLATE utf8mb4_0900_ai_ci NOT NULL COMMENT '角色状态（0正常 1停用）',
  `del_flag` char(1) CHARACTER SET utf8mb4 COLLATE utf8mb4_0900_ai_ci DEFAULT '0' COMMENT '删除标志（0代表存在 2代表删除）',
  `create_by` varchar(64) CHARACTER SET utf8mb4 COLLATE utf8mb4_0900_ai_ci DEFAULT '' COMMENT '创建者',
  `create_time` datetime DEFAULT NULL COMMENT '创建时间',
  `update_by` varchar(64) CHARACTER SET utf8mb4 COLLATE utf8mb4_0900_ai_ci DEFAULT '' COMMENT '更新者',
  `update_time` datetime DEFAULT NULL COMMENT '更新时间',
  `remark` varchar(500) CHARACTER SET utf8mb4 COLLATE utf8mb4_0900_ai_ci DEFAULT NULL COMMENT '备注',
  PRIMARY KEY (`role_id`) USING BTREE
) ENGINE=InnoDB AUTO_INCREMENT=105 DEFAULT CHARSET=utf8mb4 COLLATE=utf8mb4_0900_ai_ci ROW_FORMAT=DYNAMIC COMMENT='角色信息表';
/*!40101 SET character_set_client = @saved_cs_client */;

--
-- Dumping data for table `sys_role`
--

LOCK TABLES `sys_role` WRITE;
/*!40000 ALTER TABLE `sys_role` DISABLE KEYS */;
INSERT INTO `sys_role` VALUES (1,'超级管理员','admin',1,'1',1,1,'0','0','admin','2024-12-24 16:55:22','',NULL,'超级管理员'),(2,'AR端普通用户','ARcommon',2,'2',1,1,'0','0','admin','2024-12-24 16:55:22','admin','2025-05-01 16:08:36','AR端普通用户'),(100,'VR端普通用户','VRcommon',3,'1',1,1,'0','0','admin','2025-01-07 20:34:08','admin','2025-05-01 16:08:48','VR端普通用户'),(101,'校企端普通用户','SCHcommon',4,'1',1,1,'0','0','admin','2025-05-01 11:27:44','admin','2025-05-01 16:08:57','校企端普通用户'),(102,'AR端管理员','ARadmin',5,'1',1,1,'0','0','admin','2025-05-01 16:06:31','admin','2025-05-01 17:06:44',NULL),(103,'VR端管理员','VRadmin',6,'1',1,1,'0','0','admin','2025-05-01 16:07:23','admin','2025-05-01 17:06:50',NULL),(104,'校企端管理员','SCHadmin',7,'1',1,1,'0','0','admin','2025-05-01 16:07:55','admin','2025-05-01 17:06:57',NULL);
/*!40000 ALTER TABLE `sys_role` ENABLE KEYS */;
UNLOCK TABLES;

--
-- Table structure for table `sys_role_dept`
--

DROP TABLE IF EXISTS `sys_role_dept`;
/*!40101 SET @saved_cs_client     = @@character_set_client */;
/*!40101 SET character_set_client = utf8 */;
CREATE TABLE `sys_role_dept` (
  `role_id` bigint NOT NULL COMMENT '角色ID',
  `dept_id` bigint NOT NULL COMMENT '部门ID',
  PRIMARY KEY (`role_id`,`dept_id`) USING BTREE
) ENGINE=InnoDB DEFAULT CHARSET=utf8mb4 COLLATE=utf8mb4_0900_ai_ci ROW_FORMAT=DYNAMIC COMMENT='角色和部门关联表';
/*!40101 SET character_set_client = @saved_cs_client */;

--
-- Dumping data for table `sys_role_dept`
--

LOCK TABLES `sys_role_dept` WRITE;
/*!40000 ALTER TABLE `sys_role_dept` DISABLE KEYS */;
INSERT INTO `sys_role_dept` VALUES (2,100),(2,101),(2,105);
/*!40000 ALTER TABLE `sys_role_dept` ENABLE KEYS */;
UNLOCK TABLES;

--
-- Table structure for table `sys_role_menu`
--

DROP TABLE IF EXISTS `sys_role_menu`;
/*!40101 SET @saved_cs_client     = @@character_set_client */;
/*!40101 SET character_set_client = utf8 */;
CREATE TABLE `sys_role_menu` (
  `role_id` bigint NOT NULL COMMENT '角色ID',
  `menu_id` bigint NOT NULL COMMENT '菜单ID',
  PRIMARY KEY (`role_id`,`menu_id`) USING BTREE
) ENGINE=InnoDB DEFAULT CHARSET=utf8mb4 COLLATE=utf8mb4_0900_ai_ci ROW_FORMAT=DYNAMIC COMMENT='角色和菜单关联表';
/*!40101 SET character_set_client = @saved_cs_client */;

--
-- Dumping data for table `sys_role_menu`
--

LOCK TABLES `sys_role_menu` WRITE;
/*!40000 ALTER TABLE `sys_role_menu` DISABLE KEYS */;
INSERT INTO `sys_role_menu` VALUES (2,2044),(2,2149),(2,2150),(2,2151),(2,2152),(2,2153),(2,2154),(2,2162),(2,2163),(2,2164),(2,2165),(2,2166),(2,2167),(2,2180),(2,2181),(2,2182),(2,2183),(2,2184),(2,2185),(2,2186),(2,2187),(2,2188),(2,2189),(2,2190),(2,2191),(2,2198),(2,2199),(2,2200),(2,2201),(2,2202),(2,2203),(2,2204),(2,2205),(2,2206),(2,2207),(2,2208),(2,2209),(2,2210),(2,2211),(2,2212),(2,2213),(2,2214),(2,2215),(2,2216),(2,2229),(2,2254),(2,2255),(2,2256),(2,2257),(2,2258),(2,2259),(2,2302),(2,2303),(2,2304),(2,2305),(2,2306),(2,2307),(2,2314),(2,2315),(2,2316),(2,2317),(2,2318),(2,2319),(2,2338),(2,2339),(2,2340),(2,2341),(2,2342),(2,2343),(2,2344),(2,2345),(2,2346),(2,2347),(2,2348),(2,2349),(2,2380),(2,2381),(2,2382),(2,2383),(2,2384),(2,2385),(2,2410),(2,2411),(2,2412),(2,2413),(2,2414),(2,2415),(2,2428),(2,2429),(2,2430),(2,2431),(2,2432),(2,2433),(2,2434),(2,2435),(2,2436),(2,2437),(2,2438),(2,2439),(2,2527),(2,2528),(2,2529),(2,2530),(2,2531),(2,2532),(2,2545),(2,2546),(2,2547),(2,2548),(2,2549),(2,2550),(2,2551),(2,2552),(2,2553),(2,2554),(2,2555),(2,2556),(100,2099),(100,2290),(100,2291),(100,2292),(100,2293),(100,2294),(100,2295),(100,2308),(100,2309),(100,2310),(100,2311),(100,2312),(100,2313),(100,2326),(100,2327),(100,2328),(100,2329),(100,2330),(100,2331),(100,2332),(100,2333),(100,2334),(100,2335),(100,2336),(100,2337),(100,2416),(100,2417),(100,2418),(100,2419),(100,2420),(100,2421),(101,2100),(101,2296),(101,2298),(101,2299),(101,2300),(101,2301),(101,2320),(101,2321),(101,2322),(101,2323),(101,2324),(101,2325),(101,2452),(101,2453),(101,2454),(101,2455),(101,2456),(101,2457),(102,2044),(102,2149),(102,2150),(102,2151),(102,2152),(102,2153),(102,2154),(102,2162),(102,2163),(102,2164),(102,2165),(102,2166),(102,2167),(102,2180),(102,2181),(102,2182),(102,2183),(102,2184),(102,2185),(102,2186),(102,2187),(102,2188),(102,2189),(102,2190),(102,2191),(102,2198),(102,2199),(102,2200),(102,2201),(102,2202),(102,2203),(102,2204),(102,2205),(102,2206),(102,2207),(102,2208),(102,2209),(102,2210),(102,2211),(102,2212),(102,2213),(102,2214),(102,2215),(102,2216),(102,2229),(102,2254),(102,2255),(102,2256),(102,2257),(102,2258),(102,2259),(102,2302),(102,2303),(102,2304),(102,2305),(102,2306),(102,2307),(102,2314),(102,2315),(102,2316),(102,2317),(102,2318),(102,2319),(102,2338),(102,2339),(102,2340),(102,2341),(102,2342),(102,2343),(102,2344),(102,2345),(102,2346),(102,2347),(102,2348),(102,2349),(102,2380),(102,2381),(102,2382),(102,2383),(102,2384),(102,2385),(102,2410),(102,2411),(102,2412),(102,2413),(102,2414),(102,2415),(102,2428),(102,2429),(102,2430),(102,2431),(102,2432),(102,2433),(102,2434),(102,2435),(102,2436),(102,2437),(102,2438),(102,2439),(102,2497),(102,2498),(102,2499),(102,2500),(102,2501),(102,2502),(102,2509),(102,2510),(102,2511),(102,2512),(102,2513),(102,2514),(102,2527),(102,2528),(102,2529),(102,2530),(102,2531),(102,2532),(102,2545),(102,2546),(102,2547),(102,2548),(102,2549),(102,2550),(102,2551),(102,2552),(102,2553),(102,2554),(102,2555),(102,2556),(103,2099),(103,2290),(103,2291),(103,2292),(103,2293),(103,2294),(103,2295),(103,2308),(103,2309),(103,2310),(103,2311),(103,2312),(103,2313),(103,2326),(103,2327),(103,2328),(103,2329),(103,2330),(103,2331),(103,2332),(103,2333),(103,2334),(103,2335),(103,2336),(103,2337),(103,2416),(103,2417),(103,2418),(103,2419),(103,2420),(103,2421),(103,2515),(103,2516),(103,2517),(103,2518),(103,2519),(103,2520),(104,2099),(104,2290),(104,2291),(104,2292),(104,2293),(104,2294),(104,2295),(104,2308),(104,2309),(104,2310),(104,2311),(104,2312),(104,2313),(104,2326),(104,2327),(104,2328),(104,2329),(104,2330),(104,2331),(104,2332),(104,2333),(104,2334),(104,2335),(104,2336),(104,2337),(104,2416),(104,2417),(104,2418),(104,2419),(104,2420),(104,2421),(104,2515),(104,2516),(104,2517),(104,2518),(104,2519),(104,2520);
/*!40000 ALTER TABLE `sys_role_menu` ENABLE KEYS */;
UNLOCK TABLES;

--
-- Table structure for table `sys_user`
--

DROP TABLE IF EXISTS `sys_user`;
/*!40101 SET @saved_cs_client     = @@character_set_client */;
/*!40101 SET character_set_client = utf8 */;
CREATE TABLE `sys_user` (
  `user_id` bigint NOT NULL AUTO_INCREMENT COMMENT '用户ID',
  `dept_id` bigint DEFAULT NULL COMMENT '部门ID',
  `user_name` varchar(30) CHARACTER SET utf8mb4 COLLATE utf8mb4_0900_ai_ci NOT NULL COMMENT '用户账号',
  `nick_name` varchar(30) CHARACTER SET utf8mb4 COLLATE utf8mb4_0900_ai_ci NOT NULL COMMENT '用户昵称',
  `user_type` varchar(2) CHARACTER SET utf8mb4 COLLATE utf8mb4_0900_ai_ci DEFAULT '00' COMMENT '用户类型（00系统用户）',
  `email` varchar(50) CHARACTER SET utf8mb4 COLLATE utf8mb4_0900_ai_ci DEFAULT '' COMMENT '用户邮箱',
  `phonenumber` varchar(11) CHARACTER SET utf8mb4 COLLATE utf8mb4_0900_ai_ci DEFAULT '' COMMENT '手机号码',
  `sex` char(1) CHARACTER SET utf8mb4 COLLATE utf8mb4_0900_ai_ci DEFAULT '0' COMMENT '用户性别（0男 1女 2未知）',
  `avatar` varchar(100) CHARACTER SET utf8mb4 COLLATE utf8mb4_0900_ai_ci DEFAULT '' COMMENT '头像地址',
  `password` varchar(100) CHARACTER SET utf8mb4 COLLATE utf8mb4_0900_ai_ci DEFAULT '' COMMENT '密码',
  `status` char(1) CHARACTER SET utf8mb4 COLLATE utf8mb4_0900_ai_ci DEFAULT '0' COMMENT '帐号状态（0正常 1停用）',
  `del_flag` char(1) CHARACTER SET utf8mb4 COLLATE utf8mb4_0900_ai_ci DEFAULT '0' COMMENT '删除标志（0代表存在 2代表删除）',
  `login_ip` varchar(128) CHARACTER SET utf8mb4 COLLATE utf8mb4_0900_ai_ci DEFAULT '' COMMENT '最后登录IP',
  `login_date` datetime DEFAULT NULL COMMENT '最后登录时间',
  `create_by` varchar(64) CHARACTER SET utf8mb4 COLLATE utf8mb4_0900_ai_ci DEFAULT '' COMMENT '创建者',
  `create_time` datetime DEFAULT NULL COMMENT '创建时间',
  `update_by` varchar(64) CHARACTER SET utf8mb4 COLLATE utf8mb4_0900_ai_ci DEFAULT '' COMMENT '更新者',
  `update_time` datetime DEFAULT NULL COMMENT '更新时间',
  `remark` varchar(500) CHARACTER SET utf8mb4 COLLATE utf8mb4_0900_ai_ci DEFAULT NULL COMMENT '备注',
  PRIMARY KEY (`user_id`) USING BTREE
) ENGINE=InnoDB AUTO_INCREMENT=112 DEFAULT CHARSET=utf8mb4 COLLATE=utf8mb4_0900_ai_ci ROW_FORMAT=DYNAMIC COMMENT='用户信息表';
/*!40101 SET character_set_client = @saved_cs_client */;

--
-- Dumping data for table `sys_user`
--

LOCK TABLES `sys_user` WRITE;
/*!40000 ALTER TABLE `sys_user` DISABLE KEYS */;
INSERT INTO `sys_user` VALUES (1,103,'admin','小明','00','xiaoming@163.com','15888888888','1','','$2a$10$7JB720yubVSZvUI0rEqK/.VqGOZTH.ulu33dHOiBE8ByOhJIrdAu2','0','0','127.0.0.1','2025-05-07 10:54:27','admin','2024-12-24 16:55:22','','2025-05-07 10:54:27','管理员'),(2,105,'ry','若依','00','ry@qq.com','15666666666','1','','$2a$10$7JB720yubVSZvUI0rEqK/.VqGOZTH.ulu33dHOiBE8ByOhJIrdAu2','0','2','127.0.0.1','2025-05-01 11:03:26','admin','2024-12-24 16:55:22','','2025-05-01 11:03:26','测试员'),(100,NULL,'lazy','懒酱','00','','','0','','$2a$10$bfxb1pIgr5VGlSi9324Ff.7HkY98ZMqxpnMmqCevfYPwjdZk0IhIO','0','2','127.0.0.1','2025-01-07 20:37:19','admin','2025-01-07 20:37:01','','2025-01-07 20:37:18',NULL),(101,NULL,'yyy','yyy','00','','','0','','$2a$10$IWXTx8hZ42YuNdEFQEKRbObrwlyJNCSdO9Cs5eA5WgqCvIzAMqome','0','2','127.0.0.1','2025-02-12 17:12:44','','2025-02-11 09:05:25','','2025-02-12 17:12:44',NULL),(102,NULL,'ar','普通用户1','00','','','0','','$2a$10$uxz9t/hFCi74tyoT9Uq/De6wOOyIlTFxRXZQgGpM4zhIZYf96KdlK','0','2','127.0.0.1','2025-05-02 17:02:41','admin','2025-05-01 16:09:59','admin','2025-05-06 20:00:01',NULL),(103,NULL,'vr','vr普通用户','00','','','0','','$2a$10$E/DaP76kp4R8LbRzLacOmegmBwoWmAxBlK2C9ppcIedx4lIE7KSBm','0','2','127.0.0.1','2025-05-06 19:55:03','admin','2025-05-01 16:10:22','','2025-05-06 19:55:02',NULL),(104,NULL,'school','校企普通用户','00','','','0','','$2a$10$wMAXTBhPVMjfDix0ogAeKea9qiCVN4xDEqh/CqDxDt4Hyqh/.6Rzy','0','2','',NULL,'admin','2025-05-01 16:10:50','',NULL,NULL),(105,NULL,'aradmin','路西','00','lucy@qq.com','14456523125','1','/profile/avatar/2025/05/07/ideabackground_20250507165007A002.jpeg','$2a$10$W4nUjLAtgZS1tmWTnHKLpOVytg5wkOJWsW0weLrQpUQ4Q3C.eRN2O','0','0','127.0.0.1','2025-05-09 15:56:18','admin','2025-05-01 16:11:24','','2025-05-09 15:56:17',NULL),(106,NULL,'vradmin','vr管理员','00','','','0','','$2a$10$hQnBCEDkBzR0Gl5vzBw0weusbTP6mB4MtCx9t42fwNFt8a0B1zVgS','0','0','',NULL,'admin','2025-05-01 16:11:44','',NULL,NULL),(107,NULL,'schooladmin','校企管理员','00','','','0','','$2a$10$NEt6.Ha6BcD2.m.zsCTfieAXX0vtQcMrHymCpVquVG1B4yaUOR9TC','0','0','',NULL,'admin','2025-05-01 16:12:10','',NULL,NULL),(108,NULL,'普通用户1','lazy','00','','','0','','$2a$10$wZYThmD87Yu3t6n9x8odDOGxIN7B4HgOjH/bGvI0MOZtySm4t9lUq','0','2','',NULL,'admin','2025-05-06 20:01:19','',NULL,NULL),(109,NULL,'lazy','普通用户1','00','','','0','','$2a$10$JhIBUPLRc.57JY9yuIiZze2TJTQTM/1t.PvVv4.TyvmefsX.57aNy','0','0','127.0.0.1','2025-05-06 20:17:57','admin','2025-05-06 20:02:14','admin','2025-05-06 20:17:57',NULL),(110,NULL,'lucy','lucy','00','','','0','','$2a$10$5VjGil8DnxXJUta9AB4A0eF3XLC.VIXxmXFGdOpPAwt1EQ0ieXQJK','0','0','127.0.0.1','2025-05-07 09:40:22','','2025-05-07 09:39:06','','2025-05-07 09:40:22',NULL),(111,NULL,'grass','grass','00','','','0','','$2a$10$EE/01R8HwJvDdILBBvf3teUiIpN9O9dSUQX4RsY76gP2Slvgt4KhO','0','0','127.0.0.1','2025-05-07 09:59:35','','2025-05-07 09:59:01','','2025-05-07 09:59:34',NULL);
/*!40000 ALTER TABLE `sys_user` ENABLE KEYS */;
UNLOCK TABLES;

--
-- Table structure for table `sys_user_post`
--

DROP TABLE IF EXISTS `sys_user_post`;
/*!40101 SET @saved_cs_client     = @@character_set_client */;
/*!40101 SET character_set_client = utf8 */;
CREATE TABLE `sys_user_post` (
  `user_id` bigint NOT NULL COMMENT '用户ID',
  `post_id` bigint NOT NULL COMMENT '岗位ID',
  PRIMARY KEY (`user_id`,`post_id`) USING BTREE
) ENGINE=InnoDB DEFAULT CHARSET=utf8mb4 COLLATE=utf8mb4_0900_ai_ci ROW_FORMAT=DYNAMIC COMMENT='用户与岗位关联表';
/*!40101 SET character_set_client = @saved_cs_client */;

--
-- Dumping data for table `sys_user_post`
--

LOCK TABLES `sys_user_post` WRITE;
/*!40000 ALTER TABLE `sys_user_post` DISABLE KEYS */;
INSERT INTO `sys_user_post` VALUES (1,1);
/*!40000 ALTER TABLE `sys_user_post` ENABLE KEYS */;
UNLOCK TABLES;

--
-- Table structure for table `sys_user_role`
--

DROP TABLE IF EXISTS `sys_user_role`;
/*!40101 SET @saved_cs_client     = @@character_set_client */;
/*!40101 SET character_set_client = utf8 */;
CREATE TABLE `sys_user_role` (
  `user_id` bigint NOT NULL COMMENT '用户ID',
  `role_id` bigint NOT NULL COMMENT '角色ID',
  PRIMARY KEY (`user_id`,`role_id`) USING BTREE
) ENGINE=InnoDB DEFAULT CHARSET=utf8mb4 COLLATE=utf8mb4_0900_ai_ci ROW_FORMAT=DYNAMIC COMMENT='用户和角色关联表';
/*!40101 SET character_set_client = @saved_cs_client */;

--
-- Dumping data for table `sys_user_role`
--

LOCK TABLES `sys_user_role` WRITE;
/*!40000 ALTER TABLE `sys_user_role` DISABLE KEYS */;
INSERT INTO `sys_user_role` VALUES (1,1),(105,102),(107,104),(109,100),(110,100),(111,100);
/*!40000 ALTER TABLE `sys_user_role` ENABLE KEYS */;
UNLOCK TABLES;

--
-- Table structure for table `tb_course`
--

DROP TABLE IF EXISTS `tb_course`;
/*!40101 SET @saved_cs_client     = @@character_set_client */;
/*!40101 SET character_set_client = utf8 */;
CREATE TABLE `tb_course` (
  `id` bigint NOT NULL AUTO_INCREMENT COMMENT '课程id',
  `code` varchar(32) CHARACTER SET utf8mb3 COLLATE utf8mb3_bin DEFAULT NULL COMMENT '课程编码',
  `subject` varchar(32) CHARACTER SET utf8mb3 COLLATE utf8mb3_bin DEFAULT NULL COMMENT '课程学科',
  `name` varchar(64) CHARACTER SET utf8mb3 COLLATE utf8mb3_bin DEFAULT NULL COMMENT '课程名称',
  `price` int DEFAULT NULL COMMENT '价格（元）',
  `applicable_person` varchar(32) CHARACTER SET utf8mb3 COLLATE utf8mb3_bin DEFAULT NULL COMMENT '适用人群',
  `info` varchar(255) CHARACTER SET utf8mb3 COLLATE utf8mb3_bin DEFAULT NULL COMMENT '课程介绍',
  `create_time` timestamp NULL DEFAULT CURRENT_TIMESTAMP COMMENT '创建时间',
  `update_time` timestamp NULL DEFAULT NULL COMMENT '更新时间',
  PRIMARY KEY (`id`) USING BTREE
) ENGINE=InnoDB AUTO_INCREMENT=7 DEFAULT CHARSET=utf8mb3 COLLATE=utf8mb3_bin ROW_FORMAT=DYNAMIC COMMENT='课程管理';
/*!40101 SET character_set_client = @saved_cs_client */;

--
-- Dumping data for table `tb_course`
--

LOCK TABLES `tb_course` WRITE;
/*!40000 ALTER TABLE `tb_course` DISABLE KEYS */;
INSERT INTO `tb_course` VALUES (1,'cp123456','javaEE','JavaSE基础',199,'小白学员','JavaSE基础','2024-04-20 09:57:35','2024-04-20 09:57:35'),(2,'cp123457','javaEE','JavaWeb',188,'初级开发者','JavaWeb','2024-04-20 09:57:35','2024-04-20 09:57:35'),(3,'cp123458','Python+大数据','Python入门',555,'小白学员','Python入门','2024-04-20 09:57:35','2024-04-20 09:57:35'),(4,'cp123459','Python+大数据','PythonWeb',88,'初级开发者','PythonWeb','2024-04-20 09:57:35','2024-04-20 09:57:35'),(5,'cp123460','鸿蒙应用开发','鸿蒙入门',99,'小白学员','鸿蒙入门','2024-04-20 09:57:35','2024-04-20 09:57:35');
/*!40000 ALTER TABLE `tb_course` ENABLE KEYS */;
UNLOCK TABLES;

--
-- Table structure for table `vr_applications`
--

DROP TABLE IF EXISTS `vr_applications`;
/*!40101 SET @saved_cs_client     = @@character_set_client */;
/*!40101 SET character_set_client = utf8 */;
CREATE TABLE `vr_applications` (
  `app_id` int NOT NULL AUTO_INCREMENT,
  `app_name` varchar(255) NOT NULL,
  `description` text,
  `version` varchar(50) NOT NULL,
  `release_date` date NOT NULL,
  PRIMARY KEY (`app_id`)
) ENGINE=InnoDB AUTO_INCREMENT=4 DEFAULT CHARSET=utf8mb4 COLLATE=utf8mb4_0900_ai_ci;
/*!40101 SET character_set_client = @saved_cs_client */;

--
-- Dumping data for table `vr_applications`
--

LOCK TABLES `vr_applications` WRITE;
/*!40000 ALTER TABLE `vr_applications` DISABLE KEYS */;
/*!40000 ALTER TABLE `vr_applications` ENABLE KEYS */;
UNLOCK TABLES;

--
-- Table structure for table `vr_carrier`
--

DROP TABLE IF EXISTS `vr_carrier`;
/*!40101 SET @saved_cs_client     = @@character_set_client */;
/*!40101 SET character_set_client = utf8 */;
CREATE TABLE `vr_carrier` (
  `carrier_id` int NOT NULL AUTO_INCREMENT,
  `carrier_name` varchar(255) CHARACTER SET utf8mb4 COLLATE utf8mb4_0900_ai_ci DEFAULT NULL,
  `carrier_type` int NOT NULL,
  `status` varchar(50) CHARACTER SET utf8mb4 COLLATE utf8mb4_0900_ai_ci NOT NULL DEFAULT '0',
  `specifications` text CHARACTER SET utf8mb4 COLLATE utf8mb4_0900_ai_ci,
  `exhibit_zone_id` int DEFAULT NULL,
  `showroom_id` varchar(50) DEFAULT NULL,
  PRIMARY KEY (`carrier_id`) USING BTREE,
  KEY `exhibit_zone_id` (`exhibit_zone_id`) USING BTREE,
  CONSTRAINT `vr_carrier_ibfk_1` FOREIGN KEY (`exhibit_zone_id`) REFERENCES `vr_exhibit_zone` (`exhibit_zone_id`) ON DELETE RESTRICT ON UPDATE RESTRICT
) ENGINE=InnoDB AUTO_INCREMENT=76 DEFAULT CHARSET=utf8mb4 COLLATE=utf8mb4_0900_ai_ci ROW_FORMAT=DYNAMIC;
/*!40101 SET character_set_client = @saved_cs_client */;

--
-- Dumping data for table `vr_carrier`
--

LOCK TABLES `vr_carrier` WRITE;
/*!40000 ALTER TABLE `vr_carrier` DISABLE KEYS */;
INSERT INTO `vr_carrier` VALUES (1,'中型展板01',1,'1','B01',1,NULL),(2,'中型展板02',1,'1','B01',1,NULL),(3,'中型展板03',0,'1','B01',1,NULL),(4,'大型展板01',0,'1','B00',1,NULL),(5,'大型展板02',0,'1','B00',1,NULL),(6,'大型展板03',0,'1','B00',1,NULL),(7,'大型展板04',0,'1','B00',1,NULL),(8,'大型展板05',0,'0','B00',1,NULL),(9,'大型展板06',0,'0','B00',1,NULL),(10,'中型展板04',0,'1','B01',2,NULL),(11,'中型展板05',0,'1','B01',2,NULL),(12,'中型展板06',0,'1','B01',2,NULL),(13,'大型展板07',0,'1','B00',2,NULL),(14,'大型展板07',0,'1','B00',2,NULL),(15,'中型展板08',0,'0','B01',2,NULL),(16,'中型展板09',0,'0','B01',2,NULL),(17,'中型展板10',0,'0','B01',2,NULL),(18,'中型展板11',0,'1','B01',3,NULL),(19,'中型展板12',0,'1','B01',3,NULL),(20,'大型展板08',0,'1','B00',3,NULL),(21,'大型展板09',0,'1','B00',3,NULL),(22,'大型展板10',0,'0','B00',3,NULL),(23,'大型展板11',0,'0','B00',3,NULL),(24,'中型展板12',0,'1','B01',4,NULL),(25,'中型展板13',0,'1','B01',4,NULL),(26,'中型展板14',0,'1','B01',4,NULL),(27,'中型展板15',0,'1','B01',4,NULL),(28,'大型展板12',0,'1','B00',4,NULL),(29,'大型展板13',0,'1','B00',4,NULL),(30,'大型展板14',0,'1','B00',4,NULL),(31,'中型展板16',0,'0','B01',4,NULL),(32,'大型展板15',0,'0','B00',4,NULL),(33,'大型展板16',0,'0','B00',4,NULL);
/*!40000 ALTER TABLE `vr_carrier` ENABLE KEYS */;
UNLOCK TABLES;

--
-- Table structure for table `vr_content`
--

DROP TABLE IF EXISTS `vr_content`;
/*!40101 SET @saved_cs_client     = @@character_set_client */;
/*!40101 SET character_set_client = utf8 */;
CREATE TABLE `vr_content` (
  `vr_content_id` int NOT NULL AUTO_INCREMENT,
  `name` varchar(255) CHARACTER SET utf8mb4 COLLATE utf8mb4_0900_ai_ci NOT NULL,
  `category` varchar(255) CHARACTER SET utf8mb4 COLLATE utf8mb4_0900_ai_ci NOT NULL,
  `file_url` varchar(500) CHARACTER SET utf8mb4 COLLATE utf8mb4_0900_ai_ci NOT NULL,
  `description` text CHARACTER SET utf8mb4 COLLATE utf8mb4_0900_ai_ci,
  `usage_status` varchar(50) CHARACTER SET utf8mb4 COLLATE utf8mb4_0900_ai_ci DEFAULT '0',
  `carrier_id` int DEFAULT NULL,
  `work_id` int DEFAULT NULL,
  `created_at` timestamp NULL DEFAULT CURRENT_TIMESTAMP,
  `updated_at` timestamp NULL DEFAULT CURRENT_TIMESTAMP ON UPDATE CURRENT_TIMESTAMP,
  PRIMARY KEY (`vr_content_id`) USING BTREE,
  KEY `carrier_id` (`carrier_id`) USING BTREE,
  KEY `work_id` (`work_id`) USING BTREE,
  CONSTRAINT `vr_content_ibfk_1` FOREIGN KEY (`carrier_id`) REFERENCES `vr_carrier` (`carrier_id`) ON DELETE RESTRICT ON UPDATE RESTRICT,
  CONSTRAINT `vr_content_ibfk_2` FOREIGN KEY (`work_id`) REFERENCES `work` (`work_id`) ON DELETE RESTRICT ON UPDATE RESTRICT
) ENGINE=InnoDB AUTO_INCREMENT=223 DEFAULT CHARSET=utf8mb4 COLLATE=utf8mb4_0900_ai_ci ROW_FORMAT=DYNAMIC;
/*!40101 SET character_set_client = @saved_cs_client */;

--
-- Dumping data for table `vr_content`
--

LOCK TABLES `vr_content` WRITE;
/*!40000 ALTER TABLE `vr_content` DISABLE KEYS */;
INSERT INTO `vr_content` VALUES (1,'“任意门”---为生活添彩的可移动便携折叠球门的创新应用','图片','Assets/StuSystem/SchoolEnterprise/chuangxinanli/renyimen/1.png，2.png，3.png，4.png','任意门','0',13,1,'2025-01-24 09:32:11','2025-04-30 02:27:22'),(2,'“守潮艺·匠汕心”之潮韵茶旅','图片','Assets/StuSystem/SchoolEnterprise/chuangxinanli/chaoyunchalv/1.png，2.png','潮韵茶旅','0',10,2,'2025-04-29 08:00:11','2025-04-30 02:28:05'),(3,'石湾非遗陶塑融合AIGC：重塑传统，创新驱动文化新篇章','图片','Assets/StuSystem/SchoolEnterprise/chuangxinanli/zhitaoxinyun/1.png，2.png，3.png，4.png','陶塑融合','0',14,3,'2025-04-29 08:00:11','2025-04-30 02:30:43'),(4,'AI,小冈———革命老区的数智化“AI代言人”','图片','Assets/StuSystem/SchoolEnterprise/chuangxinanli/AIxiaogang/1.png，2.png，3.png，4.png','AI,小冈','0',28,4,'2025-04-29 08:00:11','2025-04-30 02:30:43'),(5,'变废为宝“纱”里淘金，走绿色可循环发展道路','图片','Assets/StuSystem/SchoolEnterprise/chuangxinanli/mopin/1.png，2.png，4.png，5.png','变废为宝','0',20,5,'2025-04-29 08:00:11','2025-04-30 02:30:43'),(6,'“智慧大棚”-农业智慧转型的引领者 创业实践案例 ','图片','Assets/StuSystem/SchoolEnterprise/chuangxinanli/zhihuidapeng/1.png，2.png','智慧大棚','0',1,6,'2025-04-29 08:00:11','2025-04-30 02:30:43'),(7,'绮彩智纺——数智化创新赋能传统纺织行业升级转型','图片','Assets/StuSystem/SchoolEnterprise/chuangxinanli/qicaizhifang/1.png，2.png','绮彩智纺','0',18,7,'2025-04-29 08:00:11','2025-04-30 02:30:43'),(8,'新型排污防堵井盖-雨天人民的“守护者”','图片','Assets/StuSystem/SchoolEnterprise/chuangxinanli/jingai/1.png，2.png','新型排污防堵井盖','0',24,8,'2025-04-29 08:00:11','2025-04-30 02:30:43'),(9,'美育“童”行——赋能乡村儿童美育','图片','Assets/StuSystem/SchoolEnterprise/chuangxinanli/meiyutongxing/1.png，2.png，3.png，4.png','赋能乡村儿童美育','0',29,9,'2025-04-29 08:00:11','2025-04-30 02:30:43'),(10,'脊不可待——做脊柱侧弯矫形衣的智能革新者','图片','Assets/StuSystem/SchoolEnterprise/chuangxinanli/jibukedai/1.png，2.png','脊不可待','0',2,10,'2025-04-29 08:00:11','2025-04-30 02:30:43'),(11,'双语援童梦——助力乡村教育公益发展践行者','图片','Assets/StuSystem/SchoolEnterprise/chuangxinanli/shuangyuyuantongmeng/1.png，2.png','双语援童梦','0',25,11,'2025-04-29 08:00:11','2025-04-30 02:30:43'),(12,'“绿盾计划”——绿水青山守护者项目创业实践案例','图片','Assets/StuSystem/SchoolEnterprise/chuangxinanli/shouhuzhe/1.png，2.png，3.png，4.png','绿盾计划','0',30,12,'2025-04-29 08:00:11','2025-04-30 02:30:43'),(13,'“小汽车大梦想”——新能源汽车科普工坊','图片','Assets/StuSystem/SchoolEnterprise/chuangxinanli/xiaoqichedamengxiang/1.png，2.png，3.png，4.png','小汽车大梦想','0',7,13,'2025-04-29 08:00:11','2025-04-30 02:30:43'),(14,'制柚为“油”飘香梅州，用精油助力乡村振兴','图片','Assets/StuSystem/SchoolEnterprise/chuangxinanli/youtixinnong/1.png，2.png','制柚为“油”','0',19,14,'2025-04-29 08:00:11','2025-04-30 02:30:43'),(15,'创造美丽乡村，艺术兴村富民','图片','Assets/StuSystem/SchoolEnterprise/chuangxinanli/huichuangzaomei/1.png，2.png','创造美丽乡村','0',26,15,'2025-04-29 08:00:11','2025-04-30 02:30:43'),(16,'独具一革项目创业实践案例','图片','Assets/StuSystem/SchoolEnterprise/chuangxinanli/dujuyige/1.png，2.png，3.png，4.png','独具一革','0',21,16,'2025-04-29 08:00:11','2025-04-30 02:30:43'),(17,'智新生物菌剂——铸造科技治污强国','图片','Assets/StuSystem/SchoolEnterprise/chuangxinanli/zhixinshengwu/1.png，2.png','智新生物菌剂','0',3,17,'2025-04-29 08:00:11','2025-04-30 02:30:43'),(18,'恒准久控','图片','Assets/StuSystem/SchoolEnterprise/chuangxinanli/hengzhunjiukong/1.png，2.png','恒准久控','0',4,18,'2025-04-29 08:00:11','2025-04-30 02:30:43'),(19,'纤丝结网——开启深海网箱新纪元','图片','Assets/StuSystem/SchoolEnterprise/chuangxinanli/qiansijiewang/1.png，2.png','纤丝结网','0',5,19,'2025-04-29 08:00:11','2025-04-30 02:30:43'),(20,'用科技创新引领社会福祉进步，实现双重突破','图片','Assets/StuSystem/SchoolEnterprise/chuangxinanli/shuzhianxing/1.png，2.png','数智安行','0',27,20,'2025-04-29 08:00:11','2025-04-30 02:30:43'),(21,'滴水不沾——持续强化“双创”教育，坚持创新攻坚之路','图片','Assets/StuSystem/SchoolEnterprise/chuangxinanli/dishuibuzhan/1.png，2.png','滴水不沾','0',11,21,'2025-04-29 08:00:11','2025-04-30 02:30:43'),(22,'项目赋能创新创业教育发展   擦亮双创教育“底色”','图片','Assets/StuSystem/SchoolEnterprise/chuangxinanli/anranwuyang/1.png，2.png','安然无恙','0',12,22,'2025-04-29 08:00:11','2025-04-30 02:30:43');
/*!40000 ALTER TABLE `vr_content` ENABLE KEYS */;
UNLOCK TABLES;

--
-- Table structure for table `vr_exhibit_zone`
--

DROP TABLE IF EXISTS `vr_exhibit_zone`;
/*!40101 SET @saved_cs_client     = @@character_set_client */;
/*!40101 SET character_set_client = utf8 */;
CREATE TABLE `vr_exhibit_zone` (
  `exhibit_zone_id` int NOT NULL AUTO_INCREMENT,
  `exhibit_zone_name` varchar(255) CHARACTER SET utf8mb4 COLLATE utf8mb4_0900_ai_ci NOT NULL,
  `description` text CHARACTER SET utf8mb4 COLLATE utf8mb4_0900_ai_ci NOT NULL,
  `showroom_id` int DEFAULT NULL,
  PRIMARY KEY (`exhibit_zone_id`) USING BTREE,
  UNIQUE KEY `vr_exhibit_zone_exhibit_zone_name_uindex` (`exhibit_zone_name`) USING BTREE,
  KEY `showroom_id` (`showroom_id`) USING BTREE,
  CONSTRAINT `vr_exhibit_zone_ibfk_1` FOREIGN KEY (`showroom_id`) REFERENCES `vr_showroom` (`showroom_id`) ON DELETE RESTRICT ON UPDATE RESTRICT
) ENGINE=InnoDB AUTO_INCREMENT=10 DEFAULT CHARSET=utf8mb4 COLLATE=utf8mb4_0900_ai_ci ROW_FORMAT=DYNAMIC;
/*!40101 SET character_set_client = @saved_cs_client */;

--
-- Dumping data for table `vr_exhibit_zone`
--

LOCK TABLES `vr_exhibit_zone` WRITE;
/*!40000 ALTER TABLE `vr_exhibit_zone` DISABLE KEYS */;
INSERT INTO `vr_exhibit_zone` VALUES (1,'科技创新','学生团队聚焦于科学研究与技术开发，通过新的科学发现、技术发明、产品创新和工艺改进，推动生产力发展和社会进步，是驱动现代社会发展的核心动力。',5),(2,'文旅创意','融合文化、旅游与创意设计，挖掘地方特色文化资源，将文化元素与旅游体验深度结合，创造出新颖的文化旅游产品和服务，提升文化传播力和旅游吸引力。',5),(3,'社会创新','关注社会问题的解决，通过创新的理念、模式和方法，整合社会资源，满足社会需求，推动社会公平与可持续发展。',5),(4,'产业创新','围绕产业发展进行变革与突破，包括产业结构调整、商业模式创新、产业链优化等，提升产业竞争力和附加值，推动产业升级转型。',5);
/*!40000 ALTER TABLE `vr_exhibit_zone` ENABLE KEYS */;
UNLOCK TABLES;

--
-- Table structure for table `vr_material`
--

DROP TABLE IF EXISTS `vr_material`;
/*!40101 SET @saved_cs_client     = @@character_set_client */;
/*!40101 SET character_set_client = utf8 */;
CREATE TABLE `vr_material` (
  `vr_material_id` int NOT NULL AUTO_INCREMENT,
  `name` varchar(255) CHARACTER SET utf8mb4 COLLATE utf8mb4_0900_ai_ci NOT NULL,
  `category` enum('文本','图片','动画','声音和视频','3D模型','VR场景') CHARACTER SET utf8mb4 COLLATE utf8mb4_0900_ai_ci NOT NULL,
  `file_url` varchar(500) CHARACTER SET utf8mb4 COLLATE utf8mb4_0900_ai_ci NOT NULL,
  `description` text CHARACTER SET utf8mb4 COLLATE utf8mb4_0900_ai_ci,
  `scene_id` int NOT NULL,
  PRIMARY KEY (`vr_material_id`) USING BTREE,
  KEY `scene_id` (`scene_id`) USING BTREE,
  CONSTRAINT `vr_material_ibfk_1` FOREIGN KEY (`scene_id`) REFERENCES `vr_scene` (`scene_id`) ON DELETE RESTRICT ON UPDATE RESTRICT
) ENGINE=InnoDB AUTO_INCREMENT=17 DEFAULT CHARSET=utf8mb4 COLLATE=utf8mb4_0900_ai_ci ROW_FORMAT=DYNAMIC;
/*!40101 SET character_set_client = @saved_cs_client */;

--
-- Dumping data for table `vr_material`
--

LOCK TABLES `vr_material` WRITE;
/*!40000 ALTER TABLE `vr_material` DISABLE KEYS */;
INSERT INTO `vr_material` VALUES (1,'成品膜片','3D模型','Assets/models/成品膜片.SLDASM','成品膜片装配体3D模型',3),(2,'承烧板&膜片','3D模型','Assets/models/承烧板&膜片.SLDASM','承烧板与膜片装配体的3D模型',3),(3,'捏合机','3D模型','Assets/models/捏合机.SLDASM','捏合机装配体的3D模型',3),(4,'装卸窑夹具','3D模型','Assets/models/装卸窑夹具.SLDASM','装配体的3D模型',3),(5,'膜片上下料夹具','3D模型','Assets/models/膜片上下料夹具.SLDPRT','膜片上下料夹具零件的3D模型',3),(6,'毛毡板','3D模型','Assets/models/毛毡板.SLDPRT','毛毡板零件的3D模型',3),(7,'膜片','3D模型','Assets/models/膜片.SLDPRT','膜片零件的3D模型',3),(8,'毛毡板&膜片整体','3D模型','Assets/models/毛毡板&膜片整体.SLDASM','毛毡板&膜片装配体的3D模型',3),(9,'膜片承接机构','3D模型','Assets/models/膜片承接机构.SLDASM','膜片承接机构装配体的3D模型',3),(10,'原料上料机器人','3D模型','Assets/models/原料上料机器人.SLDASM','原料上料机器人装配体的3D模型',3),(11,'窑车','3D模型','Assets/models/窑车.SLDASM','窑车装配体的3D模型',3),(12,'皮带输送线','3D模型','Assets/models/皮带输送线.SLDASM','皮带输送线装配体的3D模型',3),(13,'挤出机','3D模型','Assets/models/挤出机.SLDASM','挤出机装配体的3D模型',3),(14,'泥坯料','3D模型','Assets/models/泥坯料.SLDPRT','泥坯料的3D模型',3),(15,'泥坯料箱','3D模型','Assets/models/泥坯料箱.SLDASM','泥坯料箱装配体的3D模型',3),(16,'AGV小车','3D模型','Assets/models/AGV小车.SLDASM','AGV小车装配体的3D模型',3);
/*!40000 ALTER TABLE `vr_material` ENABLE KEYS */;
UNLOCK TABLES;

--
-- Table structure for table `vr_scene`
--

DROP TABLE IF EXISTS `vr_scene`;
/*!40101 SET @saved_cs_client     = @@character_set_client */;
/*!40101 SET character_set_client = utf8 */;
CREATE TABLE `vr_scene` (
  `scene_id` int NOT NULL AUTO_INCREMENT,
  `scene_name` varchar(255) CHARACTER SET utf8mb4 COLLATE utf8mb4_0900_ai_ci DEFAULT NULL,
  `file_url` varchar(255) CHARACTER SET utf8mb4 COLLATE utf8mb4_0900_ai_ci DEFAULT NULL,
  `description` text CHARACTER SET utf8mb4 COLLATE utf8mb4_0900_ai_ci,
  `case_id` int DEFAULT NULL,
  PRIMARY KEY (`scene_id`) USING BTREE,
  KEY `case_id` (`case_id`) USING BTREE,
  CONSTRAINT `vr_scene_ibfk_1` FOREIGN KEY (`case_id`) REFERENCES `cooperation_case` (`case_id`) ON DELETE RESTRICT ON UPDATE RESTRICT
) ENGINE=InnoDB AUTO_INCREMENT=4 DEFAULT CHARSET=utf8mb4 COLLATE=utf8mb4_0900_ai_ci ROW_FORMAT=DYNAMIC;
/*!40101 SET character_set_client = @saved_cs_client */;

--
-- Dumping data for table `vr_scene`
--

LOCK TABLES `vr_scene` WRITE;
/*!40000 ALTER TABLE `vr_scene` DISABLE KEYS */;
INSERT INTO `vr_scene` VALUES (3,'板式陶瓷膜工厂VR场景','Assets/VRScene/CMFactory.fbx','“板式陶瓷膜工厂 VR 场景” 基于虚拟现实技术构建，为用户提供沉浸式的工厂参观体验。该场景采用 360 度全景视角，完整呈现板式陶瓷膜生产基地的各个区域。',6);
/*!40000 ALTER TABLE `vr_scene` ENABLE KEYS */;
UNLOCK TABLES;

--
-- Table structure for table `vr_showroom`
--

DROP TABLE IF EXISTS `vr_showroom`;
/*!40101 SET @saved_cs_client     = @@character_set_client */;
/*!40101 SET character_set_client = utf8 */;
CREATE TABLE `vr_showroom` (
  `showroom_id` int NOT NULL AUTO_INCREMENT,
  `showroom_name` varchar(255) CHARACTER SET utf8mb4 COLLATE utf8mb4_0900_ai_ci NOT NULL,
  `description` text CHARACTER SET utf8mb4 COLLATE utf8mb4_0900_ai_ci NOT NULL,
  PRIMARY KEY (`showroom_id`) USING BTREE,
  UNIQUE KEY `vr_showroom_showroom_name_uindex` (`showroom_name`) USING BTREE
) ENGINE=InnoDB AUTO_INCREMENT=6 DEFAULT CHARSET=utf8mb4 COLLATE=utf8mb4_0900_ai_ci ROW_FORMAT=DYNAMIC;
/*!40101 SET character_set_client = @saved_cs_client */;

--
-- Dumping data for table `vr_showroom`
--

LOCK TABLES `vr_showroom` WRITE;
/*!40000 ALTER TABLE `vr_showroom` DISABLE KEYS */;
INSERT INTO `vr_showroom` VALUES (5,'广职院学生作品展厅','广东职业技术学院学生作品数字展厅是展示该校学生学习成果的重要平台。展厅陈列作品覆盖科技创新、文旅创意、社会创新和产业创新等多个领域，全面呈现学生创新创业实践成果。\n展厅内的作品均来自学生课程作业、实践项目与竞赛成果，是学院 “产教融合、创新育人” 教学模式下的产物，集中体现了广东职业技术学院学生的专业素养与实践水平。');
/*!40000 ALTER TABLE `vr_showroom` ENABLE KEYS */;
UNLOCK TABLES;

--
-- Table structure for table `warehouse_zone`
--

DROP TABLE IF EXISTS `warehouse_zone`;
/*!40101 SET @saved_cs_client     = @@character_set_client */;
/*!40101 SET character_set_client = utf8 */;
CREATE TABLE `warehouse_zone` (
  `zone_id` int NOT NULL AUTO_INCREMENT,
  `name` varchar(255) CHARACTER SET utf8mb4 COLLATE utf8mb4_0900_ai_ci DEFAULT NULL,
  `description` text CHARACTER SET utf8mb4 COLLATE utf8mb4_0900_ai_ci,
  `factory_id` int DEFAULT NULL,
  PRIMARY KEY (`zone_id`) USING BTREE,
  KEY `factory_id` (`factory_id`) USING BTREE,
  CONSTRAINT `warehouse_zone_ibfk_1` FOREIGN KEY (`factory_id`) REFERENCES `factory` (`factory_id`) ON DELETE RESTRICT ON UPDATE RESTRICT
) ENGINE=InnoDB AUTO_INCREMENT=9 DEFAULT CHARSET=utf8mb4 COLLATE=utf8mb4_0900_ai_ci ROW_FORMAT=DYNAMIC;
/*!40101 SET character_set_client = @saved_cs_client */;

--
-- Dumping data for table `warehouse_zone`
--

LOCK TABLES `warehouse_zone` WRITE;
/*!40000 ALTER TABLE `warehouse_zone` DISABLE KEYS */;
INSERT INTO `warehouse_zone` VALUES (5,'材料库区一','存放粉料原材料',8),(6,'材料库区二','存放液体原材料',8),(7,'成品区','存放陶瓷膜成品',8);
/*!40000 ALTER TABLE `warehouse_zone` ENABLE KEYS */;
UNLOCK TABLES;

--
-- Table structure for table `work`
--

DROP TABLE IF EXISTS `work`;
/*!40101 SET @saved_cs_client     = @@character_set_client */;
/*!40101 SET character_set_client = utf8 */;
CREATE TABLE `work` (
  `work_id` int NOT NULL AUTO_INCREMENT,
  `title` varchar(255) CHARACTER SET utf8mb4 COLLATE utf8mb4_0900_ai_ci NOT NULL,
  `authors` text CHARACTER SET utf8mb4 COLLATE utf8mb4_0900_ai_ci NOT NULL,
  `instructor` varchar(255) CHARACTER SET utf8mb4 COLLATE utf8mb4_0900_ai_ci NOT NULL,
  `award_info` text CHARACTER SET utf8mb4 COLLATE utf8mb4_0900_ai_ci NOT NULL,
  `description` text CHARACTER SET utf8mb4 COLLATE utf8mb4_0900_ai_ci NOT NULL,
  PRIMARY KEY (`work_id`) USING BTREE
) ENGINE=InnoDB AUTO_INCREMENT=112 DEFAULT CHARSET=utf8mb4 COLLATE=utf8mb4_0900_ai_ci ROW_FORMAT=DYNAMIC;
/*!40101 SET character_set_client = @saved_cs_client */;

--
-- Dumping data for table `work`
--

LOCK TABLES `work` WRITE;
/*!40000 ALTER TABLE `work` DISABLE KEYS */;
INSERT INTO `work` VALUES (1,'“任意门”---为生活添彩的可移动便携折叠球门的创新应用','张三, 李四, 王五','赵六','获得校级科技创新大赛一等奖','“为生活添彩，为生活减污”的可移动便携折叠球门，旨在响应国家发布的一系列政策的号召，完善体育设施设备，改善在足球运动过程中所出现的一些污染环境问题，解决体育用地紧张、解决体育设施设备不足所导致的一系列锻炼身体健康教育问题；通过独特的设计和先进的生产技术，我们为在打破传统球门在运输、存储和使用上的限制，为满足现代社会对足球球门便携性、灵活性和耐用性的需求，为体育设施行业带来一场革新，为可持续发展战略注入青春活力。项目团队负责人严升婷在大一期间接触到了大学生创新创业大赛，对此产生了浓厚的兴趣，并带领项目团队成员投入了大量的精力和时间在项目的实用性、便携性中进行实验，得到了许多不同年龄段的实验者的喜爱。'),(2,'“守潮艺·匠汕心”之潮韵茶旅','陈小明, 李大华, 王小丽','张教授','荣获全国大学生创新设计竞赛二等奖','一、创业项目简介\n项目名称：“守潮艺·匠汕心”之潮韵茶旅新生项目\n核心定位：以潮汕非遗茶文化为核心，创新打造年轻人钟爱的专属潮汕茶品牌。\n项目目标：深刻洞察年轻人茶饮喜好，直面潮汕茶叶滞销挑战，通过线上平台实现茶农与消费者的直接连接，推动潮汕茶文化的传承与发展。\n主要创新点：\n1.商业模式创新：引入线上平台认领专属茶田模式，为茶农提供稳定销售渠道，为消费者提供独特茶文化体验。\n2.文化融合与产品创新：结合传统潮汕茶文化与现代奶茶文化，研发健康、符合年轻人口味的茶饮品及文创产品。\n3.个性化服务与情感连接：每批茶叶附带老茶农情感与故事，赋予产品情感价值。\n4.互动体验与消费升级：推出茶叶盲盒，提供寻宝般消费体验，吸引年轻消费群体。\n5.科技助力文化传承：利用现代科技手段对茶文化进行数字化展示和传播。\n\n二、创业负责人经历简述\n项目负责人陈家欣，不仅自己全身心投入到这个项目中，还带动了教育学院的张景榕、黄卫铃、马铃、卓少雄、杨蕙榕一同投入推广茶叶的新兴产业中。他们共同致力于将传统潮汕茶文化与现代元素相结合，为年轻人带来全新的茶饮体验。\n\n三、创业项目成效成果\n成功打造年轻人钟爱的专属潮汕茶品牌，通过线上平台实现茶农与消费者的直接连接，为茶农提供了稳定的销售渠道。研发出既健康又符合年轻人口味的茶饮品及文创产品，深受市场欢迎，有效提升了潮汕茶文化的知名度和影响力。通过个性化服务与情感连接，增强了消费者对潮汕茶文化的认同感和归属感。推出茶叶盲盒等互动性强的营销方式，有效吸引了年轻消费群体的关注和参与，提升了品牌的市场竞争力。利用现代科技手段对茶文化进行数字化展示和传播，为传统文化的传承与发展注入了新的活力，推动了潮汕茶文化的广泛传播与创新发展。'),(3,'石湾非遗陶塑融合AIGC：重塑传统，创新驱动文化新篇章','无','0','0','在深入贯彻《党的二十大报告》习近平总书记关于“推进文化自信自强”这一重要指示精神的背景下，广东职业技术学院《智陶新蕴——AIGC引领非遗陶塑，焕发时代光彩》创新创业项目团队，依托艺术设计学院特殊的地理位置与前沿的科技资源，积极探索传统非遗与现代AIGC（人工智能生成内容）技术的融合之路，旨在通过科技创新为石湾陶塑这一国家级非物质文化遗产注入新活力，推动传统文化的传承与发展，同时提升在校大学生的创新创业能力，促进其全面发展。\n石湾陶塑，以其独特的艺术风格与精湛的工艺技术闻名遐迩，是岭南文化的重要组成部分。然而，面对快速变化的市场需求和消费者偏好的多元化，传统陶塑艺术面临着传承难、创新乏力的挑战。为此，《智陶新蕴》项目团队勇于创新，将AIGC技术引入石湾陶塑的创作与设计之中，通过人工智能算法辅助设计、大数据分析用户偏好、虚拟现实技术预览作品等方式，实现传统技艺与现代科技的深度融合。项目历经数年的研究与实践，团队攻克了多项技术难关，采用”AIGC技术+CMF设计理论+非遗陶塑“的创新模式，运用AI创新点：文生图、图转图、图生文、图生视频的功能，解决石湾陶塑行业的痛点。项目已落地到佛山朋古映像文化创意有限公司、佛山市陌尘文化传播有限公司等，为企业带来68万的增收，带动佛山当地的文化旅游业，累计节省人工成本约100万元，获得专利七项，软著一项，并且促进佛山陶瓷文化和区域文化品牌的传播，彰显佛山的文化底蕴，最终实现佛山文化建设与经济发展双赢。\n   项目负责人潘瑞鸿为广东职业技术学院艺术设计学院学生，有着丰富的区域文化振兴类项目策划经历，参与《基于微服务架构的非遗数字化传承平台研究与实践——以连南瑶族自治县瑶绣传承与保护为例》的撰写，已被龙源期刊网、《中国核心期刊（遴选）数据库》收录，目前于信息工程学院AI思维工作室担任策划部部长一职，带领同学跨学院合作。在她的带领下，项目成果丰硕。截至目前，已申请并获得多项专利与软件著作权《陶塑研究数据收集管理系统》，成功申报广东省科技创新战略专项资金暨攀登计划立项《传统手工艺与AIGC结合的应用研究——以佛山传统手工艺陶瓷为例》，大学生创新创业立项《智绘陶魂——AIGC重塑经典，创启未来华章》，同时在创新创业大赛中屡获佳绩，如第十四届“挑战杯 ”广东大学生创业计划终审决赛中荣获银奖、广东职业技术学院校赛铜奖等，更是在暑假参加了大学生三下乡社会实践活动暨“百千万工程突击队”深度挖掘石湾陶塑文化并举办公益游学课程，传承石湾非遗陶塑，赢得了社会各界的广泛认可与高度评价。\n《智陶新蕴》项目不仅是一次对传统非遗文化的创新性探索，更是对新时代大学生创新创业精神的生动诠释。它证明了在坚持文化自信与创新引领的双重驱动下，传统文化与现代科技能够完美融合，共同开创出更加辉煌的文化新篇章。未来，项目团队将继续深耕这一领域，推动石湾陶塑艺术走向世界，让中华优秀传统文化在新时代绽放更加璀璨的光芒。\n'),(4,'AI,小冈———革命老区的数智化“AI代言人”','0','0','0','1.创业项目简介\n随着国家对于红色旅游的持续推广和智能科技的快速发展，结合井冈山革命根据地的历史背景，我们提出了“AI小冈”项目。该项目旨在通过创新技术提升红色旅游的教育意义和文化传播力，增强广大人民群众尤其是青少年对国家历史的认识和爱国精神的培养。\n短期内，我们将完成项目的研发工作，并开展小规模的用户测试以优化产品体验。中期，我们计划与井冈山革命根据地及广东佛山高明区的相关部门建立合作关系，整合红色资源，丰富内容库，并在上述地区进行试点推广。长期目标是将AI小冈打造成为全国红色旅游教育的标杆项目，并探索国际市场的可能性。\n本项目通过将AI技术与红色旅游相结合，不仅能够为游客提供更加生动、互动的旅游体验，还能有效传承红色文化，强化国民对国家革命历史的了解和记忆。特别是对年轻一代，这种新型的红色教育方式有助于培养他们的爱国情感和社会责任感，同时激发他们对历史知识的兴趣和探索欲望。此外，项目的实施也将促进当地经济的发展，为相关从业人员提供新的就业机会，推动红色旅游产业的升级转型。\nAI小冈是立足当前，展望未来，致力于将革命传统与现代科技完美融合，为广大人民群众特别是青少年搭建一个学习历史、感悟精神、传承文化的平台。我们坚信，通过不断的努力和创新，该项目必将成为连接过去与未来，传递红色基因的重要载体。 \nAl文旅旨在传承和弘扬红色文化，将革命历史与现代旅游相结合，推动红色资源的活化与利用。当前，随着旅游业的快速发展和人们对精神文化需求的增长，红色旅游已成为一种重要的旅游形式。本项目旨在通过深度挖掘红色资源，打造独具特色的红色旅游线路和产品，满足游客对于红色文化的体验需求。本项目以传承红色文化为核心，致力于打造集红色教育、红色旅游、红色体验于一体的综合性文旅项目。通过整合红色资源，提升红色旅游的品质和影响力，使其成为爱国主义教育的重要基地和文旅融合发展的新亮点。项目将围绕红色资源，开发多样化的旅游产品。包括但不限于红色教育基地、红色景区、红色文化体验活动等。同时，结合当地特色，打造独具魅力的红色旅游线路，提供游客深入了解和体验红色文化的机会。预计项目实施后，将显著提升红色旅游的影响力和吸引力，带动当地经济发展，增加就业机会。同时，通过红色文化的传播，增强游客的爱国情感和文化自信，实现经济效益和社会效益的双赢。\n基于“十四五”规划中提到的“建成文化数字化基础设施和服务平台，实现线上线下融合互动、立体覆盖的文化供给 ”和红色旅游与文化传承的大背景下，针对传统导游服务中存在的人力资源限制、个性化服务欠缺以及多语种服务需求等社会痛点，我们团队提出了一种基于人工智能技术的智能数字人AI小冈。AI小冈旨在提供一种全新的互动式和个性化的旅游体验，通过集成语音识别、自然语言处理、增强现实等先进技术，为游客打造一个智能化的红色旅游导览IP。\nAI小冈的核心理念是“智慧引领，历史新体验”。我们致力于将人工智能技术与红色旅游文化相结合，创造一个既现代又不失传统魅力的旅游新模式。通过智能化的服务，我们希望激发游客对红色历史文化的兴趣，同时为他们提供一个高效、便捷且富有教育意义的旅游体验。我们相信，这种融合了科技与文化的智能数字人AI导游将开启红色旅游的新纪元，助力历史文化的传承与发展。\n2.创业负责人经历阐述\n项目负责人赖文娟是我校电子商务专业在读学生，专业知识基础扎实，学习成绩优秀，平均成绩达90.02分，在校期间将学业与创新创业相结合，斩获国家级奖项1项，市级奖项2项，校级奖项5项，院级奖项5项。\n3.	创业项目成效成果\n一、真实可靠的红色实践数据支撑：\n1.在以前的红色宣讲中，反响很好，受到了三所中学同学们的热烈欢迎、领导和老师们的高度认可，教育效果显著，为3000多位学生进行党史宣传教育的系列宣讲。\n2.之前的团队成员撰写了两篇8000字以上的调研报告和实践过程，提升了活动的思想性；成功在中青校园APP和今日头条APP发布发布，扩大了党史学习教育的影响力，让更多的青年大学生坚定了“永远跟党走”的意志信念，这也是为宣传井冈山红色文化打下了可靠坚实的数据基础。\n3.通过红色宣讲，团队在各个新媒体平台已经有了一定的群众基础和可靠有效的数据支撑，为大力传播井冈山红色文化奠定坚实的基础。\n二、电商直播技术支撑：\n1.高清摄像头与音频设备：确保直播画面的清晰度和音质。\n2.稳定的直播系统：保障直播过程的流畅性和稳定性。\n3.数据分析与监控：对直播数据进行实时监控和分析，为优化直播策略提供依据。\n4.专业团队：团队里有电商专业的成员，配备有电商研究方向的指导老师。\n三、科学的运营策略以及工作团队\n1.多元化推广：利用社交媒体、短视频平台等多渠道进行直播预告和宣传井冈山红色文化。\n2.工作团队：我们组建了一支高效协作的工作团队。团队成员来自不同专业背景，团队成员各自拥有独特的技能和专长，优势互补，在这个团队中，每个人都能够充分发挥自己的优势，为传播红色文化、促进井冈山当地经济发展贡献自己的力量。\n'),(5,'变废为宝“纱”里淘金，走绿色可循环发展道路','0','0','0','本项目立足学校省级重点数字媒体设计专业群，将学校职业设计教育与家纺行业需求进行深度产教融合，以环保、安全、功能等为新技术的突破口，为香云纱家纺拼布艺术行业研发新型未来设计与销售模式，并根据国家科技创新与创业驱动战略，以“生产商—供应链—品牌”的商业模式，对产品的设计与构建严谨把关，解决传统香云纱家纺存在诸多的功能欠缺技术难题；结合国家乡村振兴战略和实现伟大中华民族复兴中国梦，在家纺市场优势的广东省，建立香云纱拼布家纺研究所，深化现代人工智能和空间“元宇宙”的研发力度，以全球为推广应用为目标，拉动我国新一代民族地域家纺艺术发展，更好地为当今和未来社会的生活着装家纺创意发展服务。有助于推动乡村振兴，激发创新创业精神，更好弘扬正确的价值观。\n项目团队充分发挥广东职业技术学院的专业优势与地理优势，构建多专业优势互补创业团队。在创新创业和团队师生缪力同心、辛苦付出的努力下，在学校各位领导的关心支持下，积极参加创新创业教育实践活动。目前在申请提交数个外观专利申请，目前提交的专利申请有外观3个，实用新型3个，发明1个。目前我们结合3d打印技术以及VR效果仿真技术研发新产品，我们的产品涉及多个领域，市场范围广。目前我们项目团队已研发出家纺类、饰品类、文创类三大类别产品，每一类产品都研发出了一个系列的产品，已拥有三个系列产品。我们团队以解决香云纱碎布料变废为宝的问题，带动荔村周边企业的发展，间接提供了120个再就业的岗位，缓解了荔村剩余劳动力的问题，为推动乡村振兴了力量。'),(6,'“智慧大棚”-农业智慧转型的引领者创业实践案例 ','0','0','0','2022 年和 2023 年暑期，我们在指导老师的带领下，深入广东省河源市东源县上莞镇进行了智慧农业\n调研。上莞镇位于粤北山区，拥有丰富的森林资源，是该地区重要的生态屏障和水源地。然而，在现代社\n会的快速发展中，城乡之间的差距依然显著，成为一个亟待解决的重要问题。随着国家乡村振兴战略的深\n入实施，农村发展迎来了前所未有的机遇与挑战。 \n智慧大棚是一种应用物联网、大数据、云计算等现代信息技术，实现对大棚内环境的精细化、智能化\n管理的农业设施。通过在大棚内安装各种传感器，实时监测环境参数，如温度、湿度、光照、二氧化碳浓\n度等，并通过数据采集与处理平台进行数据分析，为农业生产提供决策支持。智慧大棚可以自动调节灌溉、\n通风、遮阳等设施，以满足作物生长的最佳需求，从而提高作物产量和品质。此外，智慧大棚还可以实现\n水肥一体化技术，精准施肥和灌溉，减少资源浪费，提高资源利用效率。同时，通过智能管理，可以降低\n能源使用和排放，实现环保节能。 \n智慧大棚项目可以提高农业生产效率，促进农业可持续发展，增加农民收入。通过实施智慧大棚项目，\n可以带动当地农业的技术进步，推动农业现代化发展。而本项目的智慧大棚不仅升级了检测系统，还增加\n了针对 CO2的检测调控技术，增加植物有机物含量，致力于打造绿色 AA 级高品质健康食品。 \n在当前的社会发展背景下，科技创新已成为推动各行各业发展的重要力量。农业领域亦不例外，通过\n引入先进的科技手段，智慧农业正在逐步改变传统的农业生产方式，不仅提升了农业生产效率，还促进了\n生态环境保护和经济发展。东源县上莞镇便是这一变革中的佼佼者，通过实施一系列绿色生态项目，特别\n是建设智慧农业示范园，展现了智慧农业的巨大潜力。 \n东源县上莞镇的智慧农业示范园是一个典型案例。在示范园中，采用了现代信息技术、物联网、大数\n据、人工智能等先进技术，实现了农业生产的智能管理。这些技术的应用极大提高了农业生产的智能化水\n平，如通过精准的农业数据分析，实现对农作物生长周期的智能调控，从而达到提高产量和质量的目的。 \n除了提高农业生产效率外，智慧农业示范园还注重农产品的质量提升和市场竞争力增强。通过建立集\n生产、加工、销售、科研、观光于一体的农业科技产业园，不仅吸引了更多高科技企业和人才参与到乡村\n振兴工作中来，还为当地居民创造了大量就业机会，同时也为农产品开拓了更广阔的市场空间。这种以科\n技创新为核心的农业转型升级，正成为推动农业高质量发展和农业现代化进程的关键动力。 \n此外，东源县上莞镇的实践也充分证明了科技创新在促进农业可持续发展方面的重要作用。通过优化\n资源配置和改善生产环境，智慧农业有效减少了化肥和农药的使用，提高了资源利用率和环境友好性。同\n时，通过建设高标准农田和采用生物质能源驱动的农机具，东源县上莞镇不仅提升了农业生产效率，也为\n应对气候变化作出了积极贡献。  \n总之，东源县通过建设智慧农业示范园等一系列举措，不仅推动了农业生产效率和农业产品的质量提\n升，更为当地经济发展开辟了新的路径。这一切都表明，依靠科技创新，实现农业现代化的道路是可行且\n充满希望的。未来，随着科技的不断进步和应用模式的进一步优化，智慧农业将在促进乡村振兴、推动地\n方经济发展方面发挥更加重要的作用。 '),(7,'绮彩智纺——数智化创新赋能传统纺织行业升级转型','0','0','0','为全面贯彻落实《国务院办公厅关于进一步支持大学生创新创业的指导意见》与习近平总书记关于职业教育的重要指示，践行新发展理念，深化教育教学改革，坚持创新引领创业、支持在校大学生提升创新创业能力，促进大学生全面发展，同时培育新质生产力，赋能产业发展。广东职业技术学院《绮彩智纺——渐变纱线数智化研发与制备》创新创业项目团队，依托于国家级创新创业实践基地、国家级纺织服装生产性实训基地、国家级骨干专业等多项优势，积极响应纺织工业联合会提出的建设纺织现代化产业体系行动，深入调研当前民用纺织服装行业，发现当下渐变纺织品是时尚纺织品的潮流。但渐变纺织品存在以下三大痛点，一、时尚痛点——渐变范围小过渡僵硬；二、技术痛点——渐变纱线生产设备复杂稳定性差；三、环保痛点——染色工序繁琐，污染大。项目团队通过对现有环锭纺细纱机进行设备改造，增加对牵伸驱动电机的PLC电子控制系统，并自主研发数智化匹配系统实现对牵伸罗拉配速控制，在保证纱线等线密度的基础上，实现对纺纱过程中纱线不同纱段纤维比例的变化，从而制备出色彩细腻，过渡均匀且生产环保性极高的渐变纱线，更好地满足广大人民群众对时尚美的追求。\n项目负责人自高中起便对时尚潮流服饰产生浓厚兴趣，高考时毅然填报纺织专业，希望通过自己对纺织专业的刻苦学习，为我国时尚纺织行业增添新的活力，同时为传统纺织行业转型升级贡献自己的绵薄之力。\n项目团队充分发挥我校全国高职高专排名第一的纺织专业优势，构建多专业优势互补的创新创业团队，实现学科交叉互补，专创融合。项目团队学校创新创业学院的培育下经过团队成员的不屑努力，以及指导老师的悉心指导，在第五届广东职业技术学院创新大赛中获得校赛铜奖。团队成员个人认知得到突破，创新思维、实践能力、复杂问题分析能力均得到显著提升。\n'),(8,'新型排污防堵井盖-雨天人民的“守护者”','0','0','0','随着城市规模的不断扩大，使得地下管道的数量和范围也在不断扩大，井盖的数量也随之越来越大庞大，井盖需求量也随之增加。在河南、山西等城市发生特大暴雨灾害中，传统井盖不仅无法系统排水，还会被积水冲走，造成一系列安全的问题，而且每年新增和更换的井盖数量至少在1500万套以上。因此，井盖行业会朝着多功能井盖的方向的发展。新型排污防堵井盖满足社会需求，迎合了井盖行业的发展，努力为人民服务做雨天的守护者。井盖行业消费不断更新，井盖行业中铸铁井盖总体上呈上升趋势，水泥、硅塑井盖呈下降趋势，从消费数据看，铸铁井盖在井盖行业中占主流，根据铸铁井盖的相关原料及相关功能，说明井盖行业内多功能、安全性能的井盖日益成为井盖行业的发展趋势，与此同时新型排污防堵井盖具有多功能作用，不仅具有排水功能，且排水功能强，同时能通过振动解决垃圾堵塞问题，相对于传统井盖性能强，随着井盖行业消费趋势，多功能井盖无疑会越来越受到市场的关注成为主流。新型排污防堵井盖由五个部分组成，第一部分是压控井盖，压控井盖四边有两排通孔，通孔直径10厘米。第二部分是外框支架，外框支架由外框铸钢体和里面支架钢管组成。第三部分是有一个磁控水桶，由不锈钢制成，其下面有挡片弹簧等结构。第四部分是永久磁铁，是加了合适电镀保护的，有较好的防腐蚀作用，磁铁采用稀土永磁铁材料。第五部分是中心球柱、横板、连接板、这些辅助材料组合而成。本产品运行的思路是，利用水流抬起井盖，并不断振动来清理淤泥堆积物。在不断的流水进入时，下面的挡片能不断打开、关闭；上面的盖子能不断地顶起、放下。'),(9,'美育“童”行——赋能乡村儿童美育','0','0','0','响应习近平总书记提出的“以美育人，以文化人”指导思想，为解决乡村儿童美育帮扶持续性弱、专业性差、对象泛化的痛点，美育“童”行团队将持续深化美育教育，推动乡村学校的美育课程体系建设，培养具备美学素养的活动力量；加强家校合作，提升家长对美育的认识，共同为乡村儿童创造美好的成长环境；进一步拓展美育活动形式，如组织绘画、音乐、舞蹈等比赛，激发乡村儿童的艺术潜能；积极开展线上线下美育交流，分享优秀经验和实践成果，不断提高乡村美育教育质量。在此过程中，期待更多爱心人士和社会力量加入我们，共同为乡村儿童的全面发展贡献力量。\n相信通过团队的努力，一定能够赋能乡村美育！\n项目团队充分发挥学前教育师范专业优势，构建多专业优势互补创业团队。在创新创业和团队师生缪力同心、辛苦付出的努力下，在学校各位领导的关心支持下，积极参加创新创业教育实践活动。现已评为国家美育教育志愿服务团队（国级）、入选广东省美育计划项目帮扶团队（省级）、大学生暑期文化科技卫生百千万工程“三下乡实践活动”重点项目（省级）、广东省第十二届运动会志愿服务组织贡献奖（省级）、佛山市高明区最美志愿服务组织（区级）、年度高明区“最美志愿项目”（区级）、设立4个美育基地，合作23所学校，输出1800个课时(服务成效）。'),(10,'脊不可待——做脊柱侧弯矫形衣的智能革新者','0','0','0','随着现代生活方式的改变，青少年长时间坐姿不良以及缺乏运动等原因，脊柱侧弯问题日益凸显。脊柱侧弯不仅影响青少年的身体外观，还可能对其身体健康造成严重影响，如心肺功能受损等。目前市场上对于有效的脊柱侧弯矫形仪需求迫切，而大学生作为充满创新活力和社会责任感的群体，广东职业技术学院《脊不可待——做脊柱侧弯矫形衣的智能革新者》创新创业项目团队，致力于开发一款高效、舒适、便捷的脊柱侧弯矫形衣。\n项目整合了学校、医院、残联和企业资源，运用数字技术和智能化手段为轻度脊柱侧弯患者定制矫形衣。旨在实现脊柱侧弯矫形衣在时尚设计、个性化定制、智能化集成、耐用性和舒适性以及穿脱性能等方面的创新,帮助轻度脊柱侧弯患者改善生活质量。已设计并制作脊柱侧弯矫形衣1款，申请专利2项。\n在创新创业和团队师生缪力同心、辛苦付出的努力下，在学校各位领导的关心支持下，团队积极参加创新创业教育实践活动。获得第四届“尚新创客”大学生创新创业比赛学院选拔赛三奖，第七届高明创意创新创业大赛（社会组）三等奖，第七届中国国际“互联网+”大学生创新创业大赛广东省分赛青年红色筑梦之旅赛道决赛铜奖等20余项奖项，广受赞誉。'),(11,'双语援童梦——助力乡村教育公益发展践行者','0','0','0','项目团队通过基层志愿服务和实践活动，将普通话和英语语言教育融入乡村治理中。自 2023 年起，教育学院突出青年特色，创新学习形式和载体，依托“党建＋思政＋语言”育人模式，借助“百千万工程”实践活动，把党建引领、志愿服务、语言教育和专业提升有机结合，充分发挥专业优势，促进乡村语言教育发展。基于现有的资源基础，本项目主旨是通过志愿帮扶，为乡村村民提供普通话和英语语言教育，从语言文化挖掘、传承、推广等方面入手，助力乡村治理。旨在提高当地村民的语言沟通水平，尤其是普通话和英语水平，使他们能够有效跟外地游客沟通交流，推动乡村振兴，做新时代美丽乡村建设的赋能者。\n项目团队充分发挥学前教育师范专业优势，构建多专业优势互补创业团队。在创新创业和团队师生缪力同心、辛苦付出的努力下，在学校各位领导的关心支持下，积极参加创新创业教育实践活动。现已荣获广东职业技术学院大学生讲思政课三等奖、广东省挑战杯绿美广东调查报告推荐省赛、“立志修身报国”主题教育活动读书心得交流微视频二等奖、暑期文化科技卫生“三下乡”社会实践一等奖、暑期文化科技卫生“三下乡”社会实践三等奖、广州市增城区百千万工程活动优秀项目、广东职业技术学院十四届挑战杯“铜奖”。'),(12,'“绿盾计划”——绿水青山守护者项目创业实践案例','0','0','0','2022年和2023年暑期，本团队在指导老师的带领下到连南瑶族自治县调研，一个位于粤北山区，被广袤森林覆盖，森林资源极为丰富，同时也是广东省重要的生态屏障和水源地。但收到气候和当地交通条件的影响，每年森林火险等级偏高，森林火灾威胁较大，这对当地生态平衡和经济发展构成了挑战。\n因此，我们在2023年下半年成立了一支由一群关心生态环境保护、热心于森林防火事业、专业能力较强的学生团队“森林守卫者”，在指导老师的带领下，致力于研究森林火灾预警的各项技术，实地考察林地状况，开展防火实验，训练实验数据，申报森林防火预警相关项目，对相关技术进行研究。我们的目标是通过分析森林健康状况，提升森林防火能力，为连南瑶族自治县的林业经济绿色发展和生态环境保护提供有力支持。项目的核心技术是基于热成像技术的Retinex多级点阵校正算法，旨在准确评估森林状况，为当地政府提供科学的决策依据，从而推动扶贫工作的深入进行。\n自项目启动以来，“森林守卫者”团队在连南瑶族自治县的森林监测和管理方面取得了显著成果。通过应用基于热成像技术的Retinex多级点阵校正算法，我们成功实现了对森林健康状况的实时监测和评估，有效提升了森林防火预警的准确性和及时性。这一技术不仅为当地政府提供了科学的决策支持，还促进了当地林业经济的健康发展，为连南瑶族自治县的扶贫工作注入了新的活力。此外，我们的项目还吸引了国内外多家专业机构的关注，为后续的技术合作和市场拓展奠定了坚实的基础。通过与当地政府和社区的紧密合作，我们不仅实现了技术的创新应用，还促进了当地生态与经济的和谐发展，为实现可持续发展目标做出了积极贡献。'),(13,'“小汽车大梦想”——新能源汽车科普工坊','0','0','0','一、创业项目简介\n“小汽车大梦想”是广东职业技术学院汽车与交通学院岭南乡村振兴突击队发起的一个创新创业项目，旨在通过新能源汽车科普工坊，为广东地区尤其是乡镇青少年提供优质科普服务，激发他们对科技创新的兴趣，提升科学素养，同时助力乡村振兴。项目依托于学校科普基地和一汽大众佛山分公司，结合规范化、标准化的基地研学、科普工坊、实践课包、线上科普等多种形式，全面推广新能源汽车知识。\n二、创业负责人经历简述\n项目负责人郑楷烨，是广东职业技术学院汽车与交通学院的学生，拥有强烈的社会责任感和创新创业精神。他带领“岭南乡村振兴突击队”，结合团队在汽车制造、智能网联等多个专业的背景，将新能源汽车科普与乡村振兴紧密结合，通过一系列富有成效的科普活动，提升了农村青少年的科学素养。\n郑楷烨在校期间积极参与各类创新创业活动，具备丰富的项目管理经验。他不仅负责整体项目的规划、执行和监控，还积极协调各方资源，确保科普活动的顺利进行。他的努力得到了学校和社会的广泛认可，多次获得创新创业类比赛的荣誉。\n三、创业项目成效成果\n1. 市场影响力显著扩大\n项目在佛山市、韶关市和清远市等地的中小学和社区开展了60余场线下科普志愿服务，服务人数超过5400人，广受好评。通过多样化的宣传渠道和丰富的活动内容，项目成功吸引了大量家长和学生的关注，显著提高了新能源汽车科普的社会影响力。\n2. 科普教育资源丰富多样\n项目已培育一个主品牌科普工坊，制作了32节优质课程，其中4门精品课已进行版权登记。同时，团队还获得了三项与新能源、环保相关的实用新型发明专利，成员的创新思维和技术研发能力持续增强。\n3. 社会效益显著\n通过科普活动，孩子们不仅学习到了新能源汽车的基本知识和技术原理，还培养了环保意识和科学探索精神。许多孩子表示，活动让他们对新能源汽车产生了浓厚兴趣，并激发了他们未来投身科技事业的决心。此外，项目还带动了农村地区的科普教育发展，为乡村振兴贡献了重要力量。\n4. 媒体关注度高\n项目得到了多家媒体的关注和报道，包括人民网、中青网、南方＋官方公众号等。这些报道进一步提升了项目的知名度和影响力，为后续的推广和合作奠定了坚实基础。\n5. 获奖情况\n项目在各类创新创业和科普教育比赛中屡获佳绩，如获得广东省益苗计划示范项目、广东职业技术学院大学生创新创业大赛银奖等荣誉。这些奖项不仅肯定了项目的创新性和实践成果，也为项目团队带来了更多的资源和支持。'),(14,'制柚为“油”飘香梅州，用精油助力乡村振兴','0','0','0','习近平总书记2023年在广东省考察的过程中提到“推进中国式现代化，必须全面推进乡村振兴，解决好城乡区域发展不平衡问题”。因此广东职业技术学院的《柚提兴农-整合废柚之精油，助力乡村之振兴》项目基于梅州三农现状调研结果，深入研究检索资料并结合自身所学的化工专业知识，了解到金柚的皮、籽、叶所含精油量高，价值大。该精油经测定得出其化学成分具有芳香性和药理药效作用，其在医药、化妆品、食品等多种行业都具有较高的潜在应用价值。如果能指导农民在自家农村提取开发柚子精油，将能提高农民收入与生活水平，有助闲散农民原地就业，将废弃柚子变废为宝，延申金柚产业发展。\n项目发起人黄子坤积极参加大学生暑期三下乡活动，发现家乡存在不少困境，影响当地的发展，作为化妆品技术专业学生，他希望用专业所学带领家乡走向创新致富之路。在上大学后，他联合几位志同道合的同学，共同发起柚提兴农项目。他凭借扎实的专业知识、敏锐的市场洞察力和不懈的努力，带领团队克服重重困难，逐步将项目推向正轨。\n项目的主营业务主要是整合各类资源，携手农民建立农村集体作坊，指导作坊操作专业化设备技术，量化考核后确定农民的数目并与他们签订合同。团队的核心技术（三步提取法）是作坊能用会用的精油提取技术，主要供应和服务支持于作坊，其次再推广到农村中小型企业和城镇大型企业，以此带动农业增效，农民增收。\n项目团队充分考虑“多边发展”，实现成员多专业优势互补。在创新创业和团队师生缪力同心、辛苦付出的努力下，在学校各位领导的大力支持下，项目积极参加各种下乡活动以及创新创业教育实践活动。目前项目已获得多项专利，并发表了多篇相关论文，被主流媒体争相报道；项目获得多项荣誉，其中包括获得首批广东“百千万”工程突击队示范项目、广东省“益苗计划”品牌项目以及广东省第十四届“挑战杯”省赛银奖等多项奖项。'),(15,'创造美丽乡村，艺术兴村富民','0','0','0','《绘创造美﹣﹣一支画笔，做美丽乡村建设的赋能者》项目以艺术创意为引领，旨在通过开展乡村彩绘活动，美化乡村环境，促进乡村旅游和地方经济发展，进而推动乡村振兴。项目着眼于乡村美学教育和文化建设，通过组织彩绘课堂、文化墙设计和壁画创作等活动，激发村民参与乡村建设的热情，增强他们的文化自豪感和归属感。\n项目负者人刘东旭，毕业于服装设计专业。作为退役大学生士兵，他对乡村振兴有着自己独到的见解，也深知艺术在乡村振兴中的独特价值。于是他结合自身艺术专业优势，召集了一群志同道合、心怀梦想的年轻人，用热情和才能，将希望的色彩带到乡村墙面和乡村课堂中，用实际行动践行乡村治理和文化振兴的使命。\n自项目启动以来，团队成员深入高明区村镇、社区共45个自然村、社区进行实地走访、调研勘察。累计开展墙绘活动55场，参与志愿者达410人，墙绘作品159幅，合计1824㎡，惠及附居民约114400人。这些作品不仅美化了乡村环境，还吸引了大量游客前来观光旅游，带动了当地乡村旅游产业的发展。同时，项目团队还积极组织彩绘课堂、文化讲座等活动，培养了一批乡村艺术人才，为乡村文化的传承与发展注入了新的动力。项目先后荣获“2023年广东省暑期“三下乡”社会实践活动优秀团队”、“十四届挑战杯省赛银奖”等多项荣誉。此外，项目还吸引了多家媒体的报道，进一步扩大了社会影响力，为更多乡村带来了美的改变与希望。'),(16,'独具一革项目创业实践案例','0','0','0','创业路上的绿色足迹，一位环保先锋的有机硅皮革项目纪实\n在环保与可持续发展成为全球共识的今天，我们团队——独具一革，一群怀揣梦想与热情的大学生，瞄准了传统皮革行业转型升级的契机，创新性地推出了“独具一革”的有机硅皮革项目。项目秉持绿色发展理念，通过三层高性能结构、复合面层再造技术、高粘性粘接技术以及多功能微胶囊技术的四大创新技术，使皮革具备优异的耐磨耐候性和抑霉抑菌特性，且符合绿色健康标准，有效解决了传统皮革在力学性能、抑菌效果和环保效益方面的不足。同时还致力于打造100%的绿色环保生产工艺，推动有机硅皮革行业的绿色发展，为提升人们的生活质量和推动社会可持续发展做出贡献。\n项目负责人莫希儿，毕业于广东职业技术学院服装设计专业，在校期间不仅成绩优异，更积极参与各类创新创业实践活动。大一期间她就深知服装行业对环保材料的迫切需求，以及在可持续发展道路上的巨大潜力。她凭借扎实的专业知识、敏锐的市场洞察力以及不懈的努力，组建了一支跨学科的创业团队，包括材料科学、市场营销及供应链管理等多领域人才，共同推动“独具一革”项目的落地与实施。\n项目团队充分发挥广职纺织学科全国高职院校排名第一的专业优势，构建多专业优势互补创业团队。在创新创业和团队师生缪力同心、辛苦付出的努力下，在学校各位领导的关心支持下，积极参加创新创业教育实践活动。现已授权11项国家发明专利，获得“建行杯”中国国际大学生创新大赛广东分赛金奖、第十四届“挑战杯”广东大学生创业计划竞赛终审决赛银奖、第五届广东职业技术学院大学生创新大赛冠军，校园创客第一届“万讯杯”校园微电影大赛一等奖，“联通杯”第十一届广东大学生绿美广东节能减排工业设计竞赛三等奖，等各类创新创业大赛奖项20余项奖项，广受赞誉。\n创新创业之舟扬帆起，破浪前行志气昂。恰似“长风破浪会有时，直挂云帆济沧海”，我相信莫希儿同学肯定会以梦为马，不负韶华，于时代浪潮中勇立潮头，用智慧与汗水浇灌出创新的花朵，绽放于未来的广阔天地！'),(17,'智新生物菌剂——铸造科技治污强国','0','0','0','科技创新大潮澎湃，千帆竞发勇者胜。智新生物团队牢记习近平总书记关于职业教育的重要指示，践行新发展理念，深化教育教学改革，坚持创新引领创业，支持在校大学生提升创新创业能力，促进大学生全面发展。我们以科技之力挑起国家大梁。\n广东职业技术学院智新生物环境友好型特种生物除油菌剂开拓者创新创业项目团队经过两年的刻苦钻研。我们团队进行了四项技术革新，首先，得到针对特种含油废水的功能性菌株；其次，我们利用多孔生物质基质+油性保护剂，提高菌剂的活性和稳定性；再次，用农业固废和工业固废制成生物碳复合胶凝载体材料；最后，团队还自主设计了可在工厂内运行的生物反应器。利用生物除油菌剂联合生物碳复合胶凝载体材料处理含油废水，废水中的COD氨氮，总氮，总磷降解率可达90%。\n智新生物团队产学研协同发展。在学校各方的重视下，积极参加创新创业教育实践活动。团队不仅在学校创新创业大赛中取得铜奖，学院创新大赛中取得亚军，而且目前已与两家公司签订了技术委托合同。智新生物团队必能不负总书记嘱托，致力于以生物菌剂之刃，助力治污之路。\n\n'),(18,'恒准久控','0','0','0','控温服是目前户外工作环境中最为常见的个体防护装备，作业人员通过穿戴控温服可实现人体热量的转移，从而达到控温和维持人体热量平衡的目的。随着科学技术的迅猛发展，相变蓄热技术正被广泛应用在服装调温领域，相变降温服依靠材料的相变蓄热，吸收户外环境下人体多余的热量，在人体周围形成基本稳定的“衣内微气候”环境，可以为作业人员提供舒适的热环境，户外作业人员工作时间的延长和工作效率的提高都具有积极作用。\n项目团队“恒准久控”是一个由大学生自主创建研发、师生合作共创的新型相变材料科技型项目。本项目旨在研发适用于不同环境温度的有机类固-液相变材料，项目开发的产品控温效果好，材料稳定不易泄露，穿戴轻便，舒适，大大提高了恶劣环境下的作业人群工作效率，从而解决了现有相变材料控温效果不佳，易泄露、不稳定，穿戴繁重不舒适等题。\n项目负责人陈嘉豪为高分子材料智能制造技术专业，申请专利三项，曾获第九届中国国际大学生创新大赛国赛铜奖，团队成员皆为来自各个专业的杰出学子，共同发挥跨学科优势，增强团队的综合竞争力。\n团队已申请8项专利，其中4项已授权，具有完全自主知识产权。团队已与两家企业签订171万元的意向订单，预计到2025年营业收入可达530.32万元，2029年可达2663.76万元。团队以创业带动就业的号召，初步估计可直接带动就业53人，间接带动上中下游生厂企业680余人。\n\n'),(19,'纤丝结网——开启深海网箱新纪元','0','0','0','近年来我国海洋养殖业受台风天气影响就造成了134.2亿元损失。国家相继出台一系列政策，大力推进海洋渔业高质量发展。2023年4月，习近平总书记考察广东省湛江市东海岛时指出要树立大食物观，建设海洋牧场、“蓝色粮仓”。深海网箱是构建现代化海洋牧场的关键装备，而网箱质量在于网衣材料，加强高分子量聚乙烯纤维等材料的关键技术突破，以新质生产力赋能海洋牧场。广东职业技术学院《纤丝结网——开启深海网箱新纪元》创新创业项目团队，依托于国家级创新创业实践基地，积极响应国家号召。团队进行了技术攻关，研发出改性超高分子量聚乙烯纤维，有效解决了抗风浪性差，易脏污，价格贵三大痛点，助力海洋牧场。\n项目负责人卿凯榕是我校高分子材料智能制造技术学生。从小对材料类比较感兴趣，大一就加入了专业老师的课题组，参与横向课题（熔融法制备超高分子量聚乙烯用于低温过滤），逐步了解到超高分子量聚乙烯纤维的应用很广泛。党的十九大指出加快破除卡脖子问题，实现科技自立自强。一个偶然机会在网上了解到一个深海养殖渔民，由于极端台风天气，导致他的网箱破损，损失惨重。所以想着结合自身专业知识和实践能力，尝试通过改变加工工艺，解决网衣材料存在的致命问题。再加上23年习总书记赴湛江市考察，提出要建设海洋牧场、“蓝色粮仓”。就更加坚定了把项目做好的决心。\n团队于2022年10月成立，经过多次产品优化，到2024年6月，完成中试生产。项目负责人来自高分子材料智能制造技术专业，具备丰富的研发经验和团队管理能力。项目团队于2023年7月成立百千万工程突击队，多次到湛江等地深入走访调查，了解深海养殖网箱网衣存在的问题，为助力粤西全面建设海洋牧场贡献力量。于2024年2月—7月，分别湛江雷州半岛与山东日照进行实地试验，验证材料的抗冲击性与防脏污等关键性能。\n团队成员深度参与，成功申请7件国家专利，其中2件已授权，发表SCI论文2篇。获得中国国际大学生创新大赛（2024）广东省银奖。\n'),(20,'用科技创新引领社会福祉进步，实现双重突破','0','0','0','为全面落实《国务院办公厅关于进一步支持大学生创新创业的指导意见》和习近平总书记对职业教育的指导方针，深入推进新发展理念和教育教学改革，强调创新驱动在高质量发展中的核心作用，鼓励大学生参与科技创新，支持在校大学生提升创新和创业能力，广东职业技术学院的《数智安行智—三维扫描姿态感应智能轮椅》创新创业项目团队积极响应国家以人为本的发展战略，致力于为老年人和残障人士提供更安全、更高效的出行解决方案。项目团队依托国家级创新创业实践基地，通过3年的技术研发和迭代创新，突破了传统轮椅在出行安全和智能化方面的技术瓶颈。团队将三维扫描技术、四元数算法、脑电波监测技术和AI智能防翻倒系统融入智能轮椅设计中，并采用模块化配置方案，使用户可以根据个人需求选择不同的功能模块，实现个性化配置。这款智能轮椅显著提升了老年人和残障人士的独立生活能力和生活质量，同时增强了他们的社会参与度和行驶安全性。\n项目团队充分发挥了广东职业技术学院在智能设备研发和应用方面的优势，组建了一个多专业协作的创新创业团队。在师生共同努力和学校领导关心支持下，团队积极参与创新创业教育实践活动，取得了显著成果。目前，团队已获得13项国家发明专利，并在各类创新创业大赛中获得多个奖项，包括2024年第十四届“挑战杯”广东大学生创业计划竞赛银奖、2024年中国国际大学生创新大赛广东省铜奖，以及其他创新创业和科技竞赛中累计获得50余项奖项，广受赞誉。\n'),(21,'滴水不沾——持续强化“双创”教育，坚持创新攻坚之路','0','0','0','为全面贯彻落实习《国务院办公厅关于进一步支持大学生创新创业的指导意见》和近平总书记关于职业教育的重要指示，践行新发展理念，深化教育教学改革，坚持创新引领创业、支持在校大学生提升创新创业能力，促进大学生全面发展。广东职业技术学院《滴水不沾——开启防水涂料新时代》创新创业项目团队，依托于国家级创新创业实践基地，积极响应国家以人为本的发展理念，利用改性异氰酸酯预聚体与聚天门冬氨酸酯（简称天冬树脂）等多组份混合反应而成。天冬树脂是一种仲胺类化合物，具有独特的位组效应，比普通脂肪族胺类树脂活性下降很多，聚脲涂料是一种常用的涂料材料，具有良好的防水和防腐性能。\n项目团队充分发挥广职院轻工、纺织等专业优势，构建多专业优势互补创业团队。在创新创业和团队师生缪力同心、辛苦付出的努力下，在学校各位领导的关心支持下，积极参加创新创业教育实践活动。现已授权一项国家发明专利，并申请两项国家技术专利。获得第十届中国国际“创新创业大赛”校赛铜奖。\n'),(22,'项目赋能创新创业教育发展   擦亮双创教育“底色”','0','0','0','为深入贯彻落实《国务院办公厅关于进一步支持大学生创新创业的指导意见》文件精神以及习近平对职业教育工作作出的重要指示，我校不断强调加快构建现代化的职业教育平台培养更多高素质技术技能人才。在师生和校企的联动下，学校双创团队持续培育“创文化”土壤，激发师生“想创”的动力，构建创客教育体系，提升“会创”的能力，搭建双创孵化基地，增强“能创”的活力。广东职业技术学院“安燃无恙—打造新一代彩钢型材防火中国芯”项目团队，依托学院高分子材料专业优势、学校创新创业孵化基地，积极打造双创核心能力；践行“预防为主，生命之上”理念，致力于研发具有高阻燃复合型型材防火的芯材材料。团队创新红外固化、蜂窝排列结构进行技术，历经2年攻克彩钢型材易燃、易脱落、抗压差的难题。\n本团队聚焦“阻燃”技术领域，发挥各专业特色优势、学科交叉融合。共申请5项核心专利，参与大学生创新创业训练计划（2023）获得优秀结题项目；参加第十七届“挑战杯”广东省课外学术科技作品竞赛“绿美广东”专项赛、第九届中国国际“互联网＋”大学生创新创业大赛广东省分赛、第十四届“挑战杯”广东大学生创业计划竞赛、第七届全国职业院校高分子材料创新创业大赛等20多项竞赛，取得省级荣誉1金2铜的成绩。\n\n');
/*!40000 ALTER TABLE `work` ENABLE KEYS */;
UNLOCK TABLES;
/*!40103 SET TIME_ZONE=@OLD_TIME_ZONE */;

/*!40101 SET SQL_MODE=@OLD_SQL_MODE */;
/*!40014 SET FOREIGN_KEY_CHECKS=@OLD_FOREIGN_KEY_CHECKS */;
/*!40014 SET UNIQUE_CHECKS=@OLD_UNIQUE_CHECKS */;
/*!40101 SET CHARACTER_SET_CLIENT=@OLD_CHARACTER_SET_CLIENT */;
/*!40101 SET CHARACTER_SET_RESULTS=@OLD_CHARACTER_SET_RESULTS */;
/*!40101 SET COLLATION_CONNECTION=@OLD_COLLATION_CONNECTION */;
/*!40111 SET SQL_NOTES=@OLD_SQL_NOTES */;

-- Dump completed on 2025-05-15 12:46:53
